"id","checksum","price","location","title","beds","baths","area","property_type","furnishing","amenities","link","reactivated_date","source","scraped_at","transformed_at"
1,"0ca4015666a95e795e8665197eb7dc6b",7000000,"Hyde Park New Cairo Compound, 5th Settlement, New Cairo, Cairo","Only with 10% downpayment up to 10 years installments own your fully finished apartment in prime location at 5th settlement new cairo","3",2,160,"Apartment","Unfurnished","Built in Kitchen Appliances, Electricity Meter, Water Meter, Natural Gas, Landline, First Aid Medical Center, Gym or Health Club, Facilities for Disabled, Swimming Pool, Jacuzzi, Sauna, Steam Room, Day Care Center, Kids Play Area, Lawn or Garden, Barbeque Area, Cafeteria or Canteen, Shared Kitchen, Laundry Room, Laundry Facility","https://www.bayut.eg/en/property/details-503467463.html","2026-05-05 00:00:00","bayut","2026-05-07 10:19:39.287","2026-05-09 18:52:06.369049"
2,"49ab667fd90686354e155d719a9fb20c",8500000,"Taj City Compound, 1st Settlement, New Cairo, Cairo","A 3 bedroom corner apartment on the Suez Road in 12 year installments opposite The Spine Towers in Madinaty and close to Privado Al Rehab First Settle","3",3,150,"Apartment","Unfurnished","","https://www.bayut.eg/en/property/details-503466319.html","2026-05-04 00:00:00","bayut","2026-05-07 10:19:40.164","2026-05-09 18:52:08.077426"
3,"21e48996585f37063c06400ea7620d76",8500000,"Hyde Park New Cairo Compound, 5th Settlement, New Cairo, Cairo","Fully finished ready to move apartment for sale in Hyde park compound 5th settlement new cairo","3",2,148,"Apartment","Unfurnished","Built in Kitchen Appliances, Covered parking, Pets Allowed, Electricity Meter, Water Meter, Natural Gas, Landline, First Aid Medical Center, Gym or Health Club, Facilities for Disabled, Swimming Pool, Jacuzzi, Sauna, Steam Room, Day Care Center, Kids Play Area, Lawn or Garden, Barbeque Area, Cafeteria or Canteen, Shared Kitchen, Laundry Room, Laundry Facility","https://www.bayut.eg/en/property/details-503462210.html","2026-05-04 00:00:00","bayut","2026-05-07 10:19:40.403","2026-05-09 18:52:10.175045"
4,"e1fe65022fe45b47c61342fc69ee189c",23750000,"New Cairo, Cairo","Own your villa with just 5% down and pay over 10 years in the most luxurious compound in the heart of Tagamoa, next to the American University.","4",4,217,"Villa","Unfurnished","Covered parking, Pets Allowed, Electricity Meter, Water Meter, Natural Gas, Landline, First Aid Medical Center, Gym or Health Club, Facilities for Disabled, Swimming Pool, Jacuzzi, Sauna, Steam Room, Day Care Center, Kids Play Area, Lawn or Garden, Barbeque Area, Cafeteria or Canteen","https://www.bayut.eg/en/property/details-503458216.html","2026-05-04 00:00:00","bayut","2026-05-07 10:19:40.723","2026-05-09 18:52:12.334834"
5,"4cecaae1774dee4ff0a4ee681dd75518",25000000,"Palm Hills New Cairo Compound, 5th Settlement, New Cairo, Cairo","RTM VILA FINISHED OVER 8 YEARS | LOWEST DP ! fifth settlement 5th settlement new Cairo golden square phnc for sale RTM lowest price tagmo3","3",4,240,"Villa","Unfurnished","Built in Kitchen Appliances, Furnished, Covered parking, Electricity Backup, Pets Allowed, Electricity Meter, Centrally Air-Conditioned, Sea view, Central Heating, Water Meter, Double Glazed Windows, Storage Areas, Natural Gas, Landline, Study Room, Central A/C & heating, Balcony or Terrace, Lobby in Building, Service Elevators, Prayer Room, Reception/Waiting Room, First Aid Medical Center, Gym or Health Club, Facilities for Disabled, Swimming Pool, Jacuzzi, Sauna, Steam Room, Day Care Center, Kids Play Area, Lawn or Garden, Barbeque Area, Cafeteria or Canteen, Waste Disposal, Maintenance Staff, Cleaning Services, Business Center, Conference Room, Security Staff, CCTV Security, Shared Kitchen, Laundry Room, Laundry Facility, Broadband Internet, Satellite/Cable TV, Intercom, ATM Facility, 24 Hours Concierge, Maids Room, Freehold","https://www.bayut.eg/en/property/details-503460598.html","2026-05-04 00:00:00","bayut","2026-05-07 10:19:40.961","2026-05-09 18:52:13.915658"
6,"89b6bb30e4c1c1ff487fe59747aedec5",22500000,"Madinaty, Cairo","Villa for sale in madinaty, Quadro near food court and south park, 300sq","3",3,231,"Villa","Unfurnished","Covered parking, Pets Allowed, Parking Spaces: 3, Electricity Meter, Sea view, Water Meter, Double Glazed Windows, Storage Areas, Natural Gas, Landline, Study Room, Balcony or Terrace, Lobby in Building, Reception/Waiting Room, Flooring, Total Floors: 3, First Aid Medical Center, Gym or Health Club, Facilities for Disabled, Swimming Pool, Jacuzzi, Sauna, Steam Room, Day Care Center, Kids Play Area, Lawn or Garden, Barbeque Area, Cafeteria or Canteen, Waste Disposal, Maintenance Staff, Cleaning Services, Business Center, Conference Room, Security Staff, CCTV Security, Shared Kitchen, Broadband Internet, Satellite/Cable TV, Intercom, 24 Hours Concierge","https://www.bayut.eg/en/property/details-503458882.html","2026-05-03 00:00:00","bayut","2026-05-07 10:19:41.225","2026-05-09 18:52:15.435434"
7,"c3fc889bf3cd100144deec74c02bd8fe",28670000,"Hyde Park Central, New Cairo, Cairo","Villa for sale in Hyde Park, in the heart of New Cairo, near the American University and 90th Street, with installments over 10 years.","5",5,212,"Townhouse","Unfurnished","Built in Kitchen Appliances, Furnished, Covered parking, Electricity Backup, Pets Allowed, Electricity Meter, Centrally Air-Conditioned, Central Heating, Water Meter, Double Glazed Windows, Storage Areas, Natural Gas, Landline, Study Room, Central A/C & heating, Balcony or Terrace, Lobby in Building, Service Elevators, Prayer Room, Reception/Waiting Room, First Aid Medical Center, Gym or Health Club, Facilities for Disabled, Swimming Pool, Jacuzzi, Sauna, Steam Room, Day Care Center, Kids Play Area, Lawn or Garden, Barbeque Area, Cafeteria or Canteen, Waste Disposal, Maintenance Staff, Cleaning Services, Business Center, Conference Room, Security Staff, CCTV Security, Shared Kitchen, Laundry Room, Laundry Facility, Broadband Internet, Satellite/Cable TV, Intercom, ATM Facility, 24 Hours Concierge, Maids Room, Freehold","https://www.bayut.eg/en/property/details-503457576.html","2026-05-03 00:00:00","bayut","2026-05-07 10:19:41.457","2026-05-09 18:52:16.997043"
8,"88d6617d1b43dfa0b3dd3949d2b559c9",40000000,"Zed East Compound, 6th Settlement, New Cairo, Cairo","LOWEST PRICE OWN FINISHED VILLA IN ZED EAST ON 10Y","4",5,300,"Villa","Unfurnished","Built in Kitchen Appliances, Furnished, Covered parking, Electricity Backup, Pets Allowed, Electricity Meter, Centrally Air-Conditioned, Sea view, Central Heating, Water Meter, Double Glazed Windows, Natural Gas, Landline, Study Room, Central A/C & heating, First Aid Medical Center, Gym or Health Club, Facilities for Disabled, Swimming Pool, Jacuzzi, Sauna, Steam Room, Day Care Center, Kids Play Area, Lawn or Garden, Barbeque Area, Cafeteria or Canteen, Waste Disposal, Cleaning Services, Business Center, Conference Room, Security Staff, CCTV Security, Shared Kitchen, Laundry Room, Laundry Facility, Broadband Internet, Satellite/Cable TV, Intercom","https://www.bayut.eg/en/property/details-503136110.html","2026-05-03 00:00:00","bayut","2026-05-07 10:19:41.695","2026-05-09 18:52:20.602361"
9,"d30dc3983547f83077dc4421606c49f7",12000000,"Madinaty, Cairo","""Apartment of 245 sqm for sale in Madinaty, B3 area, next to the Food Court, overlooking a garden and villas. Mid-floor, with a north-eastern orientat","4",4,245,"Apartment","Unfurnished","Maids Room, Pets Allowed, Natural Gas, Maintenance Staff, CCTV Security","https://www.bayut.eg/en/property/details-502007022.html","2026-05-03 00:00:00","bayut","2026-05-07 10:19:41.928","2026-05-09 18:52:21.928639"
10,"6404c052357f45dba1713bbf80649b6f",4852000,"Beit Al Watan, 5th Settlement, New Cairo, Cairo","Apartment for sale in the most prestigious area of Beit Al Watan, District 5.209 sq m ground floor with garden. Competitive price per meter. Immedi","4",3,209,"Apartment","Unfurnished","Covered parking, Pets Allowed, Electricity Meter, Water Meter, Balcony or Terrace, Elevators in Building: 1, Service Elevators, Completion Year: 1, Total Floors: 4, Lawn or Garden, Security Staff, CCTV Security, View, Freehold","https://www.bayut.eg/en/property/details-503087069.html","2026-05-03 00:00:00","bayut","2026-05-07 10:19:42.155","2026-05-09 18:52:23.126731"
11,"c217a33f33560c4d86001146c6d9eda0",16000000,"Cairova, 6th Settlement, New Cairo, Cairo","In Sixth Settlement, own the lowest-priced townhouse in the entire market!","3",3,222,"Townhouse","Unfurnished","Built in Kitchen Appliances, Covered parking, Electricity Backup, Pets Allowed, Electricity Meter, Water Meter, Storage Areas, Natural Gas, Landline, Balcony or Terrace, Lobby in Building, Service Elevators, First Aid Medical Center, Day Care Center, Lawn or Garden, Barbeque Area, Cafeteria or Canteen, Waste Disposal, Maintenance Staff, Cleaning Services, Security Staff, Satellite/Cable TV, Intercom, Maids Room","https://www.bayut.eg/en/property/details-503064751.html","2026-05-02 00:00:00","bayut","2026-05-07 10:19:42.386","2026-05-09 18:52:24.725356"
12,"8aa97e63ac7ff0b2bb3add00e59715e7",15000000,"Blue Vert, R7, New Capital City, Cairo","Twin house of your dreams brought to life in a fully inhabited compound, located in one of the most prime areas of the New Administrative Capital.","4",4,277,"Twin House","Unfurnished","","https://www.bayut.eg/en/property/details-503453257.html","2026-05-02 00:00:00","bayut","2026-05-07 10:19:42.619","2026-05-09 18:52:26.197143"
13,"2a3be7a7e46b679eb95530e56c368f45",10000000,"R8, New Capital City, Cairo","Villa for sale with a 5% down payment in R8, next to an international university and a 5-star hotel in the New Administrative Capital.","4",4,225,"Townhouse","Unfurnished","Covered parking, Pets Allowed, Electricity Meter, Water Meter, Natural Gas, Landline, First Aid Medical Center, Gym or Health Club, Facilities for Disabled, Swimming Pool, Jacuzzi, Sauna, Steam Room, Day Care Center, Kids Play Area, Lawn or Garden, Barbeque Area, Cafeteria or Canteen","https://www.bayut.eg/en/property/details-503453225.html","2026-05-02 00:00:00","bayut","2026-05-07 10:19:42.856","2026-05-09 18:52:29.000914"
14,"4f4784bc0bebdc4dcaf1e79277b4b03a",8100000,"Sarai, Mostakbal City, Cairo","A prime apartment for sale in Sarai Ali Center Park with installments opposite The Spine Towers in Madinaty near AUC Fifth Settlement and Eleven dija","3",3,150,"Apartment","Unfurnished","","https://www.bayut.eg/en/property/details-503452979.html","2026-05-02 00:00:00","bayut","2026-05-07 10:19:43.1","2026-05-09 18:52:30.948886"
15,"415419356a26269b7b32d5b3c79e7ef8",6300000,"Creek Town Compound, 5th Settlement, New Cairo, Cairo","Apartment for sale in the Fifth Settlement in Creek Town Compound directly in front of Rehab City | Cash price or pay only 10% down payment and instal","2",2,128,"Apartment","Unfurnished","Covered parking, Pets Allowed, Electricity Meter, Water Meter, Natural Gas, Landline, First Aid Medical Center, Gym or Health Club, Swimming Pool, Jacuzzi, Day Care Center, Kids Play Area, Lawn or Garden, Barbeque Area, Cafeteria or Canteen, Waste Disposal, Business Center, Security Staff, CCTV Security","https://www.bayut.eg/en/property/details-502863779.html","2026-05-01 00:00:00","bayut","2026-05-07 10:19:43.327","2026-05-09 18:52:33.149938"
16,"0d09ca8bacc94018f80fbb4d5070108c",7000000,"Rehab City, New Cairo, Cairo","The most beautiful site in Al-Rehab, all for sale: a 123 square meter apartment with a garden view on the first floor.","3",2,123,"Apartment","Furnished","","https://www.bayut.eg/en/property/details-503449794.html","2026-04-30 00:00:00","bayut","2026-05-07 10:19:43.558","2026-05-09 18:52:34.389968"
17,"a311bde43c3cf261e4dd7ef7c8eca2bc",34000000,"Hyde Park New Cairo Compound, 5th Settlement, New Cairo, Cairo","Fully Finished with AC Directly on Pocket Twin house corner for sale in Hyde park compound 5th settlement new cairo","4",5,306,"Villa","Unfurnished","Built in Kitchen Appliances, Covered parking, Pets Allowed, Electricity Meter, Water Meter, Natural Gas, Landline, First Aid Medical Center, Facilities for Disabled, Swimming Pool, Sauna, Steam Room, Day Care Center, Kids Play Area, Lawn or Garden, Barbeque Area, Cafeteria or Canteen, Shared Kitchen, Laundry Room, Laundry Facility","https://www.bayut.eg/en/property/details-503447845.html","2026-04-30 00:00:00","bayut","2026-05-07 10:19:43.79","2026-05-09 18:52:35.798603"
18,"30d2c3d1c8178d4d0d9c65344b625fdd",10000000,"Sarai, Mostakbal City, Cairo","For the quick sale at the old price, with a lower down payment and the longest payment period for the sale of a villa in the **(Sarai)** compound.","4",4,212,"Villa","Unfurnished","Covered parking, Pets Allowed, Natural Gas, Landline, First Aid Medical Center, Gym or Health Club, Facilities for Disabled, Swimming Pool, Jacuzzi, Sauna, Steam Room, Day Care Center, Kids Play Area, Lawn or Garden, Barbeque Area, Cafeteria or Canteen","https://www.bayut.eg/en/property/details-503308146.html","2026-05-01 00:00:00","bayut","2026-05-07 10:19:44.021","2026-05-09 18:52:37.553553"
19,"a1de137214e3d504352e0c4fed8f1131",8700000,"Taj City Compound, 1st Settlement, New Cairo, Cairo","Apartment for sale in Taj city Zone T Overlooking greenery and water features fully finished Ready to move","3",2,144,"Apartment","Unfurnished","Pets Allowed, Electricity Meter, Water Meter, Natural Gas, Balcony or Terrace, Completion Year: 1, First Aid Medical Center, Security Staff, Laundry Room","https://www.bayut.eg/en/property/details-503084324.html","2026-04-30 00:00:00","bayut","2026-05-07 10:19:44.255","2026-05-09 18:52:40.100003"
20,"d3c1f08ab832c42ca1b8a224640d2685",28500000,"Fifth Square Compound, 5th Settlement, New Cairo, Cairo","Very attractive price ready to move fully finished town house corner for sale in Fifth square compound Al Marasem new cairo","3",4,250,"Villa","Unfurnished","Built in Kitchen Appliances, Covered parking, Pets Allowed, Electricity Meter, Water Meter, Natural Gas, Landline, First Aid Medical Center, Gym or Health Club, Facilities for Disabled, Swimming Pool, Jacuzzi, Sauna, Steam Room, Day Care Center, Kids Play Area, Lawn or Garden, Barbeque Area, Cafeteria or Canteen, Shared Kitchen, Laundry Room, Laundry Facility","https://www.bayut.eg/en/property/details-503446022.html","2026-04-30 00:00:00","bayut","2026-05-07 10:19:44.484","2026-05-09 18:52:41.733722"
21,"a7ee0b2e8aeecd60182f293ba42eda33",7276814,"Mountain View iCity Compound, 5th Settlement, New Cairo, Cairo","Apartment for sale in Mountain view iCity New Cairo - North Park -installments till 2032","3",3,150,"Apartment","Unfurnished","Swimming Pool, Covered parking, Gym or Health Club, Lawn or Garden, Security Staff","https://www.bayut.eg/en/property/details-503432476.html","2026-04-30 00:00:00","bayut","2026-05-07 10:19:44.717","2026-05-09 18:52:43.301693"
22,"0cbebbfec4b8ec894089113dd6249385",37000000,"Palm Hills New Cairo Compound, 5th Settlement, New Cairo, Cairo","Standalone Villa Type E villa for sale in Palm Hills New Cairo with an open view on greenery","3",7,388,"Villa","Unfurnished","Pets Allowed, Water Meter, Balcony or Terrace, Completion Year, First Aid Medical Center, Lawn or Garden, Security Staff, Laundry Room","https://www.bayut.eg/en/property/details-503453567.html","2026-05-02 00:00:00","bayut","2026-05-07 10:19:44.95","2026-05-09 18:52:44.708321"
23,"eaab5b3de7eb381dbc511bf0331edd77",5200000,"Shorouk City, Cairo","Delivery now apartment with garden in prime location in front of mayfair at club district","2",2,159,"Apartment","Unfurnished","Parking Spaces: 4, Electricity Meter, Water Meter, Natural Gas, Landline, Balcony or Terrace, Elevators in Building: 4, Facilities for Disabled, Kids Play Area, Lawn or Garden, Barbeque Area, Waste Disposal, Maintenance Staff, Cleaning Services, Security Staff, CCTV Security","https://www.bayut.eg/en/property/details-503261034.html","2026-04-29 00:00:00","bayut","2026-05-07 10:19:45.214","2026-05-09 18:52:46.353636"
24,"886fcb6afc829599781828cf2b50f1b1",3672000,"5th Settlement, New Cairo, Cairo","Apartment for sale in the Fifth Settlement, steps away from the Clubs Axis","3",2,153,"Apartment","Unfurnished","Built in Kitchen Appliances, Covered parking, Pets Allowed, Electricity Meter, Water Meter, Balcony or Terrace, Lobby in Building, Day Care Center, Lawn or Garden, Barbeque Area","https://www.bayut.eg/en/property/details-503134655.html","2026-04-29 00:00:00","bayut","2026-05-07 10:19:45.443","2026-05-09 18:52:47.689187"
25,"ab0e3035252bcea88b80db28de52a1bb",10000000,"EL Patio ORO Compound, 5th Settlement, New Cairo, Cairo","Under market price semi finished 3 bedrooms apartment for sale in El Patio Oro compound La vista new cairo","3",2,171,"Apartment","Unfurnished","Built in Kitchen Appliances, Covered parking, Pets Allowed, Electricity Meter, Water Meter, Natural Gas, Landline, First Aid Medical Center, Gym or Health Club, Facilities for Disabled, Swimming Pool, Jacuzzi, Sauna, Steam Room, Day Care Center, Kids Play Area, Lawn or Garden, Barbeque Area, Cafeteria or Canteen, Shared Kitchen, Laundry Room, Laundry Facility","https://www.bayut.eg/en/property/details-503441012.html","2026-04-29 00:00:00","bayut","2026-05-07 10:19:45.671","2026-05-09 18:52:49.255315"
26,"4349be8fa8bb9bdf28acee5d5d3eed6a",12000000,"Sarai, Mostakbal City, Cairo","Villa with a private garden at the price of an apartment – 212 sqm, directly in front of Madinaty Sarai Compound","4",3,212,"Villa","","Built in Kitchen Appliances, Covered parking, Pets Allowed, Electricity Meter, Water Meter, Natural Gas, Landline","https://www.bayut.eg/en/property/details-503440737.html","2026-04-29 00:00:00","bayut","2026-05-07 10:19:45.902","2026-05-09 18:52:51.580458"
27,"f3537f9e17df280e92755630b665966a",4756891,"Hava, New Capital City, Cairo","Duplex for Sale in Hava Residence – Direct Lagoon View Luxury lifestyle in the heart of the New Administrative Capital","4",4,255,"Duplex","Unfurnished","Electricity Meter, Natural Gas, Gym or Health Club, Jacuzzi, Sauna, Kids Play Area, Lawn or Garden, Barbeque Area, Cafeteria or Canteen, Waste Disposal, Maintenance Staff, Cleaning Services","https://www.bayut.eg/en/property/details-503440573.html","2026-04-29 00:00:00","bayut","2026-05-07 10:19:46.129","2026-05-09 18:52:53.00994"
28,"ad1a7c4e4e398c3877179f64f3a5d0a9",5765000,"Jade Park, R3, New Capital City, Cairo","Ready to Move apartment, fully finished, with the best view of a large garden in Jade Park compound - New Capital.","2",2,183,"Apartment","Unfurnished","Built in Kitchen Appliances, Covered parking, Pets Allowed, Electricity Meter, Water Meter, Natural Gas, Balcony or Terrace, First Aid Medical Center, Gym or Health Club, Jacuzzi, Sauna, Steam Room, Day Care Center, Kids Play Area, Lawn or Garden, Barbeque Area, Cafeteria or Canteen, Security Staff","https://www.bayut.eg/en/property/details-503440553.html","2026-04-29 00:00:00","bayut","2026-05-07 10:19:46.37","2026-05-09 18:52:54.349324"
29,"7e4ecbe1f0e6c33e27fd4ec7bd8557d2",3300000,"Al Maqsad, New Capital City, Cairo","Your apartment is ready to move in, in the heart of the Green River, with an open view of the iconic towers, 5 minutes from the monorail station","2",2,134,"Apartment","Unfurnished","Natural Gas, Balcony or Terrace, First Aid Medical Center, Gym or Health Club, Facilities for Disabled, Swimming Pool, Jacuzzi, Day Care Center, Kids Play Area, Lawn or Garden, Barbeque Area, Freehold","https://www.bayut.eg/en/property/details-503473229.html","2026-05-06 00:00:00","bayut","2026-05-07 11:05:57.644","2026-05-09 18:52:55.816825"
30,"a5aa09da1aa606d59a65e9a2d9f92b17",8800000,"New Garden City, New Capital City, Cairo","Receive your fully finished, air-conditioned apartment in Garden City, the heart of the New Administrative Capital, with a cash discount of over 50%","3",3,175,"Apartment","Unfurnished","First Aid Medical Center, Gym or Health Club, Swimming Pool, Jacuzzi, Day Care Center, Kids Play Area, Lawn or Garden","https://www.bayut.eg/en/property/details-503473169.html","2026-05-06 00:00:00","bayut","2026-05-07 11:05:58.772","2026-05-09 18:52:57.309886"
31,"548d7ead18f6d2ee5ee846d5643053fc",13500000,"Palm Hills New Cairo Compound, 5th Settlement, New Cairo, Cairo","Very attractive price ready to move 3 bedrooms apartment for sale in Palm hills new cairo compound fifth settlement","3",4,250,"Apartment","Unfurnished","Built in Kitchen Appliances, Covered parking, Pets Allowed, Electricity Meter, Water Meter, Natural Gas, Landline, First Aid Medical Center, Gym or Health Club, Facilities for Disabled, Swimming Pool, Jacuzzi, Sauna, Steam Room, Day Care Center, Kids Play Area, Lawn or Garden, Barbeque Area, Cafeteria or Canteen, Shared Kitchen, Laundry Room, Laundry Facility","https://www.bayut.eg/en/property/details-503326468.html","2026-05-06 00:00:00","bayut","2026-05-07 11:05:58.994","2026-05-09 18:52:58.835526"
32,"56fa76d494efe0bf7fe08e10660082ae",4727000,"Al Takmeely District, 5th Settlement, New Cairo, Cairo","With a 30% down payment and the rest payable over 3 years, own an apartment in one of the best locations in Al-Takmily District, just steps away from","3",3,163,"Apartment","Unfurnished","Covered parking, Pets Allowed, Electricity Meter, Water Meter, Natural Gas, Landline, Balcony or Terrace, Lobby in Building, Elevators in Building: 1, Completion Year: 3, First Aid Medical Center, Gym or Health Club, Facilities for Disabled, Jacuzzi, Sauna, Day Care Center, Kids Play Area, Lawn or Garden, Barbeque Area, Business Center, Conference Room, Security Staff, CCTV Security, Laundry Room, Laundry Facility, Broadband Internet, Satellite/Cable TV, Intercom","https://www.bayut.eg/en/property/details-503128767.html","2026-05-06 00:00:00","bayut","2026-05-07 11:05:59.216","2026-05-09 18:53:00.295125"
33,"0e0a60c7e781bcbe4433b1164318d741",20000000,"City Gate Compound, 5th Settlement, New Cairo, Cairo","Own a villa overlooking the golf course in City Gate, 8 years installments 5th settlement","4",4,300,"Villa","Unfurnished","Built in Kitchen Appliances, Covered parking, Pets Allowed, Electricity Meter, Water Meter, Natural Gas, Landline, First Aid Medical Center, Gym or Health Club, Facilities for Disabled, Swimming Pool, Jacuzzi, Sauna, Steam Room, Day Care Center, Kids Play Area, Lawn or Garden, Barbeque Area, Cafeteria or Canteen, Shared Kitchen, Laundry Room, Laundry Facility","https://www.bayut.eg/en/property/details-502913740.html","2026-05-06 00:00:00","bayut","2026-05-07 11:05:59.451","2026-05-09 18:53:01.774811"
34,"67b9f68efc03321c67abf2704e2d61d3",19000000,"City Gate Compound, 5th Settlement, New Cairo, Cairo","Own a town house overlooking the golf course in City Gate, 8 years installments 5th settlement","3",4,270,"Townhouse","Unfurnished","Built in Kitchen Appliances, Covered parking, Pets Allowed, Electricity Meter, Water Meter, Natural Gas, Landline, First Aid Medical Center, Gym or Health Club, Facilities for Disabled, Swimming Pool, Jacuzzi, Sauna, Steam Room, Day Care Center, Kids Play Area, Lawn or Garden, Barbeque Area, Cafeteria or Canteen, Shared Kitchen, Laundry Room, Laundry Facility","https://www.bayut.eg/en/property/details-502886024.html","2026-05-06 00:00:00","bayut","2026-05-07 11:05:59.682","2026-05-09 18:53:03.175911"
35,"583aa452d6f94becdf2194ca5ea0394c",9500000,"Taj City Compound, 1st Settlement, New Cairo, Cairo","Fully Finished Apartment for Sale in Taj City | Ready to Move - Zone T","3",3,148,"Apartment","Unfurnished","","https://www.bayut.eg/en/property/details-503476885.html","2026-05-06 00:00:00","bayut","2026-05-07 11:05:59.918","2026-05-09 18:53:05.335414"
36,"08077cd90291fa49e5b6253c7dae081f",15000000,"Blue Vert, R7, New Capital City, Cairo","Twin house of your dreams brought to life in a fully inhabited compound, located in one of the most prime areas of the New Administrative Capital.","4",4,277,"Twin House","Unfurnished","","https://www.bayut.eg/en/property/details-503474380.html","2026-05-06 00:00:00","bayut","2026-05-07 11:06:00.153","2026-05-09 18:53:06.968534"
37,"3b9c6754db902141e8eabbf62d86fc69",5000000,"MORAYA NEW CAPITAL, New Capital City, Cairo","Apartment for sale, fully finished with hotel-style finishing, ready for on-site viewing in R8 at the New Administrative Capital.","3",2,178,"Apartment","Unfurnished","","https://www.bayut.eg/en/property/details-503474358.html","2026-05-06 00:00:00","bayut","2026-05-07 11:06:00.403","2026-05-09 18:53:08.317153"
38,"a06b75867148c289f308692662a6cb1b",4200000,"Qamari, New Capital City, Cairo","Apartment for sale with an open view directly overlooking the Diplomatic District in R8 area, New Administrative Capital.","3",3,177,"Apartment","Unfurnished","","https://www.bayut.eg/en/property/details-503474312.html","2026-05-06 00:00:00","bayut","2026-05-07 11:06:00.632","2026-05-09 18:53:12.049274"
39,"fe590bef1ee22290b60886bcfbb10ada",3474000,"Kardia, New Capital City, Cairo","View your apartment now before buying, highest completion rate","3",3,188,"Apartment","Unfurnished","","https://www.bayut.eg/en/property/details-503470353.html","2026-05-06 00:00:00","bayut","2026-05-07 11:06:00.862","2026-05-09 18:53:13.839154"
40,"6887629fa4c4b0e65bf087da2ab07a2f",5952583,"New Garden City, New Capital City, Cairo","** New Garden City – Your Fully Finished Home Awaits!","3",2,159,"Apartment","Unfurnished","Built in Kitchen Appliances, Covered parking, Electricity Backup, Pets Allowed, Electricity Meter, Centrally Air-Conditioned, Central Heating, Water Meter, Double Glazed Windows, Storage Areas, Natural Gas, Landline, Central A/C & heating, Balcony or Terrace, Service Elevators, First Aid Medical Center, Gym or Health Club, Facilities for Disabled, Swimming Pool, Jacuzzi, Sauna, Steam Room, Day Care Center, Kids Play Area, Lawn or Garden, Barbeque Area, Cafeteria or Canteen, Waste Disposal, Maintenance Staff, Cleaning Services, Business Center, Conference Room, Security Staff, CCTV Security, Shared Kitchen, Laundry Room, Laundry Facility, Broadband Internet, Satellite/Cable TV, Intercom, ATM Facility, 24 Hours Concierge, Freehold","https://www.bayut.eg/en/property/details-501835132.html","2026-05-06 00:00:00","bayut","2026-05-07 11:06:01.086","2026-05-09 18:53:15.128321"
41,"7252ad07fd562818d482abe2e9308949",5100000,"BOARDWALK, New Capital City, Cairo","What if I told you your ""view and entertainment area"" spans 12 acres? And you can get your keys today!","3",3,180,"Apartment","Unfurnished","Built in Kitchen Appliances, Electricity Meter, Balcony or Terrace, Day Care Center, Kids Play Area, Lawn or Garden, Barbeque Area, Cafeteria or Canteen, Business Center, Conference Room, Security Staff, CCTV Security, Shared Kitchen, Laundry Room, Laundry Facility","https://www.bayut.eg/en/property/details-503477095.html","2026-05-06 00:00:00","bayut","2026-05-07 11:06:01.313","2026-05-09 18:53:16.619965"
42,"d2b5d4b2a1d9419f4ad864fa2b25e1e8",7658000,"Jayd Compound, 5th Settlement, New Cairo, Cairo","Apartment for sale with immediate delivery at a very competitive price in a fully inhabited compound directly in front of Al Rehab City.","3",3,152,"Apartment","Unfurnished","First Aid Medical Center, Gym or Health Club, Swimming Pool, Jacuzzi, Sauna, Steam Room, Day Care Center, Kids Play Area, Lawn or Garden, Barbeque Area, Cafeteria or Canteen","https://www.bayut.eg/en/property/details-503476870.html","2026-05-06 00:00:00","bayut","2026-05-07 11:06:01.532","2026-05-09 18:53:17.716919"
43,"2da77f4c762cad409d817ffaae31b19b",42000000,"5th Settlement, New Cairo, Cairo","Villa 1,500 sqm for sale in the Second District, Fifth Settlement, next to Fatma El-Sharbatly Mosque and close to South 90 Street and Lake View Round","11",11,1500,"Villa","Unfurnished","","https://www.bayut.eg/en/property/details-503475349.html","2026-05-06 00:00:00","bayut","2026-05-07 11:06:01.766","2026-05-09 18:53:18.967908"
44,"91f1df40a464e7d357c05612654f58fe",57000000,"Katameya Residence Compound, 1st Settlement, New Cairo, Cairo","Exceptional Opportunity | Standalone Villa for Sale in Katameya Residence - Ultra Super Lux","6",7,600,"Villa","Unfurnished","","https://www.bayut.eg/en/property/details-503474448.html","2026-05-06 00:00:00","bayut","2026-05-07 11:06:01.988","2026-05-09 18:53:20.530939"
45,"0996ccdb7b96248458e7ece01d7bd688",7500000,"Rosail City, Mostakbal City, Cairo","Villa for sale in a very prime location in the heart of Mostakbal City In Rosail City Compound, Rosail Mostakbal City","3",2,200,"Villa","","Electricity Meter, Water Meter, Natural Gas, Landline, Balcony or Terrace, Gym or Health Club, Swimming Pool, Lawn or Garden, Maintenance Staff, Security Staff, Broadband Internet, 24 Hours Concierge","https://www.bayut.eg/en/property/details-503470333.html","2026-05-05 00:00:00","bayut","2026-05-07 11:06:02.213","2026-05-09 18:53:22.809967"
46,"19ad2891b67e1f7c0af2d44c49f9b402",14550000,"Azzar Compound, 5th Settlement, New Cairo, Cairo","Twin house villa in the heart of the Fifth Settlement within the Azzar compound in Golden Square near the American University.","5",4,306,"Twin House","","Covered parking, Electricity Meter, Natural Gas, Landline, Balcony or Terrace, Lawn or Garden, Maintenance Staff, Security Staff","https://www.bayut.eg/en/property/details-503376463.html","2026-05-05 00:00:00","bayut","2026-05-07 11:06:02.437","2026-05-09 18:53:24.27748"
47,"d601a1a9355eb7de1d3598e8595ee150",10300000,"New Garden City, New Capital City, Cairo","Take advantage now and receive a 177m² fully finished, ultra-super-lux apartment with a distinctive view of the landscape (for a limited time).","3",3,177,"Apartment","Unfurnished","Electricity Meter, Natural Gas, Gym or Health Club, Jacuzzi, Kids Play Area, Lawn or Garden, Maintenance Staff, Cleaning Services, Security Staff, CCTV Security","https://www.bayut.eg/en/property/details-503466744.html","2026-05-05 00:00:00","bayut","2026-05-07 11:06:02.66","2026-05-09 18:53:25.699212"
48,"216cc8ff15614f9240f63924e86aa4d0",13000000,"District 5 Compound, 5th Settlement, New Cairo, Cairo","Ground apartment with garden 3 bedrooms semi finished for sale in District 5 compound Marakez 5th settlement new cairo","3",3,160,"Apartment","Unfurnished","Built in Kitchen Appliances, Electricity Meter, Sea view, Water Meter, Natural Gas, Landline, First Aid Medical Center, Gym or Health Club, Facilities for Disabled, Swimming Pool, Jacuzzi, Sauna, Steam Room, Day Care Center, Kids Play Area, Lawn or Garden, Barbeque Area, Cafeteria or Canteen, Shared Kitchen, Laundry Room, Laundry Facility","https://www.bayut.eg/en/property/details-503469128.html","2026-05-05 00:00:00","bayut","2026-05-07 11:06:02.885","2026-05-09 18:53:27.017305"
49,"dbe08bff0d19eabcec42139d93204d11",25800000,"Noor City, New Capital City, Cairo","villa for sale in Noor city, wide garden view, near the central park, payment facilities, area ( 505 sq )","4",4,292,"Villa","Unfurnished","Covered parking, Pets Allowed, Parking Spaces: 3, Electricity Meter, Water Meter, Double Glazed Windows, Storage Areas, Study Room, Balcony or Terrace, Lobby in Building, Reception/Waiting Room, Flooring, Total Floors: 3, First Aid Medical Center, Gym or Health Club, Facilities for Disabled, Swimming Pool, Jacuzzi, Sauna, Steam Room, Day Care Center, Kids Play Area, Lawn or Garden, Barbeque Area, Cafeteria or Canteen, Waste Disposal, Maintenance Staff, Cleaning Services, Business Center, Conference Room, Security Staff, CCTV Security, Shared Kitchen, Broadband Internet, Satellite/Cable TV, Intercom, 24 Hours Concierge, Maids Room, View, Freehold","https://www.bayut.eg/en/property/details-502620313.html","2026-05-05 00:00:00","bayut","2026-05-07 11:06:03.115","2026-05-09 18:53:29.0672"
50,"ada8a2ebf07fc0f2b188de204cada97f",17500000,"Mivida Compound, 5th Settlement, New Cairo, Cairo","Under market price fully finished ready to move 3 bedrooms apartment for sale in Mivida compound Emaar 5th settlement new cairo","3",3,200,"Apartment","Unfurnished","Built in Kitchen Appliances, Electricity Meter, Water Meter, Natural Gas, Landline, First Aid Medical Center, Gym or Health Club, Facilities for Disabled, Swimming Pool, Jacuzzi, Sauna, Steam Room, Day Care Center, Kids Play Area, Lawn or Garden, Barbeque Area, Cafeteria or Canteen, Shared Kitchen, Laundry Room, Laundry Facility","https://www.bayut.eg/en/property/details-503468711.html","2026-05-05 00:00:00","bayut","2026-05-07 11:06:03.344","2026-05-09 18:53:30.503277"
51,"cbfd9820487c136cabd37b0399611503",10000000,"Mountain View iCity Compound, 5th Settlement, New Cairo, Cairo","Corner apartment on Center Park with a 12 year installment plan on the Suez Road next to mountain view and Madinaty and SODIC and Mivida For sale","3",3,167,"Apartment","Unfurnished","","https://www.bayut.eg/en/property/details-503471824.html","2026-05-05 00:00:00","bayut","2026-05-07 11:06:03.572","2026-05-09 18:53:31.88752"
92,"04391942b558fb790862f8a4f96bd1ad",33000000,"Hyde Park New Cairo Compound, 5th Settlement, New Cairo, Cairo","ready to move resale standalone villa with the lowest price in hyde park compound super prime location in fifth settlement","5",5,455,"Villa","Unfurnished","","https://www.bayut.eg/en/property/details-502383874.html","2026-05-03 00:00:00","bayut","2026-05-07 11:06:13.255","2026-05-09 18:57:20.854009"
52,"f35ba708bb13c2d54665d3e781a4e648",38600000,"Palm Hills New Cairo Compound, 5th Settlement, New Cairo, Cairo","Prime location downpayment and installments Twin house for sale in Palm hills new cairo compound 5th settlement","4",5,386,"Twin House","Unfurnished","Built in Kitchen Appliances, Electricity Meter, Water Meter, Natural Gas, Landline, First Aid Medical Center, Gym or Health Club, Facilities for Disabled, Swimming Pool, Jacuzzi, Sauna, Steam Room, Day Care Center, Kids Play Area, Lawn or Garden, Barbeque Area, Cafeteria or Canteen, Shared Kitchen, Laundry Room, Laundry Facility","https://www.bayut.eg/en/property/details-503468084.html","2026-05-05 00:00:00","bayut","2026-05-07 11:06:03.793","2026-05-09 18:53:33.388035"
53,"627387375c071eff3ec788c62cc01b0e",48300000,"Mivida Compound, 5th Settlement, New Cairo, Cairo","Privete Pool Fully Finished with ACs 4BD+Nanny Twin Villa for Sale in Mivida Emaar New cairo 5th Settlement","4",5,320,"Twin House","Unfurnished","Covered parking, Pets Allowed, Centrally Air-Conditioned, Gym or Health Club, Swimming Pool, Day Care Center, Lawn or Garden, Barbeque Area, Maids Room","https://www.bayut.eg/en/property/details-503459446.html","2026-05-05 00:00:00","bayut","2026-05-07 11:06:04.02","2026-05-09 18:53:35.089874"
54,"206ca9295b6910836aaa2702615b43cc",4375000,"Jade Park, R3, New Capital City, Cairo","Own an apartment at a bargain price in a ready compound in the Administrative Capital with the best investment.","1",1,109,"Apartment","Unfurnished","Covered parking, Electricity Meter, Water Meter, Natural Gas, Balcony or Terrace, First Aid Medical Center, Gym or Health Club, Jacuzzi, Sauna, Steam Room, Day Care Center, Kids Play Area, Lawn or Garden, Barbeque Area, Cafeteria or Canteen, Security Staff","https://www.bayut.eg/en/property/details-503468281.html","2026-05-05 00:00:00","bayut","2026-05-07 11:06:04.254","2026-05-09 18:53:36.497928"
55,"9546cdfb354998644a6e872114235dc7",7674000,"Aljar, Shorouk City, Cairo","Top investment in Egypt: fully furnished hotel-style unit opposite “The Spine” Talaat Moustafa, starting from 383,000 EGP down payment.","3",2,151,"Hotel Apartment","","","https://www.bayut.eg/en/property/details-503470891.html","2026-05-05 00:00:00","bayut","2026-05-07 11:06:04.481","2026-05-09 18:53:38.008003"
56,"2918fa3044dadc9ff5f639cf998bc8a6",27000000,"La Vista City, New Capital City, Cairo","For the First Time – Fully Finished Villa at the Price of an Apartment | La Vista City","4",4,230,"Villa","","Built in Kitchen Appliances, Covered parking, Pets Allowed, Electricity Meter, Water Meter, Natural Gas, Landline","https://www.bayut.eg/en/property/details-503090779.html","2026-05-05 00:00:00","bayut","2026-05-07 11:06:04.704","2026-05-09 18:53:39.482803"
57,"d3aae544acb574c23f47b28d807e0b94",24800000,"La Vista City, New Capital City, Cairo","For quick sale at 3 million less than the market price a modern 3 bedroom standalone villa direct view landscaped in La Vista City Compound New Cairo","3",4,360,"Villa","Unfurnished","Covered parking, Pets Allowed, Electricity Meter, Water Meter, Natural Gas, Landline, Day Care Center, Kids Play Area, Lawn or Garden, Barbeque Area, Cafeteria or Canteen","https://www.bayut.eg/en/property/details-502293509.html","2026-05-05 00:00:00","bayut","2026-05-07 11:06:04.929","2026-05-09 18:53:40.998371"
58,"90ea75f4b8adbcbc46c2b5c62d88ad2d",30860000,"Saada Compound, 1st Settlement, New Cairo, Cairo","Standalone villa 420m with dp & installments prime location open view in Saada Compound First Settlement New Cairo next to Swan Lake","4",4,420,"Villa","Unfurnished","","https://www.bayut.eg/en/property/details-503466407.html","2026-05-05 00:00:00","bayut","2026-05-07 11:06:05.155","2026-05-09 18:53:42.508552"
59,"b6cfb90b7afdbcf3571b213722d52dc4",11800000,"Madinaty, Cairo","Apart for Sale in Madinaty, B14, wide garden view, payment plan 10 years (140sq) A","3",2,140,"Apartment","Unfurnished","Pets Allowed, Parking Spaces: 3, Electricity Meter, Water Meter, Double Glazed Windows, Storage Areas, Natural Gas, Landline, Study Room, Balcony or Terrace, Lobby in Building, Completion Year: 2, Flooring, First Aid Medical Center, Gym or Health Club, Facilities for Disabled, Swimming Pool, Day Care Center, Kids Play Area, Lawn or Garden, Cafeteria or Canteen, Waste Disposal, Maintenance Staff, Cleaning Services, Business Center, Security Staff, CCTV Security, Laundry Room, Laundry Facility, Satellite/Cable TV, Intercom, 24 Hours Concierge, Freehold","https://www.bayut.eg/en/property/details-502563387.html","2026-05-06 00:00:00","bayut","2026-05-07 11:06:05.379","2026-05-09 18:53:44.59768"
60,"614d9b6227422d91c0d26589d1b6ac5a",14720000,"South 90 Street, 5th Settlement, New Cairo, Cairo","Apartment 110 m for sale in New Cairo (Tass'een St. - Compound Eleven)","2",2,110,"Apartment","Unfurnished","Electricity Meter, Water Meter, Natural Gas","https://www.bayut.eg/en/property/details-503465387.html","2026-05-04 00:00:00","bayut","2026-05-07 11:06:05.602","2026-05-09 18:53:46.05467"
61,"41b38af4fbf2455db017a651de1721ef",26000000,"Eastown Compound, 5th Settlement, New Cairo, Cairo","Ground duplex for sale in Eastown Sodic","3",3,245,"Duplex","Unfurnished","Built in Kitchen Appliances, Covered parking, Pets Allowed, Electricity Meter, Centrally Air-Conditioned, Central A/C & heating, Balcony or Terrace, Gym or Health Club, Swimming Pool, Jacuzzi, Kids Play Area, Lawn or Garden, Barbeque Area, Cafeteria or Canteen, Security Staff, CCTV Security, Laundry Facility, Maids Room","https://www.bayut.eg/en/property/details-503465569.html","2026-05-04 00:00:00","bayut","2026-05-07 11:06:05.828","2026-05-09 18:53:48.19083"
62,"bdbbdb37ad959b181f9e1669e96782de",18500000,"Eastown Compound, 5th Settlement, New Cairo, Cairo","Triplex for sale in Eastown 5th settlement","4",5,316,"Duplex","Unfurnished","Covered parking, Pets Allowed, Electricity Meter, Natural Gas, Balcony or Terrace, Gym or Health Club, Swimming Pool, Jacuzzi, Kids Play Area, Barbeque Area, Cafeteria or Canteen, Security Staff, CCTV Security, Laundry Facility","https://www.bayut.eg/en/property/details-503465518.html","2026-05-04 00:00:00","bayut","2026-05-07 11:06:06.067","2026-05-09 18:53:49.542039"
63,"bdc66ce9acd2be7d71e0f5b5991abdca",30000000,"Mountain View Hyde Park Compound, 5th Settlement, New Cairo, Cairo","VILLA IN PRIME LOCATION WITH LOWEST PRICE OVER 10YEARS","3",4,250,"Villa","Unfurnished","Built in Kitchen Appliances, Covered parking, Pets Allowed, Electricity Meter, Water Meter, Natural Gas, Landline, Lobby in Building, Service Elevators, Prayer Room, Reception/Waiting Room, First Aid Medical Center, Facilities for Disabled, Swimming Pool, Jacuzzi, Sauna, Steam Room, Day Care Center, Kids Play Area, Cafeteria or Canteen, Satellite/Cable TV, Intercom","https://www.bayut.eg/en/property/details-503464241.html","2026-05-04 00:00:00","bayut","2026-05-07 11:06:06.292","2026-05-09 18:53:50.988693"
64,"f45e298eefdcda9a8afac54ef45bbacf",18000000,"City Gate Compound, 5th Settlement, New Cairo, Cairo","with prime location for sale finished 4BR in city gate with 5%dp","4",4,206,"Apartment","Unfurnished","Built in Kitchen Appliances, Covered parking, Pets Allowed, Electricity Meter, Water Meter, Natural Gas, Landline, Balcony or Terrace, First Aid Medical Center, Gym or Health Club, Facilities for Disabled, Swimming Pool, Jacuzzi, Sauna, Steam Room, Day Care Center, Kids Play Area, Lawn or Garden, Barbeque Area, Cafeteria or Canteen, Maintenance Staff, Cleaning Services, Shared Kitchen, Laundry Room, Laundry Facility","https://www.bayut.eg/en/property/details-503463608.html","2026-05-04 00:00:00","bayut","2026-05-07 11:06:06.522","2026-05-09 18:53:53.178575"
65,"b5a383e4170d8f78b125ed20b8e8affe",25500000,"Al Burouj, Shorouk City, Cairo","Standalone villa for sale at an old price in Al Burouj compound with installment options for the longest repayment period.","4",4,264,"Villa","Unfurnished","Built in Kitchen Appliances, Covered parking, Pets Allowed, Electricity Meter, Natural Gas, Gym or Health Club, Facilities for Disabled, Swimming Pool, Jacuzzi, Sauna, Kids Play Area, Lawn or Garden, Barbeque Area","https://www.bayut.eg/en/property/details-503466479.html","2026-05-05 00:00:00","bayut","2026-05-07 11:06:06.796","2026-05-09 18:53:54.605936"
66,"8acc5db96f078fe33c303a501fba96f4",37000000,"City Gate Compound, 5th Settlement, New Cairo, Cairo","Finished Standalone Villa Lake and Golf View - with 5% Down payment - New Cairo - Early Deliver","4",5,258,"Villa","Unfurnished","Built in Kitchen Appliances, Covered parking, Pets Allowed, Electricity Meter, Water Meter, Natural Gas, Landline, Balcony or Terrace, Lobby in Building, Service Elevators, Prayer Room, Reception/Waiting Room, First Aid Medical Center, Gym or Health Club, Facilities for Disabled, Swimming Pool, Jacuzzi, Sauna, Steam Room, Day Care Center, Kids Play Area, Lawn or Garden, Barbeque Area, Cafeteria or Canteen, Business Center, Conference Room, Security Staff, CCTV Security, Shared Kitchen, Laundry Room, Laundry Facility, Maids Room","https://www.bayut.eg/en/property/details-503461787.html","2026-05-04 00:00:00","bayut","2026-05-07 11:06:07.031","2026-05-09 18:53:56.098878"
67,"c0edf69146f6a4655918155daf9e9a1a",15900000,"Zed East Compound, 6th Settlement, New Cairo, Cairo","Apartment for Sale – Fully Finished with ACs Below Market Price | Old Contract | Next to Mivida & Hyde Park","3",3,192,"Apartment","","Covered parking, Electricity Backup, Electricity Meter, Water Meter, Storage Areas, Landline, Balcony or Terrace, Service Elevators, First Aid Medical Center, Gym or Health Club, Facilities for Disabled, Swimming Pool, Jacuzzi, Sauna, Steam Room, Day Care Center, Kids Play Area, Lawn or Garden, Barbeque Area, Cafeteria or Canteen, Waste Disposal, Maintenance Staff, Cleaning Services, Business Center, Security Staff, CCTV Security, Broadband Internet, Satellite/Cable TV, Intercom, 24 Hours Concierge, Maids Room","https://www.bayut.eg/en/property/details-503464924.html","2026-05-04 00:00:00","bayut","2026-05-07 11:06:07.259","2026-05-09 18:53:57.558765"
68,"9532fa5268bc3426d5589cad6df0f9ea",24200000,"City Gate Compound, 5th Settlement, New Cairo, Cairo","Townhouse 4BR For Sale Golf View in new Cairo .","4",4,275,"Villa","Unfurnished","Built in Kitchen Appliances, Furnished, Covered parking, Electricity Backup, Pets Allowed, Electricity Meter, Centrally Air-Conditioned, Sea view, Central Heating, Water Meter, Double Glazed Windows, Storage Areas, Natural Gas, Landline, Study Room, Central A/C & heating, Balcony or Terrace, Lobby in Building, Service Elevators, Prayer Room, Reception/Waiting Room, First Aid Medical Center, Gym or Health Club, Facilities for Disabled, Swimming Pool, Jacuzzi, Sauna, Steam Room, Day Care Center, Kids Play Area, Lawn or Garden, Barbeque Area, Cafeteria or Canteen, Waste Disposal, Maintenance Staff, Cleaning Services, Business Center, Conference Room, Security Staff, CCTV Security, Shared Kitchen, Laundry Room, Laundry Facility, Broadband Internet, Satellite/Cable TV, Intercom, ATM Facility, 24 Hours Concierge, Maids Room, Freehold","https://www.bayut.eg/en/property/details-503462421.html","2026-05-04 00:00:00","bayut","2026-05-07 11:06:07.486","2026-05-09 18:54:01.597296"
69,"3b602c0a21f4c4f6fb3de63f467d1cab",11100000,"Sarai, Mostakbal City, Cairo","Own 3 Bedrooms Apartment with Zero Downpayment and 12 Years Installments beside Madinty","3",2,154,"Apartment","Unfurnished","Covered parking, Electricity Meter, Water Meter, Natural Gas, Landline","https://www.bayut.eg/en/property/details-503461113.html","2026-05-04 00:00:00","bayut","2026-05-07 11:06:07.713","2026-05-09 18:54:03.251624"
70,"e414c5df976aa80ae5570130bb06e3ae",36800000,"Madinaty, Cairo","An opportunity that won't be repeated at a commercial price. The price of Villa C3 has been reduced for a quick sale. Villa C3 is available for installment in Madinaty at a price lower than the company's by 60 million.","4",4,464,"Villa","Unfurnished","Covered parking, Pets Allowed, Parking Spaces: 3, Electricity Meter, Water Meter, Double Glazed Windows, Natural Gas, Landline, Central A/C & heating, Lobby in Building, Kids Play Area, Lawn or Garden, Waste Disposal, Cleaning Services, Security Staff, CCTV Security, Laundry Room, Broadband Internet, Satellite/Cable TV, Intercom","https://www.bayut.eg/en/property/details-503461199.html","2026-05-04 00:00:00","bayut","2026-05-07 11:06:07.936","2026-05-09 18:54:04.838974"
71,"0bb5427da2776a33a3c339d31fc7cce8",16500000,"Mivida Compound, 5th Settlement, New Cairo, Cairo","Under market price 2 bedrooms apartment for sale in Mivida compound 5th settlement new cairo","2",2,137,"Apartment","Unfurnished","Built in Kitchen Appliances, Covered parking, Pets Allowed, Electricity Meter, Water Meter, Natural Gas, Landline, First Aid Medical Center, Gym or Health Club, Facilities for Disabled, Swimming Pool, Jacuzzi, Sauna, Steam Room, Day Care Center, Kids Play Area, Lawn or Garden, Barbeque Area, Cafeteria or Canteen, Shared Kitchen, Laundry Room, Laundry Facility","https://www.bayut.eg/en/property/details-503461384.html","2026-05-04 00:00:00","bayut","2026-05-07 11:06:08.163","2026-05-09 18:54:06.533982"
72,"73f621c96b908b35975d014ded2ed1b0",31500000,"Hyde Park New Cairo Compound, 5th Settlement, New Cairo, Cairo","Standalone Villa - handed For Sale in Hyde Park","4",4,372,"Villa","Unfurnished","Balcony or Terrace, Completion Year, Gym or Health Club, Swimming Pool, Lawn or Garden, Security Staff, Maids Room","https://www.bayut.eg/en/property/details-503461179.html","2026-05-04 00:00:00","bayut","2026-05-07 11:06:08.385","2026-05-09 18:54:08.059017"
73,"b1c90a3d9bc01264873883401e2a157c",6400000,"North Rehab, 1st Settlement, New Cairo, Cairo","Apartment for sale, 177 sq m, opposite Al Rehab. Installments over 4 years, only 30% down payment. A great opportunity for discerning buyers.","3",3,177,"Apartment","","Covered parking, Electricity Backup, Pets Allowed, Parking Spaces: 1, Electricity Meter, Water Meter, Double Glazed Windows, Storage Areas, Natural Gas, Balcony or Terrace, Elevators in Building: 1, Service Elevators, Completion Year: 1, Total Floors: 4, Kids Play Area, Maintenance Staff, Security Staff, CCTV Security, ATM Facility, Nearby Shopping Malls, View, Freehold","https://www.bayut.eg/en/property/details-503461081.html","2026-05-04 00:00:00","bayut","2026-05-07 11:06:08.61","2026-05-09 18:54:09.619585"
74,"5e57af9fce7903db3325e46a11862188",17000000,"Fifth Square Compound, 5th Settlement, New Cairo, Cairo","A furnished apartment with air conditioning in Garden, immediate delivery at Fifth Square from Al-Marasem","3",3,160,"Apartment","Unfurnished","Built in Kitchen Appliances, Covered parking, Pets Allowed, Electricity Meter, Water Meter, Natural Gas, Balcony or Terrace, Gym or Health Club, Facilities for Disabled, Jacuzzi, Kids Play Area, Lawn or Garden, Business Center, Security Staff, CCTV Security, Satellite/Cable TV","https://www.bayut.eg/en/property/details-503460681.html","2026-05-04 00:00:00","bayut","2026-05-07 11:06:08.844","2026-05-09 18:54:11.35099"
75,"5c9bbdc27298faffc69b80a1fb8acb40",8732000,"Mostakbal City, Cairo","Valda Village Mostakbal City Valda Developments 3 Bedroom Apartment With Installments Delivery 4 Years Semi Finished","3",3,160,"Apartment","Unfurnished","Covered parking, Pets Allowed, Parking Spaces: 1, Electricity Meter, Water Meter, Natural Gas, Landline, Balcony or Terrace, Completion Year: 5, Gym or Health Club, Swimming Pool, Jacuzzi, Sauna, Kids Play Area, Lawn or Garden, Barbeque Area, Cafeteria or Canteen, Maintenance Staff, Cleaning Services, Security Staff, CCTV Security, Laundry Facility","https://www.bayut.eg/en/property/details-503460665.html","2026-05-04 00:00:00","bayut","2026-05-07 11:06:09.104","2026-05-09 18:54:12.98134"
93,"7a97729f2ffc9f455d1e1d774d13a64e",12000000,"Sarai, Mostakbal City, Cairo","Pay 12M only for villa in Sarai Mostakbal near Spine Madinaty towers minutes from Bloomfields Aliva Lavenir Haptown Capital Gardens Zizinia City","3",3,175,"Villa","Unfurnished","","https://www.bayut.eg/en/property/details-503471516.html","2026-05-05 00:00:00","bayut","2026-05-07 11:12:42.917","2026-05-09 18:57:21.207112"
94,"f916f0e2343fd553f5fc9a5301c18928",8120000,"Taj City Compound, 1st Settlement, New Cairo, Cairo","For sale on the Suez Road opposite Spin Madinaty a ground floor apartment next to Sodic minutes from Hyde Park La Vista Mountain View","3",2,126,"Apartment","Unfurnished","","https://www.bayut.eg/en/property/details-503471402.html","2026-05-05 00:00:00","bayut","2026-05-07 11:12:43.612","2026-05-09 18:57:21.548143"
76,"c131b5f149ae234fcd20341c244ce77a",15000000,"Hyde Park New Cairo Compound, 5th Settlement, New Cairo, Cairo","A standalone villa with immediate delivery in Hyde Park – next to the American University and South Teseen.","4",3,330,"Villa","Unfurnished","Built in Kitchen Appliances, Covered parking, Pets Allowed, Electricity Meter, Water Meter, Natural Gas, Landline, Balcony or Terrace, Lobby in Building, Service Elevators, Prayer Room, Reception/Waiting Room, First Aid Medical Center, Gym or Health Club, Facilities for Disabled, Swimming Pool, Jacuzzi, Sauna, Steam Room, Day Care Center, Kids Play Area, Lawn or Garden, Barbeque Area, Cafeteria or Canteen, Business Center, Conference Room, Security Staff, CCTV Security, Shared Kitchen, Laundry Room, Laundry Facility, Maids Room","https://www.bayut.eg/en/property/details-503462498.html","2026-05-04 00:00:00","bayut","2026-05-07 11:06:09.336","2026-05-09 18:54:14.722023"
77,"32141c484fa0fb37fa7b639d3e27df91",49974000,"Madinaty, Cairo","One of the most distinctive villas in Madinaty, Villa B3 is for sale in VG3 at Four Seasons, Block 25. It has an area of 601 square meters, located on","6",6,601,"Villa","Unfurnished","Covered parking, Kids Play Area, Lawn or Garden, Barbeque Area","https://www.bayut.eg/en/property/details-503463832.html","2026-05-04 00:00:00","bayut","2026-05-07 11:06:09.562","2026-05-09 18:57:15.399881"
78,"bf1248406fdc5854c74fa225123c3f88",8760000,"Sarai, Mostakbal City, Cairo","3-bedroom apartment for sale at half price in Sarai opposite Spin Madinaty minutes from Al Burouj Al Shorouk near Sodic La Vista","3",2,159,"Apartment","Unfurnished","","https://www.bayut.eg/en/property/details-503385762.html","2026-05-04 00:00:00","bayut","2026-05-07 11:06:09.787","2026-05-09 18:57:15.762739"
79,"0ba41b5d1ab19a06ab6c54bf44e10181",16774000,"Palm Hills New Cairo Compound, 5th Settlement, New Cairo, Cairo","Townhouse for sale at Palm Hills New Cairo Ready to move with installments","4",3,224,"Townhouse","Unfurnished","Balcony or Terrace, Covered parking, Gym or Health Club, Lawn or Garden, Security Staff","https://www.bayut.eg/en/property/details-503460235.html","2026-05-04 00:00:00","bayut","2026-05-07 11:06:10.02","2026-05-09 18:57:16.10806"
80,"c5bbbf4922a186c248570611f96e14a6",3167000,"Shorouk City, Cairo","ِApartment 171sqm² landscape view, Directly on El-Hurriya Road, close to Carrefour and all services ,Third District,Shorouk City","2",3,171,"Apartment","Unfurnished","Covered parking, Pets Allowed, Parking Spaces: 1, Electricity Meter, Natural Gas, Landline, Balcony or Terrace, Elevators in Building: 1, Lawn or Garden, CCTV Security, Broadband Internet, Satellite/Cable TV, Intercom","https://www.bayut.eg/en/property/details-503461670.html","2026-05-04 00:00:00","bayut","2026-05-07 11:06:10.264","2026-05-09 18:57:16.452144"
81,"58ff447e5fbd73d11540043a9ddb80c2",11500000,"Mountain View Hyde Park Compound, 5th Settlement, New Cairo, Cairo","Lowest I villa Roof Ready to move with very prime location in mountain view hyde park compound","3",3,234,"iVilla","","Built in Kitchen Appliances, Covered parking, Balcony or Terrace, Reception/Waiting Room, Gym or Health Club, Swimming Pool, Kids Play Area, Security Staff","https://www.bayut.eg/en/property/details-503460779.html","2026-05-04 00:00:00","bayut","2026-05-07 11:06:10.592","2026-05-09 18:57:16.796433"
82,"4e792db1fb64fdddca941c4b82ca333a",14000000,"Al Burouj, Shorouk City, Cairo","immediate resale twin house villa with the lowest price in the market in installments for quick sale in Al Burouj compound","4",5,270,"Twin House","Unfurnished","","https://www.bayut.eg/en/property/details-503212215.html","2026-05-04 00:00:00","bayut","2026-05-07 11:06:10.834","2026-05-09 18:57:17.14202"
83,"6eb6192156b3927ca17a4c5dc8eb23f1",7750000,"Mountain View iCity Compound, 5th Settlement, New Cairo, Cairo","Ready To Move 3 Bed Apartment In Mountain View Icity - New Cairo","3",2,165,"Apartment","Unfurnished","Balcony or Terrace, Pets Allowed, Security Staff","https://www.bayut.eg/en/property/details-503465696.html","2026-05-04 00:00:00","bayut","2026-05-07 11:06:11.056","2026-05-09 18:57:17.480869"
84,"59ec162e72f364b08460c74a49fb9ab3",20000000,"La Vista City, New Capital City, Cairo","Modern Corner Twin House 285m² BUA on 303m² Land in La Vista City Parcel 6, Ready to Move, Semi Finished","4",4,285,"Twin House","Unfurnished","Pets Allowed, Balcony or Terrace, Completion Year, First Aid Medical Center, Lawn or Garden, Security Staff, Laundry Room, Maids Room","https://www.bayut.eg/en/property/details-503460430.html","2026-05-04 00:00:00","bayut","2026-05-07 11:06:11.282","2026-05-09 18:57:17.825219"
85,"d8823375b3ef97e0f09bdd1fd7dbfc4e",10100000,"The Address East Compound, 5th Settlement, New Cairo, Cairo","Fully Finished Apartment Prime Location - 5 Years Installments","3",3,160,"Apartment","Unfurnished","Covered parking, Pets Allowed, Electricity Meter, Water Meter, Natural Gas, Landline","https://www.bayut.eg/en/property/details-503460330.html","2026-05-04 00:00:00","bayut","2026-05-07 11:06:11.535","2026-05-09 18:57:18.165791"
86,"16605faf53968e42f359c3f484b74dc8",16400000,"Sarai, Mostakbal City, Cairo","At the old price, a villa in a garden at the price of a ready apartment for viewing, wall to wall with Madinaty in Saray.","3",3,206,"Villa","Unfurnished","Covered parking, Pets Allowed","https://www.bayut.eg/en/property/details-503453134.html","2026-05-04 00:00:00","bayut","2026-05-07 11:06:11.775","2026-05-09 18:57:18.504237"
87,"964b14e8ef942d0c4eaee339d4837427",3990000,"Al Maqsad, New Capital City, Cairo","Unbelievable Offer ! apartment 157m - fully finished - ready to move - best cash discount 50% in al maqsed - very low price after discount","3",2,157,"Apartment","Unfurnished","Covered parking, Pets Allowed, Electricity Meter, Natural Gas, Balcony or Terrace, Lobby in Building, Kids Play Area, Barbeque Area, Security Staff, 24 Hours Concierge","https://www.bayut.eg/en/property/details-503460000.html","2026-05-03 00:00:00","bayut","2026-05-07 11:06:12.042","2026-05-09 18:57:18.847003"
88,"19c370bbc8ec216c5a778e8bffe8324f",7200000,"Mountain View iCity Compound, 5th Settlement, New Cairo, Cairo","Ready to move Ground Apartment Fully Finished compound Mountain view icity with Ac’s open view and landscape view Bahary","3",2,135,"Apartment","Unfurnished","Pets Allowed, Electricity Meter, Centrally Air-Conditioned, Water Meter, Natural Gas, Central A/C & heating, Balcony or Terrace, Completion Year, First Aid Medical Center, Lawn or Garden, Security Staff, Laundry Room, Maids Room","https://www.bayut.eg/en/property/details-503460399.html","2026-05-04 00:00:00","bayut","2026-05-07 11:06:12.287","2026-05-09 18:57:19.189679"
89,"7986bde97b8a020e2512ed1cfd6b1b94",15000000,"Mountain View 1.1, 5th Settlement, New Cairo, Cairo","A fully finished villa for immediate delivery in Mountain View next to AUC","4",5,540,"Villa","","Covered parking, Pets Allowed, Electricity Meter, Water Meter, Natural Gas, Landline, First Aid Medical Center, Gym or Health Club, Facilities for Disabled, Swimming Pool, Jacuzzi, Sauna, Steam Room, Day Care Center, Kids Play Area, Lawn or Garden, Barbeque Area, Cafeteria or Canteen, 24 Hours Concierge","https://www.bayut.eg/en/property/details-503455534.html","2026-05-03 00:00:00","bayut","2026-05-07 11:06:12.527","2026-05-09 18:57:19.531167"
90,"0bb9f8d9844a6de67b765ae0312c6817",4600000,"Ray Residence, New Capital City, Cairo","Own Your Apartment in One of the Most Vibrant and Prime Locations in R8","3",3,175,"Apartment","Unfurnished","Covered parking, Electricity Meter, Natural Gas, Landline, Gym or Health Club, Swimming Pool, Jacuzzi, Sauna, Kids Play Area, Lawn or Garden, Barbeque Area, Cafeteria or Canteen","https://www.bayut.eg/en/property/details-503459493.html","2026-05-03 00:00:00","bayut","2026-05-07 11:06:12.799","2026-05-09 18:57:19.876029"
91,"878261be10b6b89ebffc1e95ed2a3c48",4200000,"The Icon Residence Compound, 5th Settlement, New Cairo, Cairo","Own an apartment in the best location next to Hyde Park and Katameya Dunes in The Icon Compound, Fifth Settlement","3",2,145,"Apartment","","Electricity Meter, Water Meter, Natural Gas, Landline, Balcony or Terrace, First Aid Medical Center, Gym or Health Club, Jacuzzi, Kids Play Area, Maintenance Staff, Cleaning Services, Security Staff, Broadband Internet","https://www.bayut.eg/en/property/details-503420339.html","2026-05-03 00:00:00","bayut","2026-05-07 11:06:13.027","2026-05-09 18:57:20.499243"
95,"62f7c44e16e07a7ca9de8e17c1c6ef4d",11750000,"Madinaty, Cairo","Apartment for sale in madinaty B1, wide garden view, first resident, area ( 211 sq )","3",3,211,"Apartment","Unfurnished","Covered parking, Pets Allowed, Parking Spaces: 3, Electricity Meter, Water Meter, Double Glazed Windows, Storage Areas, Natural Gas, Landline, Study Room, Lobby in Building, Elevators in Building: 2, Completion Year: 4, Reception/Waiting Room, Flooring, Total Floors: 5, First Aid Medical Center, Gym or Health Club, Facilities for Disabled, Swimming Pool, Jacuzzi, Sauna, Steam Room, Day Care Center, Kids Play Area, Lawn or Garden, Barbeque Area, Cafeteria or Canteen, Waste Disposal, Maintenance Staff, Cleaning Services, Business Center, Conference Room, Security Staff, Shared Kitchen, Satellite/Cable TV, Intercom, 24 Hours Concierge, View, Freehold","https://www.bayut.eg/en/property/details-503468897.html","2026-05-05 00:00:00","bayut","2026-05-07 11:12:43.833","2026-05-09 18:57:21.886715"
96,"8cb953499a962a40faca041907f81f10",59000000,"Madinaty, Cairo","Standalone Villa for Sale – Golf & Lakes View in the Most Prestigious Phase of Madinaty (VG1)","5",5,441,"Villa","Unfurnished","Covered parking, Balcony or Terrace, Lobby in Building, Completion Year: 3, Total Floors: 3, Lawn or Garden, Security Staff, Laundry Room, Maids Room, View, Freehold","https://www.bayut.eg/en/property/details-503459535.html","2026-05-03 00:00:00","bayut","2026-05-07 11:20:29.275","2026-05-09 18:57:22.229638"
97,"9b85d86eb3d678043d4ef6081984b96b",6800000,"Mountain View iCity Compound, 5th Settlement, New Cairo, Cairo","Ready to move Semi finished 3 bedrooms apartment for sale in Mountain view Icity compound 5th settlement new cairo","3",3,155,"Apartment","Unfurnished","Built in Kitchen Appliances, Covered parking, Pets Allowed, Electricity Meter, Water Meter, Natural Gas, Landline, First Aid Medical Center, Gym or Health Club, Facilities for Disabled, Swimming Pool, Jacuzzi, Sauna, Steam Room, Day Care Center, Kids Play Area, Lawn or Garden, Barbeque Area, Cafeteria or Canteen, Shared Kitchen, Laundry Room, Laundry Facility","https://www.bayut.eg/en/property/details-503459299.html","2026-05-03 00:00:00","bayut","2026-05-07 11:20:30.054","2026-05-09 18:57:22.596511"
98,"1ef08179ea6f9025e915af017058034d",42000000,"Dyar Compound, 5th Settlement, New Cairo, Cairo","Under Market Price Standalone Villa for Sale in Dyar Arco Prime Location North Facing Landscape & Lake View New Cairo Fifth Settlement 5th Settlement","4",4,500,"Villa","Unfurnished","","https://www.bayut.eg/en/property/details-503188068.html","2026-05-03 00:00:00","bayut","2026-05-07 11:20:30.301","2026-05-09 18:57:22.937802"
99,"a749987d74746944f30497f0267793b7",20500000,"Hyde Park New Cairo Compound, 5th Settlement, New Cairo, Cairo","Ready To Move Townhouse with facilities for sale in New Cairo Hyde Park Compound 5th settlement","3",3,234,"Villa","Unfurnished","Built in Kitchen Appliances, Covered parking, Pets Allowed, Electricity Meter, Water Meter, Natural Gas, Landline, First Aid Medical Center, Gym or Health Club, Facilities for Disabled, Swimming Pool, Jacuzzi, Sauna, Steam Room, Day Care Center, Kids Play Area, Lawn or Garden, Barbeque Area, Cafeteria or Canteen, Shared Kitchen, Laundry Room, Laundry Facility","https://www.bayut.eg/en/property/details-503458491.html","2026-05-03 00:00:00","bayut","2026-05-07 11:20:30.53","2026-05-09 18:57:23.28028"
100,"adbdfdfb6f40dec0e761f2d7318e952c",25200000,"City Gate Compound, 5th Settlement, New Cairo, Cairo","With a Prime View and Special Price Luxury Villa for Sale in City Gate -New Cairo","4",3,220,"Villa","","Built in Kitchen Appliances, Covered parking, Pets Allowed, Electricity Meter, Water Meter, Natural Gas, Landline, Balcony or Terrace, Lobby in Building, Lawn or Garden, Maintenance Staff, Cleaning Services, Business Center, Security Staff, CCTV Security","https://www.bayut.eg/en/property/details-503317703.html","2026-05-03 00:00:00","bayut","2026-05-07 11:20:30.751","2026-05-09 18:57:23.63039"
101,"e72fb5daa2c832cd2387384c4f5a9724",18500000,"Mountain View Hyde Park Compound, 5th Settlement, New Cairo, Cairo","I villa A special corner Double view 4 bedrooms for sale in Mountain view Hyde park new cairo 5th settlement","4",4,324,"Duplex","Unfurnished","Built in Kitchen Appliances, Covered parking, Pets Allowed, Electricity Meter, Water Meter, Natural Gas, Landline, First Aid Medical Center, Gym or Health Club, Facilities for Disabled, Swimming Pool, Jacuzzi, Sauna, Steam Room, Day Care Center, Kids Play Area, Lawn or Garden, Barbeque Area, Cafeteria or Canteen, Shared Kitchen, Laundry Room, Laundry Facility","https://www.bayut.eg/en/property/details-503457896.html","2026-05-03 00:00:00","bayut","2026-05-07 11:20:30.972","2026-05-09 18:57:23.97194"
102,"d43c8469f941d35690a2e82144e0c570",40000000,"Mivida Compound, 5th Settlement, New Cairo, Cairo","Finished Villa RTM with Landscape View in Mivida, next to Villette, Hyde Park and AUC","5",5,356,"Villa","Unfurnished","Covered parking, Pets Allowed, Electricity Meter, Water Meter, Natural Gas, Landline, Balcony or Terrace, First Aid Medical Center, Gym or Health Club, Swimming Pool, Jacuzzi, Sauna, Steam Room, Day Care Center, Kids Play Area, Lawn or Garden, Barbeque Area, Waste Disposal, Maintenance Staff, Cleaning Services, Security Staff, CCTV Security, ATM Facility, Maids Room","https://www.bayut.eg/en/property/details-503457400.html","2026-05-03 00:00:00","bayut","2026-05-07 11:20:31.207","2026-05-09 18:57:25.096785"
103,"34c68f92ce3f63831371478accba2ee2",18500000,"Hyde Park New Cairo Compound, 5th Settlement, New Cairo, Cairo","Twin House Immediate delivery View Infinity Lagoon in Hyde Park - Fifth Settlement | on the Southern Ninety","4",4,300,"Twin House","","Covered parking, Balcony or Terrace, Gym or Health Club, Swimming Pool, Jacuzzi, Lawn or Garden, Barbeque Area, Security Staff, Laundry Room, Maids Room","https://www.bayut.eg/en/property/details-503457330.html","2026-05-03 00:00:00","bayut","2026-05-07 11:20:31.428","2026-05-09 18:57:25.531238"
104,"ba644b40ce85031c6d472fb10b5ce74e",9500000,"Hyde Park New Cairo Compound, 5th Settlement, New Cairo, Cairo","Apartment for sale in a distinguished compound, 3 bedrooms, 140 square meters, at the lowest price with a stunning view. 10-year installments, only 5%","3",3,140,"Apartment","Unfurnished","Built in Kitchen Appliances, Furnished, Covered parking, Electricity Backup, Parking Spaces: 3, Electricity Meter, Centrally Air-Conditioned, Sea view, Central Heating, Water Meter, Double Glazed Windows, Storage Areas, Natural Gas, Landline, Study Room, Central A/C & heating","https://www.bayut.eg/en/property/details-503465534.html","2026-05-04 00:00:00","bayut","2026-05-07 11:20:31.648","2026-05-09 18:57:26.008514"
105,"d9780d782c156541e6368353c17df205",3763600,"Kardia, New Capital City, Cairo","Best north pool-view apt, launch price by uni & hotel","4",3,192,"Apartment","Unfurnished","","https://www.bayut.eg/en/property/details-503459503.html","2026-05-03 00:00:00","bayut","2026-05-07 11:20:31.867","2026-05-09 18:57:26.677239"
106,"a92ea018f7b8c57fb775ae68c63dbd88",20500000,"Palm Hills New Cairo Compound, 5th Settlement, New Cairo, Cairo","Very exclusive price Ready to Move 3 bedrooms Twin house for sale in Palm Hills New Cairo compound fifth settlement","3",4,298,"Twin House","Unfurnished","Built in Kitchen Appliances, Covered parking, Pets Allowed, Electricity Meter, Water Meter, Natural Gas, Landline, First Aid Medical Center, Gym or Health Club, Facilities for Disabled, Swimming Pool, Jacuzzi, Sauna, Steam Room, Day Care Center, Kids Play Area, Lawn or Garden, Barbeque Area, Cafeteria or Canteen, Shared Kitchen, Laundry Room, Laundry Facility","https://www.bayut.eg/en/property/details-503308917.html","2026-05-03 00:00:00","bayut","2026-05-07 11:20:32.094","2026-05-09 18:57:27.226549"
107,"78f6d5b46cc2a1e8e8ebe93c55d45ee4",14000000,"New Cairo, Cairo","Townhouse 190m², immediate delivery with a down payment of 375,000 in the heart of New Cairo","4",4,190,"Townhouse","","Covered parking, Pets Allowed, Electricity Meter, Water Meter, Natural Gas, Landline, Balcony or Terrace, Maintenance Staff, Security Staff","https://www.bayut.eg/en/property/details-503455794.html","2026-05-03 00:00:00","bayut","2026-05-07 11:20:32.328","2026-05-09 18:57:27.958182"
108,"dd7bcbceafe4d8132dfce82c66f2194a",5100000,"Noor City, New Capital City, Cairo","Apartment for sale in Madinat Noor, 123 m, old reservation with the lowest total contract, garden view, very special location.","3",2,123,"Apartment","Unfurnished","Covered parking, Electricity Backup, Pets Allowed, Parking Spaces: 2, Electricity Meter, Water Meter, Double Glazed Windows, Storage Areas, Natural Gas, Landline, Study Room, Balcony or Terrace, Elevators in Building: 1, Service Elevators, Prayer Room, Reception/Waiting Room, First Aid Medical Center, Gym or Health Club, Facilities for Disabled, Swimming Pool, Jacuzzi, Sauna, Steam Room, Day Care Center, Kids Play Area, Lawn or Garden, Barbeque Area, Cafeteria or Canteen, Waste Disposal, Maintenance Staff, Cleaning Services, Business Center, Conference Room, Security Staff, CCTV Security, Laundry Facility, Broadband Internet, Satellite/Cable TV, Intercom, 24 Hours Concierge, Freehold","https://www.bayut.eg/en/property/details-503425189.html","2026-05-03 00:00:00","bayut","2026-05-07 11:20:32.548","2026-05-09 18:57:28.418707"
109,"a2cd4f76274dbe5316e6a1da9abb9fc7",67000000,"Uptown Cairo, Mokattam, Cairo","Luxury Living Awaits You ! standalone villa 586m -6bedrooms - direct on golf - very low price in market - up town cairo","6",6,586,"Villa","Unfurnished","Covered parking, Pets Allowed, Balcony or Terrace, Lobby in Building, Kids Play Area, Barbeque Area, Security Staff, 24 Hours Concierge","https://www.bayut.eg/en/property/details-503478850.html","2026-05-07 00:00:00","bayut","2026-05-07 11:20:32.776","2026-05-09 18:57:28.814558"
110,"6a64021d0aab7ce4c241beac22fcdb39",22500000,"Palm Hills New Cairo Compound, 5th Settlement, New Cairo, Cairo","Very prime location greenery & land scape view downpayment and installments Standalone villa for sale in Palm hills new cairo compound","4",4,338,"Villa","Unfurnished","Built in Kitchen Appliances, Covered parking, Pets Allowed, Electricity Meter, Sea view, Water Meter, Natural Gas, Landline, First Aid Medical Center, Gym or Health Club, Facilities for Disabled, Swimming Pool, Jacuzzi, Sauna, Steam Room, Day Care Center, Kids Play Area, Lawn or Garden, Barbeque Area, Cafeteria or Canteen, Shared Kitchen, Laundry Room, Laundry Facility","https://www.bayut.eg/en/property/details-503456617.html","2026-05-03 00:00:00","bayut","2026-05-07 11:20:32.993","2026-05-09 18:57:29.386081"
111,"7cbe3b5f31dc3af45152c4d044ab5231",6560000,"Shorouk City, Cairo","164 sqm Apartment for Sale in Town Square Villas Compound – El Shorouk | Installments up to 4 Years","3",2,164,"Apartment","Unfurnished","","https://www.bayut.eg/en/property/details-503458755.html","2026-05-03 00:00:00","bayut","2026-05-07 11:20:33.225","2026-05-09 18:57:29.915443"
112,"81f6b14df11849605d5c02ab94c39457",15000000,"Zed East Compound, 6th Settlement, New Cairo, Cairo","Luxury villa with 3 fully finished floors with air conditioning, landscape view next to Mivida near Katameya Heights","3",3,215,"Townhouse","","Built in Kitchen Appliances, Covered parking, Pets Allowed, Electricity Meter, Centrally Air-Conditioned, Water Meter, Storage Areas, Natural Gas, Landline, Central A/C & heating, Balcony or Terrace, First Aid Medical Center, Gym or Health Club, Facilities for Disabled, Swimming Pool, Jacuzzi, Sauna, Steam Room, Day Care Center, Kids Play Area, Lawn or Garden, Barbeque Area, Cafeteria or Canteen, Waste Disposal, Maintenance Staff, Cleaning Services, Security Staff, Broadband Internet, Satellite/Cable TV, Intercom","https://www.bayut.eg/en/property/details-503456660.html","2026-05-03 00:00:00","bayut","2026-05-07 11:20:33.445","2026-05-09 18:57:30.413281"
113,"7e47bd2b5201cd6cf7453acbad6cd9d1",10000000,"Fifth Square Compound, 5th Settlement, New Cairo, Cairo","The last penthouse available ready for living and furnished with air conditioning in Fifth Square next to Mivida Emaar.","3",3,187,"Penthouse","Unfurnished","Covered parking, Pets Allowed, Electricity Meter, Water Meter, Natural Gas, Landline, First Aid Medical Center, Gym or Health Club, Facilities for Disabled, Swimming Pool, Jacuzzi, Sauna, Steam Room, Day Care Center, Kids Play Area, Lawn or Garden, Barbeque Area, Cafeteria or Canteen","https://www.bayut.eg/en/property/details-503456653.html","2026-05-03 00:00:00","bayut","2026-05-07 11:20:33.671","2026-05-09 18:57:30.841415"
114,"fdc5e60045d0682ef380910eaf9e9941",14900000,"Hyde Park New Cairo Compound, 5th Settlement, New Cairo, Cairo","Prime location landscape view downpayment and installments Semi-finished 3 bedrooms apartment for sale in Hyde park compound new cairo","3",4,177,"Apartment","Unfurnished","Built in Kitchen Appliances, Covered parking, Pets Allowed, Electricity Meter, Water Meter, Natural Gas, Landline, First Aid Medical Center, Gym or Health Club, Facilities for Disabled, Swimming Pool, Jacuzzi, Sauna, Steam Room, Day Care Center, Kids Play Area, Lawn or Garden, Barbeque Area, Cafeteria or Canteen, Shared Kitchen, Laundry Room, Laundry Facility","https://www.bayut.eg/en/property/details-503455955.html","2026-05-03 00:00:00","bayut","2026-05-07 11:20:33.892","2026-05-09 18:57:31.503098"
115,"1b97b24feadbcfdc1f7d8cd267670e2f",4385474,"Scene 7, New Capital City, Cairo","Own your apartment in Scene 7 – the first sports-themed compound in R7 in the New Administrative Capital.","2",2,124,"Apartment","Unfurnished","Covered parking, Pets Allowed, Electricity Meter, Water Meter, Natural Gas, Balcony or Terrace, First Aid Medical Center, Gym or Health Club, Jacuzzi, Sauna, Steam Room, Day Care Center, Kids Play Area, Lawn or Garden, Barbeque Area, Cafeteria or Canteen, Security Staff","https://www.bayut.eg/en/property/details-503455005.html","2026-05-03 00:00:00","bayut","2026-05-07 11:26:33.048","2026-05-09 18:57:32.035102"
116,"86df1c0e2a17488be75bbbab18e33720",13000000,"City Gate Compound, 5th Settlement, New Cairo, Cairo","Fully Finished Apartment for sale in City Gate Sapphire Residences New Cairo developed by Qatari Diar","2",3,144,"Apartment","Unfurnished","Balcony or Terrace, Built in Kitchen Appliances, Covered parking, Reception/Waiting Room, Security Staff","https://www.bayut.eg/en/property/details-503391287.html","2026-05-03 00:00:00","bayut","2026-05-07 11:26:33.871","2026-05-09 18:57:32.589415"
117,"8ccde28199c0ebb2a0c158dca3f4fc92",27000000,"Azzar Compound, 5th Settlement, New Cairo, Cairo","Villa standalone for sale dierct on 90 street azzar compound total area 489 meter cash 27000.000","6",4,489,"Villa","","Built in Kitchen Appliances, Covered parking, Pets Allowed, Electricity Meter, Water Meter, Natural Gas, Landline, Balcony or Terrace, Lobby in Building, First Aid Medical Center, Gym or Health Club, Facilities for Disabled, Swimming Pool, Jacuzzi, Sauna, Steam Room, Day Care Center, Kids Play Area, Lawn or Garden, Barbeque Area, Cafeteria or Canteen, Business Center, Conference Room, Security Staff, CCTV Security, Shared Kitchen, Laundry Room, Laundry Facility","https://www.bayut.eg/en/property/details-503460582.html","2026-05-04 00:00:00","bayut","2026-05-07 11:26:34.131","2026-05-09 18:57:32.944981"
118,"13727469c2ab80cf2145c1c98ab15258",62150000,"City Gate Compound, 5th Settlement, New Cairo, Cairo","Semi finished Standalone Villa first row golf for sale in City Gate Phase Garnet New Cairo developed by Qatari Diar","4",4,334,"Villa","Unfurnished","Balcony or Terrace, Maids Room, Covered parking, Security Staff, Laundry Room","https://www.bayut.eg/en/property/details-503389884.html","2026-05-03 00:00:00","bayut","2026-05-07 11:26:34.366","2026-05-09 18:57:33.317349"
119,"efc99a8fcc74cd058e3bd7cdee7d75cd",55000000,"Hayah Residence, 5th Settlement, New Cairo, Cairo","Luxury Standalone Villa for Sale in Hayah Residence – Prime Location with Lake Views","4",5,800,"Villa","","Built in Kitchen Appliances, Covered parking, Pets Allowed, Electricity Meter, Water Meter, Natural Gas, Landline, Central A/C & heating, Balcony or Terrace, Lawn or Garden, Security Staff, Laundry Room, Broadband Internet, Satellite/Cable TV, Intercom, ATM Facility, 24 Hours Concierge, Maids Room, Freehold","https://www.bayut.eg/en/property/details-503454359.html","2026-05-03 00:00:00","bayut","2026-05-07 11:26:34.61","2026-05-09 18:57:33.683339"
120,"04eb4bd41b52e88294f1fb493031cf19",51500000,"City Gate Compound, 5th Settlement, New Cairo, Cairo","Standalone villa with a smart spacious layout ready for customization—ideal for luxury living and investment in City Gate developed by Qatari Diar","5",5,385,"Villa","Unfurnished","Balcony or Terrace, Maids Room, Covered parking, Reception/Waiting Room, Security Staff","https://www.bayut.eg/en/property/details-503391133.html","2026-05-02 00:00:00","bayut","2026-05-07 11:26:34.852","2026-05-09 18:57:34.058175"
121,"e8f4ec3282a05dc410299aede90ab1fa",41680000,"Aliva mostakbal city, Mostakbal City, Cairo","Villa for sale with a down payment of 100,000 from Mountain View, finished and with installments over 10 years","4",4,202,"Villa","Unfurnished","Built in Kitchen Appliances, Covered parking, Electricity Backup, Pets Allowed, Electricity Meter, Centrally Air-Conditioned, Central Heating, Water Meter, Double Glazed Windows, Storage Areas, Natural Gas, Landline, Study Room, Central A/C & heating, Balcony or Terrace, Lobby in Building, Service Elevators, Prayer Room, Reception/Waiting Room, First Aid Medical Center, Gym or Health Club, Facilities for Disabled, Swimming Pool, Jacuzzi, Sauna, Steam Room, Day Care Center, Kids Play Area, Lawn or Garden, Barbeque Area, Cafeteria or Canteen, Waste Disposal, Maintenance Staff, Cleaning Services, Business Center, Conference Room, Security Staff, CCTV Security, Shared Kitchen, Laundry Room, Laundry Facility, Broadband Internet, Satellite/Cable TV, Intercom, ATM Facility, 24 Hours Concierge, Maids Room, Freehold","https://www.bayut.eg/en/property/details-503259031.html","2026-05-02 00:00:00","bayut","2026-05-07 11:26:35.101","2026-05-09 18:57:34.397073"
122,"405dfc0dfa3aaebc48fa6f89e4f408a9",4147000,"Beit Al Watan, 5th Settlement, New Cairo, Cairo","Excellent opportunity for living or investment in Beit Al-Watan – Complementary District","3",3,143,"Apartment","Unfurnished","","https://www.bayut.eg/en/property/details-503010997.html","2026-05-05 00:00:00","bayut","2026-05-07 11:26:35.344","2026-05-09 18:57:34.78874"
123,"f0104914a83498cc89be285efdae9e63",12450000,"Blue Vert, R7, New Capital City, Cairo","Your chance now: ready villa on Bin Zayed Axis","4",4,224,"Villa","Unfurnished","","https://www.bayut.eg/en/property/details-503452974.html","2026-05-02 00:00:00","bayut","2026-05-07 11:26:35.571","2026-05-09 18:57:35.536793"
124,"4693a76feb0ed000f7c051a33196d1e0",5446350,"Defaf, R8, New Capital City, Cairo","Apartment for sale with a direct pool view in R8","4",4,210,"Apartment","Unfurnished","","https://www.bayut.eg/en/property/details-503453690.html","2026-05-02 00:00:00","bayut","2026-05-07 11:26:35.797","2026-05-09 18:57:35.948658"
125,"a6e7a2572b23350363a9ee8719e71c29",85000000,"Katameya Dunes Compound, 5th Settlement, New Cairo, Cairo","Villa 1200 m in katameya dunes second raw golf","7",7,1120,"Villa","","Covered parking, Pets Allowed, Maintenance Staff, Cleaning Services, Business Center, Conference Room, Security Staff, Maids Room","https://www.bayut.eg/en/property/details-503465495.html","2026-05-04 00:00:00","bayut","2026-05-07 11:26:36.023","2026-05-09 18:57:36.587549"
126,"1e49998db1e402976f7e3250b6222f08",40564000,"La Vista City, New Capital City, Cairo","Ready to move Fully finished Corner standalone prime location direct on water features with lowest downpayment and installments","4",4,303,"Villa","Unfurnished","Pets Allowed, Electricity Meter, Water Meter, Balcony or Terrace, Completion Year, First Aid Medical Center, Lawn or Garden, Security Staff, Laundry Room, Maids Room","https://www.bayut.eg/en/property/details-503453800.html","2026-05-02 00:00:00","bayut","2026-05-07 11:26:36.254","2026-05-09 18:57:36.989113"
127,"296fd1bb1d1894e7f7e8cda7b166125e",10920000,"Privado, Madinaty, Cairo","Apartment for sale in the Bravado compound, Madinaty, 150m, old contract, direct view of the services, on the first upper floor with garage, with an u","3",3,150,"Apartment","Unfurnished","Covered parking, Pets Allowed","https://www.bayut.eg/en/property/details-503111600.html","2026-05-02 00:00:00","bayut","2026-05-07 11:26:36.492","2026-05-09 18:57:37.56838"
128,"6fad892fc1d9c431435e97d58448789d",8200000,"Palm Hills New Cairo Compound, 5th Settlement, New Cairo, Cairo","palm hills new cairo ready to move 2 bedrooms apartment with lowest downpayment","2",3,151,"Apartment","Unfurnished","Pets Allowed, Balcony or Terrace, Completion Year: 1, First Aid Medical Center, Security Staff","https://www.bayut.eg/en/property/details-503453625.html","2026-05-02 00:00:00","bayut","2026-05-07 11:26:36.752","2026-05-09 18:57:37.921675"
129,"e7c7e4ea7e66effb339c6f3d6adb13d7",32500000,"Madinaty, Cairo","Villa for Sale in Madinaty, Model C3 Corner unit on a hilltop, wide garden (461sq)","5",4,319,"Villa","Unfurnished","Covered parking, Pets Allowed, Parking Spaces: 3, Electricity Meter, Water Meter, Double Glazed Windows, Storage Areas, Study Room, Balcony or Terrace, Lobby in Building, Reception/Waiting Room, Flooring, Total Floors: 3, First Aid Medical Center, Gym or Health Club, Facilities for Disabled, Swimming Pool, Jacuzzi, Sauna, Steam Room, Day Care Center, Kids Play Area, Lawn or Garden, Barbeque Area, Cafeteria or Canteen, Waste Disposal, Maintenance Staff, Cleaning Services, Business Center, Conference Room, Security Staff, CCTV Security, Shared Kitchen, Satellite/Cable TV, Intercom, 24 Hours Concierge, View","https://www.bayut.eg/en/property/details-503453607.html","2026-05-02 00:00:00","bayut","2026-05-07 11:26:36.985","2026-05-09 18:57:38.266694"
130,"988e58b2a652a30e8fe6b16e57beb2f9",3000000,"EL Patio ORO Compound, 5th Settlement, New Cairo, Cairo","Apartment for sale, ready for immediate occupancy, fully finished, ultra-super-luxurious, with a distinctive view in Fifth Settlement, the most presti","3",2,164,"Apartment","Unfurnished","","https://www.bayut.eg/en/property/details-503453550.html","2026-05-02 00:00:00","bayut","2026-05-07 11:26:37.23","2026-05-09 18:57:38.618017"
131,"cae57d7f8bc572b5e3b337f8bb71b32d",5000000,"Tag Sultan, Nasr City, Cairo","With a 5% down payment, an apartment for sale with a distinctive view on the landscape in Taj City Compound, New Cairo.","5",5,208,"Apartment","Unfurnished","Built in Kitchen Appliances, Covered parking, Pets Allowed, Electricity Meter, Centrally Air-Conditioned, Water Meter, Storage Areas, Natural Gas, Landline, Central A/C & heating, Balcony or Terrace, Gym or Health Club, Swimming Pool, Lawn or Garden, Waste Disposal, Maintenance Staff, Cleaning Services, Security Staff, CCTV Security, Laundry Room, Broadband Internet","https://www.bayut.eg/en/property/details-500635236.html","2026-05-02 00:00:00","bayut","2026-05-07 11:26:37.47","2026-05-09 18:57:38.962989"
132,"7bb35fb2bd84e2765607bc7244463ab5",9000000,"Taj City Compound, 1st Settlement, New Cairo, Cairo","pay 9 million after discount own villa in compound linking new cairo and mostakbal city neighboring the spine madinaty near taj city rehab and shorouk","5",4,239,"Villa","Unfurnished","Built in Kitchen Appliances, Furnished, Covered parking, Electricity Backup, Pets Allowed, Electricity Meter, Centrally Air-Conditioned, Central Heating, Water Meter, Double Glazed Windows, Storage Areas, Natural Gas, Landline, Study Room, Central A/C & heating, Balcony or Terrace, Lobby in Building, Service Elevators, Prayer Room, Reception/Waiting Room, First Aid Medical Center, Gym or Health Club, Facilities for Disabled, Swimming Pool, Jacuzzi, Sauna, Steam Room, Day Care Center, Kids Play Area, Lawn or Garden, Barbeque Area, Cafeteria or Canteen, Waste Disposal, Maintenance Staff, Cleaning Services, Business Center, Conference Room, Security Staff, CCTV Security, Shared Kitchen, Laundry Room, Laundry Facility, Broadband Internet, Satellite/Cable TV, Intercom, ATM Facility, 24 Hours Concierge, Maids Room, Freehold","https://www.bayut.eg/en/property/details-503453698.html","2026-05-02 00:00:00","bayut","2026-05-07 11:26:37.741","2026-05-09 18:57:39.434367"
230,"0c74fb22d702486bc5b42ec7f4f552b0",6300000,"Rehab City, New Cairo, Cairo","For sale in Al Rehab City, a 123 square meter apartment next to the old market and services, second floor.","3",2,123,"Apartment","Unfurnished","","https://www.bayut.eg/en/property/details-503449724.html","2026-04-30 00:00:00","bayut","2026-05-07 22:46:50.275","2026-05-09 18:58:18.228744"
133,"f9494c49acd89081479b63e80ba84447",8000000,"Sodic East, New Heliopolis, Cairo","Apartment Fully Finished Prime View In SODIC East","3",3,157,"Apartment","Unfurnished","Covered parking, Sea view, Storage Areas, Balcony or Terrace, Lobby in Building, First Aid Medical Center, Gym or Health Club, Swimming Pool, Jacuzzi, Sauna, Steam Room, Day Care Center, Kids Play Area, Lawn or Garden, Barbeque Area, Cafeteria or Canteen, Waste Disposal, Maintenance Staff, Cleaning Services, Business Center, Conference Room, Security Staff, 24 Hours Concierge","https://www.bayut.eg/en/property/details-503453234.html","2026-05-02 00:00:00","bayut","2026-05-07 11:26:37.981","2026-05-09 18:57:39.786118"
134,"3322f8de0a551897467ab24f3d361b80",27600000,"The MarQ Compound, 5th Settlement, New Cairo, Cairo","Villa Prime Location in Marq Gardan Ready To Move next to Mountain View iCity","4",4,295,"Villa","Unfurnished","Covered parking, Sea view, Balcony or Terrace, Lobby in Building, First Aid Medical Center, Gym or Health Club, Facilities for Disabled, Swimming Pool, Jacuzzi, Sauna, Steam Room, Day Care Center, Kids Play Area, Lawn or Garden, Barbeque Area, Cafeteria or Canteen, Waste Disposal, Maintenance Staff, Cleaning Services, Business Center, Conference Room, Security Staff, 24 Hours Concierge, Maids Room","https://www.bayut.eg/en/property/details-503453229.html","2026-05-02 00:00:00","bayut","2026-05-07 11:26:38.215","2026-05-09 18:57:40.149297"
135,"4bd49dc5875312af36c969839f601b23",18186000,"Granville, New Capital City, Cairo","Finished townhouse, ready to move on South Bin Zayed","4",5,246,"Townhouse","Unfurnished","","https://www.bayut.eg/en/property/details-503452684.html","2026-05-02 00:00:00","bayut","2026-05-07 11:26:38.475","2026-05-09 18:57:40.496978"
136,"f2d46eca4937587a74e55606cae89e7b",17000000,"Shorouk City, Cairo","villa for sale fully finished and big area cash 17000.000 4 bedrooms and nany room","5",4,240,"Villa","","Built in Kitchen Appliances, Covered parking, Pets Allowed, Electricity Meter, Water Meter, Natural Gas, Landline, Day Care Center, Kids Play Area, Lawn or Garden, Barbeque Area, Cafeteria or Canteen","https://www.bayut.eg/en/property/details-503454277.html","2026-05-02 00:00:00","bayut","2026-05-07 11:26:38.707","2026-05-09 18:57:40.856786"
137,"68734a7eed6be8edf2cc1d8c230ea0f4",5814366,"Scenario, New Capital City, Cairo","Apartment with immediate delivery in the first inhabited project in R7, New Administrative Capital.","3",3,193,"Apartment","Unfurnished","Pets Allowed, Electricity Meter, Water Meter, Natural Gas, Landline, Day Care Center, Kids Play Area, Lawn or Garden, Barbeque Area, Cafeteria or Canteen","https://www.bayut.eg/en/property/details-503453336.html","2026-05-02 00:00:00","bayut","2026-05-07 11:26:38.935","2026-05-09 18:57:41.204396"
138,"c7a84b69265bb1cefcae732a361da660",6174000,"Lagoons, R8, New Capital City, Cairo","Open View Duplex on Lagoons in Lagoons New Capital","4",5,295,"Apartment","Unfurnished","Built in Kitchen Appliances, Landline, First Aid Medical Center, Gym or Health Club, Swimming Pool, Jacuzzi, Sauna, Steam Room, Day Care Center, Kids Play Area, Lawn or Garden, Barbeque Area, Cafeteria or Canteen, Waste Disposal, Maintenance Staff, Cleaning Services, Business Center, Conference Room, Security Staff, CCTV Security, Shared Kitchen, Laundry Room, Laundry Facility, Broadband Internet, Satellite/Cable TV, Intercom, 24 Hours Concierge","https://www.bayut.eg/en/property/details-503481178.html","2026-05-07 00:00:00","bayut","2026-05-07 22:46:25.642","2026-05-09 18:57:41.545044"
139,"52fbd15d8e0ce8d8296231b1c5fff37a",2400000,"Rehab City, New Cairo, Cairo","Fully finished apartment for sale in the Fifth Settlement in Rehab, across from the Swanlake Hassan Allam compound","3",2,144,"Apartment","Unfurnished","Built in Kitchen Appliances, Furnished, Covered parking, Electricity Backup, Pets Allowed, Electricity Meter, Centrally Air-Conditioned, Central Heating, Water Meter, Double Glazed Windows, Storage Areas, Natural Gas, Landline, Study Room, Central A/C & heating, Balcony or Terrace, Lobby in Building, Prayer Room, Reception/Waiting Room, First Aid Medical Center, Gym or Health Club, Facilities for Disabled, Swimming Pool, Jacuzzi, Sauna, Steam Room, Day Care Center, Kids Play Area, Lawn or Garden, Barbeque Area, Cafeteria or Canteen, Waste Disposal, Maintenance Staff, Cleaning Services, Business Center, Conference Room, Security Staff, CCTV Security, Shared Kitchen, Laundry Room, Laundry Facility, Broadband Internet, Satellite/Cable TV, Intercom, ATM Facility, 24 Hours Concierge, Maids Room, Freehold","https://www.bayut.eg/en/property/details-503351707.html","2026-05-07 00:00:00","bayut","2026-05-07 22:46:26.302","2026-05-09 18:57:41.889906"
140,"10b70e3e55f2e8c660e62cc4dbbd2710",9300000,"La Vista City, New Capital City, Cairo","Fully finished townhouse ready for immediate delivery in La Vista City compound New Cairo The compound is fully inhabited and complete","4",4,235,"Townhouse","Unfurnished","Covered parking, Electricity Backup, Pets Allowed, Electricity Meter, Centrally Air-Conditioned, Central Heating, Water Meter, Double Glazed Windows, Natural Gas, Landline, Central A/C & heating, Balcony or Terrace, Lobby in Building, Service Elevators, First Aid Medical Center, Gym or Health Club, Facilities for Disabled, Swimming Pool, Jacuzzi, Sauna, Steam Room, Day Care Center, Kids Play Area, Lawn or Garden, Barbeque Area, Cafeteria or Canteen, Waste Disposal, Maintenance Staff, Cleaning Services, Business Center, Conference Room, Security Staff, CCTV Security, Broadband Internet, Satellite/Cable TV, Intercom, ATM Facility, 24 Hours Concierge","https://www.bayut.eg/en/property/details-503481890.html","2026-05-07 00:00:00","bayut","2026-05-07 22:46:26.544","2026-05-09 18:57:42.238194"
141,"831f52baf8fa53fbad3e751ee61cff4d",7200000,"Yaru, New Capital City, Cairo","Own townhouse now, 23K/m², ready for viewing","4",4,311,"Townhouse","Unfurnished","","https://www.bayut.eg/en/property/details-503480949.html","2026-05-07 00:00:00","bayut","2026-05-07 22:46:26.771","2026-05-09 18:57:42.583252"
142,"ff836f407a70609145a7646ff99fe9ef",4000000,"Sage Lakes, New Capital City, Cairo","Your apartment with an open north-facing view at the project’s launch price in R8 at the New Administrative Capital.","3",2,149,"Apartment","Unfurnished","","https://www.bayut.eg/en/property/details-503480578.html","2026-05-07 00:00:00","bayut","2026-05-07 22:46:26.99","2026-05-09 18:57:42.921087"
143,"9ccc6f7eb1a98a167fa8187fc01b13e5",6500000,"Taj City Compound, 1st Settlement, New Cairo, Cairo","Apartment for sale in Taj city new Cairo Ready to move Phase zone T MNHD","2",1,133,"Apartment","","Built in Kitchen Appliances, Covered parking, Pets Allowed, Electricity Meter, Water Meter, Natural Gas, Balcony or Terrace, Gym or Health Club, Swimming Pool, Lawn or Garden, Security Staff","https://www.bayut.eg/en/property/details-502779341.html","2026-05-07 00:00:00","bayut","2026-05-07 22:46:27.208","2026-05-09 18:57:43.259633"
144,"dcd4cd9d740bb6bd2365825246c9bac0",63000000,"City Gate Compound, 5th Settlement, New Cairo, Cairo","First Row Golf 6BR Villa open view over 8 years installments !!","6",7,423,"Villa","Unfurnished","Built in Kitchen Appliances, Furnished, Covered parking, Electricity Backup, Pets Allowed, Electricity Meter, Centrally Air-Conditioned, Water Meter, Double Glazed Windows, Storage Areas, Natural Gas, Landline, Study Room, Central A/C & heating, Balcony or Terrace, Service Elevators, Reception/Waiting Room, First Aid Medical Center, Gym or Health Club, Facilities for Disabled, Swimming Pool, Jacuzzi, Sauna, Steam Room, Day Care Center, Kids Play Area, Lawn or Garden, Barbeque Area, Cafeteria or Canteen, Business Center, Conference Room, Security Staff, CCTV Security, Shared Kitchen, Laundry Room, Laundry Facility, Broadband Internet, Satellite/Cable TV, Intercom, 24 Hours Concierge, Maids Room, Freehold","https://www.bayut.eg/en/property/details-503480318.html","2026-05-07 00:00:00","bayut","2026-05-07 22:46:27.431","2026-05-09 18:57:43.59943"
1555,"6a160c934b59bab8b82fe2028b359147",35000,"The Address, Sheikh Zayed","","3",2,134,"Apartment","Furnished","","https://www.dubizzle.com.eg/en/ad/a-premium-apartment-with-the-perfect-space-for-elegant-living-134-sqm-ID503320903.html","2026-05-09 13:57:01.392","dubizzle","2026-05-09 13:57:01.392","2026-05-09 20:36:13.119831"
145,"9f60cb396fcf287987f19462369a9c09",31000000,"La Vista City, New Capital City, Cairo","LOWEST PRICE La Vista City Modern Villa 450m BUA DIRECT TO POOL","6",6,450,"Villa","","Covered parking, Pets Allowed, Electricity Meter, Water Meter, Natural Gas, Landline, Completion Year: 3, Swimming Pool, Kids Play Area, Lawn or Garden, Barbeque Area, Waste Disposal, Maintenance Staff, Cleaning Services, Maids Room","https://www.bayut.eg/en/property/details-503297419.html","2026-05-07 00:00:00","bayut","2026-05-07 22:46:27.654","2026-05-09 18:57:43.945073"
146,"e4614d962e600dc7501a311b8938f979",10000000,"La Vista City, New Capital City, Cairo","Fully Finished Townhouse for Sale with Immediate Delivery in a Prime Location and Stunning View at La Vista Compound, New Cairo","4",3,265,"Townhouse","Unfurnished","Balcony or Terrace, Swimming Pool, Kids Play Area, Lawn or Garden, Barbeque Area, Security Staff, 24 Hours Concierge","https://www.bayut.eg/en/property/details-503481922.html","2026-05-07 00:00:00","bayut","2026-05-07 22:46:27.872","2026-05-09 18:57:44.287938"
147,"f4169d30e79281598b1c826044407c4b",55000000,"Uptown Cairo, Mokattam, Cairo","cheapest resale standalone villa fully finished in Uptown Cairo Emaar Misr with the lowest price in the market for quick sale","4",5,594,"Villa","Unfurnished","Built in Kitchen Appliances, Covered parking, Pets Allowed, Electricity Meter, Sea view, Water Meter, Natural Gas, Landline, Balcony or Terrace, Lobby in Building, Service Elevators, Prayer Room, Reception/Waiting Room, First Aid Medical Center, Gym or Health Club, Facilities for Disabled, Swimming Pool, Jacuzzi, Sauna, Steam Room, Day Care Center, Kids Play Area, Lawn or Garden, Barbeque Area, Cafeteria or Canteen, Business Center, Conference Room, Security Staff, CCTV Security, Shared Kitchen, Laundry Room, Laundry Facility, Broadband Internet, Satellite/Cable TV, Intercom, ATM Facility, 24 Hours Concierge, Maids Room, Freehold","https://www.bayut.eg/en/property/details-503322195.html","2026-05-07 00:00:00","bayut","2026-05-07 22:46:28.096","2026-05-09 18:57:44.629786"
148,"6e95e4081e93cba2a42c052479a9b315",2700000,"90 Avenue Compound, 5th Settlement, New Cairo, Cairo","Apartment for sale Your unit is now fully finished in the 90 Avenue Compound and in the best location in Fifth Settlement directly on 90th Street.","3",2,173,"Apartment","","Water Meter, Natural Gas, Landline, Balcony or Terrace, First Aid Medical Center, Gym or Health Club, Lawn or Garden, Maintenance Staff, Security Staff, Broadband Internet, Freehold","https://www.bayut.eg/en/property/details-503476133.html","2026-05-07 00:00:00","bayut","2026-05-07 22:46:28.334","2026-05-09 18:57:44.971671"
149,"a828d43d3b7ab07b2ff990972a9a633a",5600000,"Sarai, Mostakbal City, Cairo","Corner Apartment for sale, Ready to move open view at the lowest price inside Sarai Compound","3",3,172,"Apartment","Unfurnished","Balcony or Terrace, Reception/Waiting Room, Gym or Health Club, Jacuzzi, Sauna, Kids Play Area, Barbeque Area, Cafeteria or Canteen, Maintenance Staff, Cleaning Services, Business Center, Security Staff, CCTV Security, Shared Kitchen","https://www.bayut.eg/en/property/details-503480593.html","2026-05-07 00:00:00","bayut","2026-05-07 22:46:28.565","2026-05-09 18:57:45.316125"
150,"a8156ff70a2f08fe0166f026ea3bea15",4000000,"The MarQ Compound, 5th Settlement, New Cairo, Cairo","Villa for sale, fully finished with air conditioning, in the best location in the heart of the Fifth Settlement","4",4,210,"Villa","Unfurnished","","https://www.bayut.eg/en/property/details-503480494.html","2026-05-07 00:00:00","bayut","2026-05-07 22:46:28.781","2026-05-09 18:57:45.655093"
151,"f1ed18ebc79df0924ecfb30d7b4261a3",8500000,"Taj City Compound, 1st Settlement, New Cairo, Cairo","Apartment for sale, ready to move, double view, inside Taj City compound","3",3,170,"Apartment","Unfurnished","Balcony or Terrace, Swimming Pool, Jacuzzi, Sauna, Kids Play Area, Lawn or Garden, Maintenance Staff, Cleaning Services, Security Staff, CCTV Security, Broadband Internet, Satellite/Cable TV, Intercom","https://www.bayut.eg/en/property/details-503480093.html","2026-05-07 00:00:00","bayut","2026-05-07 22:46:28.998","2026-05-09 18:57:46.001352"
152,"b60de64fc0600b8e82c54a09c85b139f",7500000,"New Cairo, Cairo","Installments over 12 years with the lowest down payment for a fully finished hotel apartment (with air conditioning) in the most luxurious compound in the heart of the Fifth Settlement.","2",2,120,"Apartment","Unfurnished","Built in Kitchen Appliances, First Aid Medical Center, Gym or Health Club, Swimming Pool, Jacuzzi, Sauna, Steam Room, Day Care Center, Kids Play Area, Lawn or Garden, Barbeque Area, Cafeteria or Canteen, Shared Kitchen, Laundry Room, Laundry Facility","https://www.bayut.eg/en/property/details-503476299.html","2026-05-07 00:00:00","bayut","2026-05-07 22:46:29.217","2026-05-09 18:57:46.351381"
153,"6eeeddc171734fa564bc1e53a160e052",15000000,"Mountain View 1.1, 5th Settlement, New Cairo, Cairo","Receive immediately a finished villa with 3 floors and a swimming pool in Mountain View, Fifth Settlement, next to AUC and BUE, and near The Waterway, Hyde Park, CFC, and Mivida.","4",5,210,"Townhouse","Unfurnished","Covered parking, Pets Allowed, Electricity Meter, Water Meter, Natural Gas, Landline, First Aid Medical Center, Gym or Health Club, Facilities for Disabled, Swimming Pool, Jacuzzi, Sauna, Steam Room, Day Care Center, Kids Play Area, Lawn or Garden, Barbeque Area, Cafeteria or Canteen, Waste Disposal, Maintenance Staff, Cleaning Services","https://www.bayut.eg/en/property/details-503479500.html","2026-05-07 00:00:00","bayut","2026-05-07 22:46:29.475","2026-05-09 18:57:46.693212"
154,"804114548883b92d45d95b4e1ee89e45",24000000,"Palm Hills New Cairo Compound, 5th Settlement, New Cairo, Cairo","Last Townhouse Deal – Near Delivery – Lowest Price for Sale in Palm Hills New Cairo – Only 5% Down Payment","5",5,375,"Twin House","Furnished","Day Care Center, Lawn or Garden, Barbeque Area","https://www.bayut.eg/en/property/details-503478629.html","2026-05-06 00:00:00","bayut","2026-05-07 22:46:29.701","2026-05-09 18:57:47.038493"
155,"d1b40177ff6e209a4eb97aab0ec8e893",19800000,"Sodic East, New Heliopolis, Cairo","Villa sherouk close to madienty fully finished cash required 1.500. 000","5",5,210,"Villa","Unfurnished","Built in Kitchen Appliances, Furnished, Covered parking, Electricity Backup, Pets Allowed, Electricity Meter, Centrally Air-Conditioned, Sea view, Water Meter, Double Glazed Windows, Storage Areas, Natural Gas, Landline, Central A/C & heating, Balcony or Terrace, Lobby in Building, Service Elevators, Prayer Room, Reception/Waiting Room, First Aid Medical Center, Gym or Health Club, Facilities for Disabled, Swimming Pool, Jacuzzi, Sauna, Steam Room, Day Care Center, Kids Play Area, Lawn or Garden, Cafeteria or Canteen, Waste Disposal, Maintenance Staff, Cleaning Services, Business Center, Conference Room, Security Staff, CCTV Security, Shared Kitchen, Laundry Room, Laundry Facility, Broadband Internet, Satellite/Cable TV, Intercom, ATM Facility, 24 Hours Concierge, Maids Room, Freehold","https://www.bayut.eg/en/property/details-503478613.html","2026-05-06 00:00:00","bayut","2026-05-07 22:46:29.921","2026-05-09 18:57:47.380546"
156,"093474f7b97a6f33d1a85cc11a87d1e0",15000000,"Hyde Park New Cairo Compound, 5th Settlement, New Cairo, Cairo","Now receive an immediate delivery villa of 330 meters at a bargain price in Hyde Park, Fifth Settlement.","4",4,330,"Villa","Unfurnished","Built in Kitchen Appliances, Landline, Central A/C & heating, Balcony or Terrace, Gym or Health Club, Swimming Pool, Kids Play Area, Lawn or Garden, Barbeque Area, Cafeteria or Canteen, Waste Disposal, Maintenance Staff, Security Staff, CCTV Security, Shared Kitchen, Laundry Room, Broadband Internet, Maids Room","https://www.bayut.eg/en/property/details-503479012.html","2026-05-07 00:00:00","bayut","2026-05-07 22:46:30.149","2026-05-09 18:57:47.730372"
157,"1beabfd5c987fb1e16fd6cb257c86935",4000000,"5th Settlement, New Cairo, Cairo","Ready to move now!!!(( view AUC))+finished U apartment VIP+typical floor in best location 206m 3bed +3bath with a pool view & landscape","3",3,206,"Apartment","Unfurnished","","https://www.bayut.eg/en/property/details-503478989.html","2026-05-07 00:00:00","bayut","2026-05-07 22:46:30.372","2026-05-09 18:57:48.075459"
158,"056f1422a11da8c2ecba6a733f3f1bed",80000000,"Palm Hills New Cairo Compound, 5th Settlement, New Cairo, Cairo","Standalone villa in Palm Hills, Fifth Settlement ready for viewing and delivery of months","5",4,518,"Villa","Unfurnished","Built in Kitchen Appliances, Covered parking, Electricity Backup, Pets Allowed, Electricity Meter, Centrally Air-Conditioned, Sea view, Central Heating, Water Meter, Double Glazed Windows, Storage Areas, Natural Gas, Landline, Study Room, Central A/C & heating, Balcony or Terrace, Lobby in Building, Service Elevators, Prayer Room, Reception/Waiting Room, First Aid Medical Center, Gym or Health Club, Facilities for Disabled, Swimming Pool, Jacuzzi, Sauna, Steam Room, Day Care Center, Kids Play Area, Lawn or Garden, Barbeque Area, Cafeteria or Canteen, Waste Disposal, Maintenance Staff, Cleaning Services, Business Center, Conference Room, Security Staff, CCTV Security, Shared Kitchen, Laundry Room, Laundry Facility, Broadband Internet, Satellite/Cable TV, Intercom, ATM Facility, 24 Hours Concierge, Maids Room, Freehold","https://www.bayut.eg/en/property/details-503478827.html","2026-05-07 00:00:00","bayut","2026-05-07 22:46:30.595","2026-05-09 18:57:48.421386"
159,"f995a8a22848a48e562bcb36d9ef8130",4000000,"New Narges, 5th Settlement, New Cairo, Cairo","For sale: 155 sqm apartment, immediate delivery, corner unit, panoramic view, second floor, unique view in the best location in Al-Narges Al-Jadida, Fifth Settlement, steps away from Gamal Abdel Nasser axis. Special cash offer.","3",2,155,"Apartment","Unfurnished","Covered parking, Parking Spaces: 1, Electricity Meter, Water Meter, Natural Gas, Landline, Elevators in Building: 1, Completion Year: 2, Total Floors: 3","https://www.bayut.eg/en/property/details-503020912.html","2026-05-06 00:00:00","bayut","2026-05-07 22:46:30.823","2026-05-09 18:57:48.785739"
160,"ae434c0baf478f031edfe010eeb0ae07",3000000,"Bloomfields, Mostakbal City, Cairo","SPECIAL OFFER SERVICED STUDIO FOR SALE FINISHED WITH AC'S NEW PHASE IN MOSTAKBAL CITY UP TO 10 YEARS","Studio",1,50,"Apartment","Unfurnished","Built in Kitchen Appliances, First Aid Medical Center, Gym or Health Club, Swimming Pool, Jacuzzi, Sauna, Steam Room, Day Care Center, Kids Play Area, Lawn or Garden, Barbeque Area, Cafeteria or Canteen","https://www.bayut.eg/en/property/details-503478222.html","2026-05-06 00:00:00","bayut","2026-05-07 22:46:31.047","2026-05-09 18:57:49.219734"
161,"4d1e1aa4070d5292bfa9f01354ab5761",32500000,"Madinaty, Cairo","Detached villa at the lowest price on the market,","4",4,319,"Villa","Unfurnished","Pets Allowed, Electricity Meter, Natural Gas, Balcony or Terrace, Service Elevators, First Aid Medical Center, Gym or Health Club, Facilities for Disabled, Swimming Pool, Jacuzzi, Sauna, Steam Room, Day Care Center, Kids Play Area, Lawn or Garden, Barbeque Area, Cafeteria or Canteen, Waste Disposal, Maintenance Staff, Cleaning Services, Business Center, Conference Room, Security Staff, CCTV Security, Shared Kitchen, Laundry Room, Laundry Facility, Broadband Internet, Satellite/Cable TV, Intercom, Maids Room","https://www.bayut.eg/en/property/details-503399930.html","2026-05-06 00:00:00","bayut","2026-05-07 22:46:31.266","2026-05-09 18:57:49.5767"
162,"51528990350dc9e54522c7be0375b831",4715000,"Beit Al Watan, 5th Settlement, New Cairo, Cairo","Apartment for sale 205m, great location in the fourth neighborhood, Beit Al-Watan, New Cairo, Bahri, steps away from Al Ahly Club, special finishing, 3 rooms and a living room, price per meter 23000 only, and installments over 3 years.","4",3,205,"Apartment","Unfurnished","Covered parking, Parking Spaces: 1, Electricity Meter, Water Meter, Natural Gas, Landline, Elevators in Building: 1, Completion Year: 2, Total Floors: 3","https://www.bayut.eg/en/property/details-502985079.html","2026-05-06 00:00:00","bayut","2026-05-07 22:46:31.487","2026-05-09 18:57:49.932869"
163,"de54df24228a1bafa6bfabc73e66073e",14000000,"Palm Hills New Cairo Compound, 5th Settlement, New Cairo, Cairo","DELIVERY SOON APARTMENT FOR SALE LAGOON VIEW IN PALM HILLS NEW CAIRO INSTALLMENTS UP TO 8 YEARS","2",2,114,"Apartment","Unfurnished","Built in Kitchen Appliances, First Aid Medical Center, Gym or Health Club, Jacuzzi, Sauna, Steam Room, Day Care Center, Kids Play Area, Lawn or Garden, Barbeque Area, Cafeteria or Canteen, Laundry Room","https://www.bayut.eg/en/property/details-503475329.html","2026-05-06 00:00:00","bayut","2026-05-07 22:46:31.71","2026-05-09 18:57:50.274378"
164,"f06649480423fbd780e24620f1f65eea",15500000,"Mountain View iCity Compound, 5th Settlement, New Cairo, Cairo","Own an independent villa with a private swimming pool, immediate delivery at a special price in Mountain View, New Cairo.","4",5,410,"Villa","Unfurnished","Covered parking, Pets Allowed, Electricity Meter, Water Meter, Natural Gas, Landline, First Aid Medical Center, Gym or Health Club, Facilities for Disabled, Swimming Pool, Jacuzzi, Sauna, Steam Room, Kids Play Area, Lawn or Garden, Barbeque Area, Cafeteria or Canteen, Laundry Room","https://www.bayut.eg/en/property/details-503473992.html","2026-05-06 00:00:00","bayut","2026-05-07 22:46:31.928","2026-05-09 18:57:50.620722"
165,"ecbe1487bb8fd5ade9e559bc5636a958",25510000,"Katameya Gardens Compound, 5th Settlement, New Cairo, Cairo","Villa for sale at the lowest price in the market, ready for immediate occupancy.","8",9,1057,"Villa","","Built in Kitchen Appliances, Covered parking, Electricity Backup, Pets Allowed, Electricity Meter, Centrally Air-Conditioned, Central Heating, Water Meter, Double Glazed Windows, Storage Areas, Central A/C & heating, First Aid Medical Center, Gym or Health Club, Swimming Pool, Jacuzzi, Sauna, Steam Room, Day Care Center, Kids Play Area, Lawn or Garden, Barbeque Area, Cafeteria or Canteen, Waste Disposal, Maintenance Staff, Cleaning Services, Business Center, Conference Room, Security Staff, CCTV Security, 24 Hours Concierge, Maids Room","https://www.bayut.eg/en/property/details-503327904.html","2026-05-06 00:00:00","bayut","2026-05-07 22:46:32.152","2026-05-09 18:57:50.960609"
166,"a13693b0671656a2dcf588bf1445473e",18000000,"Palm Hills New Cairo Compound, 5th Settlement, New Cairo, Cairo","Under market price Distinctive town house with 5% down payment in Palm Hills New Cairo, the most beautiful location","3",4,270,"Townhouse","Unfurnished","Built in Kitchen Appliances, Covered parking, Pets Allowed, Electricity Meter, Water Meter, Natural Gas, Landline, First Aid Medical Center, Gym or Health Club, Facilities for Disabled, Swimming Pool, Jacuzzi, Sauna, Steam Room, Day Care Center, Kids Play Area, Lawn or Garden, Barbeque Area, Cafeteria or Canteen, Shared Kitchen, Laundry Room, Laundry Facility","https://www.bayut.eg/en/property/details-503478246.html","2026-05-06 00:00:00","bayut","2026-05-07 22:46:32.376","2026-05-09 18:57:51.314876"
167,"a9b8dc2e724d120d03f40da87dda1375",9418084,"Aliva mostakbal city, Mostakbal City, Cairo","Resale – I Villa Roof for sale in Aliva Mountain View Mostakbal City","3",3,200,"iVilla","","Covered parking, Electricity Backup, Pets Allowed, Parking Spaces: 1, Electricity Meter, Centrally Air-Conditioned, Central Heating, Water Meter, Double Glazed Windows, Storage Areas, Natural Gas, Landline, Central A/C & heating, Balcony or Terrace, Prayer Room, Reception/Waiting Room, First Aid Medical Center, Gym or Health Club, Facilities for Disabled, Swimming Pool, Jacuzzi, Sauna, Steam Room, Day Care Center, Kids Play Area, Lawn or Garden, Barbeque Area, Cafeteria or Canteen, Waste Disposal, Maintenance Staff, Cleaning Services, Business Center, Conference Room, Security Staff, CCTV Security, Laundry Room, Laundry Facility, Broadband Internet, Satellite/Cable TV, Intercom, ATM Facility, 24 Hours Concierge, Maids Room, View, Freehold","https://www.bayut.eg/en/property/details-503477976.html","2026-05-06 00:00:00","bayut","2026-05-07 22:46:32.601","2026-05-09 18:57:51.658459"
438,"3413b3907e7e767a50181d462d4f4f53",18440000,"Sarai, Mostakbal City, Cairo","Corner Villa for Sale in Cabana Sarai – Prime Location with Installments till 2027","4",4,237,"Villa","Unfurnished","Security Staff, CCTV Security","https://www.bayut.eg/en/property/details-503445035.html","2026-04-30 00:00:00","bayut","2026-05-07 22:47:41.846","2026-05-09 18:59:30.393928"
168,"094eba9024015ce5c6354071f9e19301",5066658,"Scenario, New Capital City, Cairo","Apartment for sale with immediate delivery next to the British University in Egypt in R7, New Administrative Capital.","3",3,178,"Apartment","Unfurnished","First Aid Medical Center, Gym or Health Club, Swimming Pool, Jacuzzi, Sauna, Steam Room, Day Care Center, Kids Play Area, Lawn or Garden, Barbeque Area, Cafeteria or Canteen","https://www.bayut.eg/en/property/details-503477825.html","2026-05-06 00:00:00","bayut","2026-05-07 22:46:32.823","2026-05-09 18:57:52.005921"
169,"8c5e33d5802f99ac0b2fd844fd77c54f",8500000,"Palm Hills New Cairo Compound, 5th Settlement, New Cairo, Cairo","Exclusive price villas view ready to move apartment for sale in Palm hills new cairo compound 5th settlement","2",3,166,"Apartment","Unfurnished","Built in Kitchen Appliances, First Aid Medical Center, Gym or Health Club, Swimming Pool, Jacuzzi, Sauna, Steam Room, Day Care Center, Kids Play Area, Lawn or Garden, Barbeque Area, Cafeteria or Canteen, Shared Kitchen, Laundry Room, Laundry Facility","https://www.bayut.eg/en/property/details-503477540.html","2026-05-06 00:00:00","bayut","2026-05-07 22:46:33.056","2026-05-09 18:57:52.405629"
170,"747baf31091bc2efe64c1f015942be56",13000000,"Hyde Park New Cairo Compound, 5th Settlement, New Cairo, Cairo","Fully finished ready to move 3 bedrooms apartment for sale in Hyde park compound 5th settlement new cairo","3",3,193,"Apartment","Unfurnished","Built in Kitchen Appliances, First Aid Medical Center, Gym or Health Club, Swimming Pool, Jacuzzi, Sauna, Steam Room, Day Care Center, Kids Play Area, Lawn or Garden, Barbeque Area, Cafeteria or Canteen, Shared Kitchen, Laundry Room, Laundry Facility","https://www.bayut.eg/en/property/details-503476009.html","2026-05-06 00:00:00","bayut","2026-05-07 22:46:33.276","2026-05-09 18:57:52.86149"
171,"40e59d9634fb7b2259725f6c3b1d2211",6540000,"Mountain View iCity Compound, 5th Settlement, New Cairo, Cairo","Ready to move very attractive price 3 bedrooms apartment for sale in Mountain view Icity compound new cairo","3",3,170,"Apartment","Unfurnished","Built in Kitchen Appliances, Electricity Meter, Sea view, Water Meter, Natural Gas, Landline, First Aid Medical Center, Gym or Health Club, Facilities for Disabled, Swimming Pool, Jacuzzi, Sauna, Steam Room, Day Care Center, Kids Play Area, Lawn or Garden, Barbeque Area, Cafeteria or Canteen, Shared Kitchen, Laundry Room, Laundry Facility","https://www.bayut.eg/en/property/details-503469601.html","2026-05-06 00:00:00","bayut","2026-05-07 22:46:33.5","2026-05-09 18:57:53.247992"
172,"c1447da86dea2d7302cc4f625530f8e5",37100000,"Madinaty, Cairo","A D3 villa for sale in Madinaty at the lowest possible price with a down payment and installments, old contract. Excellent location, 500 sqm next to a","5",5,497,"Villa","Unfurnished","First Aid Medical Center, Lawn or Garden, Laundry Room","https://www.bayut.eg/en/property/details-503325968.html","2026-05-06 00:00:00","bayut","2026-05-07 22:46:33.728","2026-05-09 18:57:53.628127"
173,"e8602ec4dc71b001ecf70b2e55453a59",10000000,"Palm Hills New Cairo Compound, 5th Settlement, New Cairo, Cairo","3/4 finishing prime location 3 bedrooms apartment for sale at Palm hills new cairo compound","3",3,183,"Apartment","Unfurnished","Built in Kitchen Appliances, Covered parking, Pets Allowed, Electricity Meter, Water Meter, Natural Gas, Landline, First Aid Medical Center, Gym or Health Club, Facilities for Disabled, Swimming Pool, Jacuzzi, Sauna, Steam Room, Day Care Center, Kids Play Area, Lawn or Garden, Barbeque Area, Cafeteria or Canteen, Shared Kitchen, Laundry Room, Laundry Facility","https://www.bayut.eg/en/property/details-503220304.html","2026-05-06 00:00:00","bayut","2026-05-07 22:46:33.97","2026-05-09 18:57:53.974277"
174,"813f2208844cefd8c6ac22f015fa338f",19000000,"Palm Hills New Cairo Compound, 5th Settlement, New Cairo, Cairo","Distinctive villa with 5% down payment in Palm Hills New Cairo, the most beautiful location","4",5,270,"Villa","Unfurnished","Built in Kitchen Appliances, Covered parking, Pets Allowed, Electricity Meter, Water Meter, Natural Gas, Landline, First Aid Medical Center, Gym or Health Club, Facilities for Disabled, Swimming Pool, Jacuzzi, Sauna, Steam Room, Day Care Center, Kids Play Area, Lawn or Garden, Barbeque Area, Cafeteria or Canteen, Shared Kitchen, Laundry Room, Laundry Facility","https://www.bayut.eg/en/property/details-503478215.html","2026-05-06 00:00:00","bayut","2026-05-07 22:46:34.273","2026-05-09 18:57:54.340251"
175,"94d9a899824dea5a4c6d5ca1545168b7",19000000,"Mountain View 1.1, 5th Settlement, New Cairo, Cairo","Villa opposite the Attorney General's office for sale at the lowest price on the market","5",5,600,"Villa","","Electricity Backup, Pets Allowed, Centrally Air-Conditioned, Central Heating, Water Meter, Double Glazed Windows, Storage Areas, Natural Gas, Landline, Central A/C & heating, First Aid Medical Center, Gym or Health Club, Swimming Pool, Jacuzzi, Sauna, Steam Room, Day Care Center, Kids Play Area, Lawn or Garden, Barbeque Area, Cafeteria or Canteen, Waste Disposal, Maintenance Staff, Cleaning Services, Business Center, Conference Room, Security Staff, CCTV Security, Broadband Internet, Satellite/Cable TV, Intercom, 24 Hours Concierge, Maids Room","https://www.bayut.eg/en/property/details-503478063.html","2026-05-06 00:00:00","bayut","2026-05-07 22:46:34.527","2026-05-09 18:57:54.688193"
176,"8c99f5e25430786fe282518295f3acaf",24000000,"Madinaty, Cairo","Furnished twin house for sale in Madinaty in a prime location, north-facing, overlooking Open Air Mall, with custom finishing, offered at a special pr","3",3,250,"Twin House","Furnished","Built in Kitchen Appliances, Covered parking, Electricity Meter, Water Meter, Landline, Central A/C & heating, Balcony or Terrace, Lobby in Building, Service Elevators, Total Floors: 2, Kids Play Area, Lawn or Garden, Barbeque Area, Waste Disposal, Maintenance Staff, Cleaning Services, Business Center, Security Staff, CCTV Security, Shared Kitchen, Laundry Room, Laundry Facility, Broadband Internet, Intercom","https://www.bayut.eg/en/property/details-503477960.html","2026-05-06 00:00:00","bayut","2026-05-07 22:46:34.799","2026-05-09 18:57:55.032752"
177,"5a37186e04c512988b4c82f4c27e0d36",13000000,"Hyde Park New Cairo Compound, 5th Settlement, New Cairo, Cairo","Apartment for sale, resale at the lowest price, open view and ultra-super-lux finishing in Hyde Park Compound","3",3,207,"Apartment","Unfurnished","Gym or Health Club, Day Care Center, Kids Play Area, Lawn or Garden, Barbeque Area, Cafeteria or Canteen","https://www.bayut.eg/en/property/details-503477428.html","2026-05-06 00:00:00","bayut","2026-05-07 22:46:35.022","2026-05-09 18:57:55.380803"
178,"40ad47d70d69993f7c3fc141f48b71c5",25000000,"Mivida Compound, 5th Settlement, New Cairo, Cairo","Fully finished ready to move 3 bedrooms apartment for sale in Mivida compound 5th settlement new cairo","3",3,215,"Apartment","Unfurnished","Built in Kitchen Appliances, First Aid Medical Center, Gym or Health Club, Swimming Pool, Jacuzzi, Sauna, Steam Room, Day Care Center, Kids Play Area, Lawn or Garden, Barbeque Area, Cafeteria or Canteen, Shared Kitchen, Laundry Room, Laundry Facility","https://www.bayut.eg/en/property/details-503476891.html","2026-05-06 00:00:00","bayut","2026-05-07 22:46:35.254","2026-05-09 18:57:55.719419"
179,"e31a9e11b7b6621dfdad7a06b4d314cd",5700000,"Hava, New Capital City, Cairo","Duplex for Sale in Hava Residence – Direct Lagoon View Luxury lifestyle in the heart of the New Administrative Capital","4",4,255,"Duplex","Unfurnished","Gym or Health Club, Swimming Pool, Jacuzzi, Sauna, Kids Play Area, Lawn or Garden, Barbeque Area, Cafeteria or Canteen, Waste Disposal, Maintenance Staff, Cleaning Services, Security Staff, CCTV Security","https://www.bayut.eg/en/property/details-503475027.html","2026-05-06 00:00:00","bayut","2026-05-07 22:46:35.526","2026-05-09 18:57:56.104102"
439,"bc8e52e158376338d6fe8c9e67fe192b",20000000,"Mivida Compound, 5th Settlement, New Cairo, Cairo","Premium finished third-floor apartments for sale with a lower premium - pool view - in Mivida Avenues Emaar - ready for immediate occupancy","3",3,177,"Apartment","","","https://www.bayut.eg/en/property/details-503462583.html","2026-05-04 00:00:00","bayut","2026-05-07 22:47:42.105","2026-05-09 18:59:30.734258"
180,"f0cea572cf1f9db380a09bf9df95d20e",7960000,"Mountain View iCity Compound, 5th Settlement, New Cairo, Cairo","Downpayment and installments 3 bedrooms apartment for sale in Lagoon Phase Mountain view Icity compound 5th settlement new cairo","3",3,170,"Apartment","Unfurnished","Built in Kitchen Appliances, First Aid Medical Center, Gym or Health Club, Swimming Pool, Jacuzzi, Sauna, Steam Room, Day Care Center, Kids Play Area, Lawn or Garden, Barbeque Area, Cafeteria or Canteen, Shared Kitchen, Laundry Room, Laundry Facility","https://www.bayut.eg/en/property/details-503474355.html","2026-05-06 00:00:00","bayut","2026-05-07 22:46:35.905","2026-05-09 18:57:56.565468"
181,"33bddb870e6b88ffb78ca7f004d5364f",12000000,"Madinaty, Cairo","Apartment for sale in Madinaty B10 The area is 189 meters.","3",3,189,"Apartment","Unfurnished","Electricity Backup, Pets Allowed, Electricity Meter, Water Meter, Storage Areas, Natural Gas, Landline, Balcony or Terrace, Lobby in Building, Elevators in Building: 1, Completion Year, Reception/Waiting Room, Total Floors: 5, First Aid Medical Center, Gym or Health Club, Facilities for Disabled, Swimming Pool, Jacuzzi, Sauna, Steam Room, Day Care Center, Kids Play Area, Lawn or Garden, Barbeque Area, Cafeteria or Canteen, Waste Disposal, Maintenance Staff, Cleaning Services, Business Center, Conference Room, Security Staff, CCTV Security, Broadband Internet, Satellite/Cable TV, Intercom, 24 Hours Concierge, Nearby Shopping Malls, View, Freehold","https://www.bayut.eg/en/property/details-503474238.html","2026-05-06 00:00:00","bayut","2026-05-07 22:46:36.279","2026-05-09 18:57:57.344442"
182,"3a78ad36d85c0af279d41f5a19af2ad8",5250000,"Beit Al Watan, 5th Settlement, New Cairo, Cairo","Beit Elwatan 6th district, Fifth Settlement I minutes from Alahly club, city gate, El-patio Oro, The driive, Mivida and AUC","4",3,210,"Apartment","Unfurnished","Electricity Meter, Water Meter","https://www.bayut.eg/en/property/details-503473764.html","2026-05-06 00:00:00","bayut","2026-05-07 22:46:36.68","2026-05-09 18:57:58.261808"
183,"41d7ce3f782d6543d4984ece569e2697",5200000,"Al Maqsad, New Capital City, Cairo","Receive your fully furnished apartment on the tourist promenade with an open view of the Chinese Towers, and get a 50% discount for cash payments","3",2,156,"Apartment","Unfurnished","Natural Gas, Balcony or Terrace, First Aid Medical Center, Gym or Health Club, Facilities for Disabled, Swimming Pool, Jacuzzi, Day Care Center, Kids Play Area, Lawn or Garden, Barbeque Area, Freehold","https://www.bayut.eg/en/property/details-503473240.html","2026-05-06 00:00:00","bayut","2026-05-07 22:46:36.985","2026-05-09 18:57:59.110976"
184,"f7f4eb69907d9462bfb4b72752a961ae",4300000,"Nasr City, Cairo","A great deal on an apartment for sale – at a very special price – 170 square meters – in a prime location in the Golden Square – Nasr City.","3",1,170,"Apartment","Unfurnished","","https://www.bayut.eg/en/property/details-503477041.html","2026-05-06 00:00:00","bayut","2026-05-07 22:46:37.322","2026-05-09 18:57:59.483322"
185,"f0224f533f67daf9ef7ac4a7965109bb",12000000,"90 Avenue Compound, 5th Settlement, New Cairo, Cairo","Duplex with roof for sale, immediate delivery in a prime location in Fifth Settlement, directly on 90th Street, overlooking landscaped grounds and a s","4",3,282,"Duplex","Unfurnished","Electricity Meter, Balcony or Terrace, First Aid Medical Center, Gym or Health Club, Swimming Pool, Day Care Center, Kids Play Area, Lawn or Garden, Barbeque Area, Cafeteria or Canteen, Maintenance Staff, Cleaning Services, Security Staff, CCTV Security, 24 Hours Concierge","https://www.bayut.eg/en/property/details-503475402.html","2026-05-06 00:00:00","bayut","2026-05-07 22:46:37.57","2026-05-09 18:58:01.749632"
186,"c0e9dac05d84779e56ced0b8b09b75e2",9500000,"Diplomats Compound, 5th Settlement, New Cairo, Cairo","Apartment for sale directly from the owner in the Diplomats Compound","4",3,330,"Apartment","Unfurnished","Balcony or Terrace, Service Elevators, Security Staff","https://www.bayut.eg/en/property/details-503483205.html","2026-05-07 00:00:00","bayut","2026-05-07 22:46:37.861","2026-05-09 18:58:02.575372"
187,"abafb587a8ebd6bfbff70eaca4560485",12500000,"New Cairo, Cairo","Less than market price, a fully furnished apartment in Mountain View Compound, New Cairo, with a down payment of 100,000.","3",2,135,"Apartment","Unfurnished","Jacuzzi, Sauna, Gym or Health Club, Kids Play Area","https://www.bayut.eg/en/property/details-503475114.html","2026-05-06 00:00:00","bayut","2026-05-07 22:46:38.098","2026-05-09 18:58:02.950909"
188,"d0a988033c88acc48568649adbd245c6",9396540,"Zed East Compound, 6th Settlement, New Cairo, Cairo","Corner apartment for sale, 132 sq m, ready for viewing with a low down payment and installments. Direct market view overlooking a prime landscape","2",2,132,"Apartment","Unfurnished","Built in Kitchen Appliances, Covered parking, Pets Allowed, Electricity Meter, Sea view, Water Meter, Natural Gas, Landline, Gym or Health Club, Facilities for Disabled, Swimming Pool, Jacuzzi, Sauna, Laundry Room, Laundry Facility","https://www.bayut.eg/en/property/details-503310844.html","2026-05-07 00:00:00","bayut","2026-05-07 22:46:38.361","2026-05-09 18:58:03.783267"
189,"b1a75efbf61e939f7b67380bb1dc22f7",5250000,"Beit Al Watan, 5th Settlement, New Cairo, Cairo","A Great Opportunity to Live in the Heart of Bait Al Watan New Cairo, Fifth Settlement Spacious 250M Apartment for Sale in a Prime Location","3",3,250,"Apartment","Unfurnished","Balcony or Terrace, Parking Spaces: 1, Total Floors: 3, Covered parking, Lobby in Building, Completion Year: 2","https://www.bayut.eg/en/property/details-502189467.html","2026-05-05 00:00:00","bayut","2026-05-07 22:46:38.605","2026-05-09 18:58:04.137677"
190,"5b7324b7476f2707f8b4b98aaa5e00e8",25000000,"New Cairo, Cairo","To quickly sell at a lower price with a 5% down payment and over the longest repayment period, own a villa in the finest compound in the gathering.","4",4,217,"Villa","Unfurnished","Covered parking, Pets Allowed, Natural Gas, Landline, First Aid Medical Center, Gym or Health Club, Facilities for Disabled, Swimming Pool, Jacuzzi, Sauna, Steam Room, Day Care Center, Kids Play Area, Lawn or Garden, Barbeque Area, Cafeteria or Canteen","https://www.bayut.eg/en/property/details-503458476.html","2026-05-05 00:00:00","bayut","2026-05-07 22:46:38.856","2026-05-09 18:58:04.476075"
191,"ee13a5ca5b94a8b6ee86b779ce3526d8",8500000,"Mountain View iCity Compound, 5th Settlement, New Cairo, Cairo","Apartment in Mountain View Compound at a special price, lowest price","4",3,230,"Apartment","Unfurnished","Built in Kitchen Appliances, Balcony or Terrace, Lobby in Building, Gym or Health Club, Jacuzzi, Sauna, Kids Play Area, Lawn or Garden, Barbeque Area, Cafeteria or Canteen, Maintenance Staff, Cleaning Services, Shared Kitchen","https://www.bayut.eg/en/property/details-503483377.html","2026-05-07 00:00:00","bayut","2026-05-07 22:46:39.138","2026-05-09 18:58:04.815609"
192,"3d08b60be1c6e7266a835310b3d8866f",15000000,"Sarai, Mostakbal City, Cairo","Read to move Twin villa in Sarai type B PRIME Location directly for the owner","3",3,295,"Villa","Unfurnished","Built in Kitchen Appliances, First Aid Medical Center, Gym or Health Club, Swimming Pool, Jacuzzi, Sauna, Steam Room, Day Care Center, Kids Play Area, Lawn or Garden, Barbeque Area, Cafeteria or Canteen, Shared Kitchen, Laundry Room, Laundry Facility","https://www.bayut.eg/en/property/details-503481193.html","2026-05-07 00:00:00","bayut","2026-05-07 22:46:39.374","2026-05-09 18:58:05.177558"
193,"3897ad74ccdd737940973cff4ede4466",8500000,"Art City, Mokattam, Cairo","Duplex with premium finishes for sale in Art City Compound","4",3,340,"Duplex","Unfurnished","Built in Kitchen Appliances, Pets Allowed, Electricity Meter, Water Meter, Natural Gas","https://www.bayut.eg/en/property/details-503461224.html","2026-05-04 00:00:00","bayut","2026-05-07 22:46:39.621","2026-05-09 18:58:05.518125"
231,"b0ec293cec002e506898b21dfd63dc42",17500000,"Villette Compound, 5th Settlement, New Cairo, Cairo","Ready To Move Apartment In Sodic With 0% Downpayment Only For The First Time! Sodic East Town - Vilette - Sodic Villete","3",3,190,"Apartment","","Shared Kitchen, Electricity Meter, Natural Gas, Laundry Room, Laundry Facility","https://www.bayut.eg/en/property/details-503449084.html","2026-04-30 00:00:00","bayut","2026-05-07 22:46:50.605","2026-05-09 18:58:18.57116"
194,"72fc7f9657355485f24b9070dfb63426",3600000,"Talala, New Heliopolis, Cairo","Apartment for sale, fully finished, with no installments or secondary payments. The compound has all facilities and services, just minutes from Madina","2",2,120,"Apartment","Unfurnished","Built in Kitchen Appliances, Furnished, Covered parking, Electricity Backup, Pets Allowed, Electricity Meter, Centrally Air-Conditioned, Central Heating, Water Meter, Double Glazed Windows, Storage Areas, Natural Gas, Landline, Study Room, Central A/C & heating, Balcony or Terrace, Lobby in Building, Prayer Room, First Aid Medical Center, Gym or Health Club, Facilities for Disabled, Swimming Pool, Jacuzzi, Sauna, Steam Room, Day Care Center, Kids Play Area, Lawn or Garden, Barbeque Area, Cafeteria or Canteen, Waste Disposal, Maintenance Staff, Cleaning Services, Shared Kitchen, Laundry Room, Laundry Facility, Broadband Internet, Satellite/Cable TV, Intercom, Nearby Shopping Malls, View","https://www.bayut.eg/en/property/details-503457171.html","2026-05-03 00:00:00","bayut","2026-05-07 22:46:39.87","2026-05-09 18:58:05.860547"
195,"c021dd7027e81afbe6024789dd1fd01a",10000000,"Sarai, Mostakbal City, Cairo","With the old price and a down payment of only 5%, own a villa in the Saray compound next to Madinaty.","4",4,212,"Villa","Unfurnished","Covered parking, Pets Allowed, Electricity Meter, Water Meter, Natural Gas, Landline, First Aid Medical Center, Gym or Health Club, Facilities for Disabled, Swimming Pool, Jacuzzi, Sauna, Steam Room, Day Care Center, Kids Play Area, Lawn or Garden, Barbeque Area, Cafeteria or Canteen","https://www.bayut.eg/en/property/details-503312523.html","2026-05-03 00:00:00","bayut","2026-05-07 22:46:40.203","2026-05-09 18:58:06.205655"
196,"b96ad768e33aa1ec030abd34e698d3c4",8650000,"Mountain View iCity Compound, 5th Settlement, New Cairo, Cairo","A guaranteed investment and upscale living in the heart of New Cairo Own an apartment now near Al Rehab and SODIC next to Spin Madinaty","3",2,158,"Apartment","Unfurnished","","https://www.bayut.eg/en/property/details-503453444.html","2026-05-02 00:00:00","bayut","2026-05-07 22:46:40.466","2026-05-09 18:58:06.544293"
197,"e9296639868612e26cd870fd80835a2d",5016900,"De Joya 4, R8, New Capital City, Cairo","Degoya 4 – Taj Misr | 3-Bedroom Apartment Directly Adjacent to an International University | Overlooking the Central Axis","3",2,146,"Apartment","Unfurnished","Electricity Meter, Natural Gas, Gym or Health Club, Swimming Pool, Jacuzzi, Sauna, Kids Play Area, Lawn or Garden, Barbeque Area, Cafeteria or Canteen, Waste Disposal, Maintenance Staff, Cleaning Services, Security Staff","https://www.bayut.eg/en/property/details-503452904.html","2026-05-02 00:00:00","bayut","2026-05-07 22:46:40.768","2026-05-09 18:58:06.894695"
198,"a19c6134c6dfcf017dac7fdd795b0bb2",14200000,"Blue Vert, R7, New Capital City, Cairo","Ready-to-Move Villa in the New Capital – Fully Inhabited Compound – Exceptional Price – Only 700K Down Payment – Installments up to 8 Years","3",4,224,"Townhouse","Unfurnished","Built in Kitchen Appliances, Covered parking, Pets Allowed, Electricity Meter, Sea view, Water Meter, Natural Gas, Landline, First Aid Medical Center, Gym or Health Club, Facilities for Disabled, Swimming Pool, Jacuzzi, Sauna, Steam Room, Day Care Center, Kids Play Area, Lawn or Garden, Barbeque Area, Cafeteria or Canteen, Waste Disposal, Maintenance Staff, Cleaning Services, Business Center, Conference Room, Security Staff, CCTV Security, Shared Kitchen, Laundry Room, Laundry Facility, Broadband Internet, Satellite/Cable TV, Intercom","https://www.bayut.eg/en/property/details-503452516.html","2026-05-02 00:00:00","bayut","2026-05-07 22:46:41.167","2026-05-09 18:58:07.233299"
199,"ff6ff282e767fdbfda68289d3f270a40",4250000,"Rehab City, New Cairo, Cairo","Apartment for sale 90 metres, a privileged location in Rehab City, First Settlement, New Cairo","2",1,90,"Apartment","Unfurnished","Electricity Meter, Water Meter, Double Glazed Windows, Natural Gas, Landline, Balcony or Terrace, Completion Year: 4, Total Floors: 5, First Aid Medical Center, Gym or Health Club, Facilities for Disabled, Day Care Center, Kids Play Area, Lawn or Garden, Cafeteria or Canteen, Waste Disposal, Maintenance Staff, Cleaning Services, Security Staff, CCTV Security, Laundry Facility, Broadband Internet, Satellite/Cable TV, ATM Facility, 24 Hours Concierge, Nearby Shopping Malls, View","https://www.bayut.eg/en/property/details-503452214.html","2026-05-02 00:00:00","bayut","2026-05-07 22:46:41.479","2026-05-09 18:58:07.579505"
200,"2c8890a1695d492dd4b7ca4a708bdab9",210000000,"Lake View Compound, 5th Settlement, New Cairo, Cairo","Elite Standalone villa with swimming pool for Sale in Lake view compound , New Cairo Luxury Villa","6",6,1080,"Villa","","Built in Kitchen Appliances, Covered parking, Pets Allowed, Electricity Meter, Water Meter, Natural Gas, Landline, Central A/C & heating, Swimming Pool, Jacuzzi, Lawn or Garden, Barbeque Area, Security Staff, Laundry Room, Broadband Internet, Satellite/Cable TV, Intercom, ATM Facility, 24 Hours Concierge, Maids Room, Freehold","https://www.bayut.eg/en/property/details-503451377.html","2026-05-02 00:00:00","bayut","2026-05-07 22:46:41.701","2026-05-09 18:58:07.922702"
201,"6375f73816b12b70928de9c2051d60ba",11661000,"Reve du nil, Maadi, Cairo","Own a ready-to-operate hotel room on the Maadi Corniche","Studio",1,37,"Hotel Apartment","Furnished","Furnished, Covered parking, Centrally Air-Conditioned, Natural Gas, Central A/C & heating, Gym or Health Club, Facilities for Disabled, Jacuzzi, Sauna, Kids Play Area, Cafeteria or Canteen, Cleaning Services","https://www.bayut.eg/en/property/details-503476941.html","2026-05-06 00:00:00","bayut","2026-05-07 22:46:41.943","2026-05-09 18:58:08.265245"
202,"9c1ba64329eabe03ea9151b7ef2f3d09",4855200,"La Reva, New Capital City, Cairo","Your Apartment on a Direct Lagoon View in the Heart of R8 | Full North-Facing | Next to a University & 5-Star Hotel","3",3,170,"Apartment","Unfurnished","Built in Kitchen Appliances, Landline, First Aid Medical Center, Gym or Health Club, Swimming Pool, Jacuzzi, Sauna, Steam Room, Kids Play Area, Lawn or Garden, Barbeque Area, Cafeteria or Canteen, Waste Disposal, Maintenance Staff, Cleaning Services, Business Center, Conference Room, Security Staff, CCTV Security, Shared Kitchen, Laundry Room, Laundry Facility, Broadband Internet, Satellite/Cable TV, Intercom, 24 Hours Concierge","https://www.bayut.eg/en/property/details-503474645.html","2026-05-06 00:00:00","bayut","2026-05-07 22:46:42.233","2026-05-09 18:58:08.606955"
203,"8bdbccfff80b69806b09c14f92ebe293",11550000,"5th Settlement, New Cairo, Cairo","At launch price, with a down payment of 740,000, receive a fully finished apartment ready for immediate move-in, directly on 90 Street in front of AUC","2",2,117,"Apartment","","Built in Kitchen Appliances, Covered parking, Pets Allowed, Electricity Meter, Water Meter, Natural Gas, Landline","https://www.bayut.eg/en/property/details-503458341.html","2026-05-03 00:00:00","bayut","2026-05-07 22:46:42.576","2026-05-09 18:58:08.94827"
204,"63da48489d89db4ff85f56a764a030ad",113000000,"Madinaty, Cairo","A global site for golf and lakes in front of the Four Seasons Hotel","5",4,900,"Villa","Unfurnished","Covered parking, Pets Allowed, First Aid Medical Center, Swimming Pool, Lawn or Garden, Barbeque Area, Maintenance Staff, Business Center, Conference Room, Security Staff, CCTV Security, Shared Kitchen, Laundry Room, Laundry Facility, Broadband Internet, Satellite/Cable TV, Intercom","https://www.bayut.eg/en/property/details-503450737.html","2026-05-01 00:00:00","bayut","2026-05-07 22:46:42.87","2026-05-09 18:58:09.291263"
205,"ae17d2ee0912b6f71e7cf480103dc1c7",6510000,"El Lotus, 5th Settlement, New Cairo, Cairo","apartment for sale 217m with garden 70m el lotus 5th settlement new cairo","4",3,217,"Apartment","","Covered parking, Pets Allowed, Electricity Meter, Balcony or Terrace, Completion Year, Lawn or Garden, Security Staff","https://www.bayut.eg/en/property/details-503476628.html","2026-05-06 00:00:00","bayut","2026-05-07 22:46:43.269","2026-05-09 18:58:09.630737"
206,"8623921063bf5a9d2bf6d78aa3cd5d71",21500000,"Sodic East, New Heliopolis, Cairo","Villa in Sodic Al-Shorouk, ready for immediate delivery and move-in without any payments.","4",4,245,"Villa","Unfurnished","Built in Kitchen Appliances, Covered parking, Electricity Backup, Pets Allowed, Electricity Meter, Centrally Air-Conditioned, Central Heating, Water Meter, Double Glazed Windows, Storage Areas, Natural Gas, Landline, Study Room, Central A/C & heating, Balcony or Terrace, Lobby in Building, Service Elevators, Prayer Room, Reception/Waiting Room, First Aid Medical Center, Gym or Health Club, Facilities for Disabled, Swimming Pool, Jacuzzi, Sauna, Steam Room, Day Care Center, Kids Play Area, Lawn or Garden, Barbeque Area, Cafeteria or Canteen, Waste Disposal, Maintenance Staff, Cleaning Services, Business Center, Conference Room, Security Staff, CCTV Security, Shared Kitchen, Laundry Room, Laundry Facility, Broadband Internet, Satellite/Cable TV, Intercom, ATM Facility, 24 Hours Concierge, Maids Room, Freehold","https://www.bayut.eg/en/property/details-503453412.html","2026-05-02 00:00:00","bayut","2026-05-07 22:46:43.609","2026-05-09 18:58:09.969237"
207,"4fda48118cdda9ad04419412c3e9a8c8",10045000,"Madinaty, Cairo","""Limited time offer: 250,000 off the paid amount for a 108 sqm apartment with a 55 sqm garden in B14. Booked for two years, it's a corner unit in a pr","3",2,108,"Apartment","Unfurnished","Pets Allowed, Water Meter","https://www.bayut.eg/en/property/details-503189649.html","2026-05-01 00:00:00","bayut","2026-05-07 22:46:43.926","2026-05-09 18:58:10.310498"
208,"b8af149b8142be0944b539d90c31e0ca",12200000,"Telal East, 5th Settlement, New Cairo, Cairo","Villa for sale in the Tilala East Compound, New Cairo","4",4,300,"Villa","Unfurnished","","https://www.bayut.eg/en/property/details-503451295.html","2026-05-02 00:00:00","bayut","2026-05-07 22:46:44.202","2026-05-09 18:58:10.651607"
209,"b452ff5675cc18255ee0e0ecb188603e",10600000,"New Cairo, Cairo","For sale, a villa at half its price in the most luxurious compound in New Cairo with a 43% discount and with the longest installment payment period.","4",4,212,"Villa","Unfurnished","Covered parking, Pets Allowed, Electricity Meter, Water Meter, Natural Gas, Landline, First Aid Medical Center, Gym or Health Club, Facilities for Disabled, Swimming Pool, Jacuzzi, Sauna, Steam Room, Day Care Center, Kids Play Area, Lawn or Garden, Barbeque Area, Cafeteria or Canteen","https://www.bayut.eg/en/property/details-503449516.html","2026-05-01 00:00:00","bayut","2026-05-07 22:46:44.574","2026-05-09 18:58:10.993963"
210,"a4428586fe8b397d8de623807ded0976",11100000,"Blue Vert, R7, New Capital City, Cairo","Your chance now: ready villa on Bin Zayed Axis","4",4,224,"Villa","Unfurnished","","https://www.bayut.eg/en/property/details-503450307.html","2026-05-01 00:00:00","bayut","2026-05-07 22:46:44.911","2026-05-09 18:58:11.340309"
211,"6ef2281e6efd6bbd18dd75e6c808ae5d",14500000,"AZAD Compound, 5th Settlement, New Cairo, Cairo","Fully Finished Apartment for Sale in Azad Compound with Prime Location and Ready to Move","3",2,155,"Apartment","Unfurnished","Balcony or Terrace, Covered parking, 24 Hours Concierge","https://www.bayut.eg/en/property/details-503449885.html","2026-04-30 00:00:00","bayut","2026-05-07 22:46:45.15","2026-05-09 18:58:11.679378"
212,"acda8da51cdf2b677664ad8779293259",29550000,"Eastville, 5th Settlement, New Cairo, Cairo","Villa for sale, 5 master bedrooms in Al Tagamo'a within the Golden Square, with financing options up to 10 years.","5",5,250,"Villa","Unfurnished","Built in Kitchen Appliances, Covered parking, Electricity Backup, Pets Allowed, Electricity Meter, Centrally Air-Conditioned, Central Heating, Water Meter, Double Glazed Windows, Storage Areas, Natural Gas, Landline, Study Room, Central A/C & heating, Balcony or Terrace, Lobby in Building, Service Elevators, Prayer Room, Reception/Waiting Room, First Aid Medical Center, Gym or Health Club, Facilities for Disabled, Swimming Pool, Jacuzzi, Sauna, Steam Room, Day Care Center, Kids Play Area, Lawn or Garden, Barbeque Area, Cafeteria or Canteen, Waste Disposal, Maintenance Staff, Cleaning Services, Business Center, Conference Room, Security Staff, CCTV Security, Shared Kitchen, Laundry Room, Laundry Facility, Broadband Internet, Satellite/Cable TV, Intercom, ATM Facility, Maids Room, Freehold","https://www.bayut.eg/en/property/details-503286998.html","2026-05-01 00:00:00","bayut","2026-05-07 22:46:45.435","2026-05-09 18:58:12.028824"
213,"6898dff1eb880e5759ecd33fa28817ae",15120000,"Creek Town Compound, 5th Settlement, New Cairo, Cairo","Hot Deal Townhouse in Creek Town with Low Down Payment","3",4,185,"Townhouse","Unfurnished","","https://www.bayut.eg/en/property/details-503447815.html","2026-04-30 00:00:00","bayut","2026-05-07 22:46:45.666","2026-05-09 18:58:12.372778"
214,"58dc1704e4e2725c4764b00e03d470b9",7200000,"Sarai, Mostakbal City, Cairo","35,000 monthly with long term payment 4bedrooms villa for sale in sarai new cairo (2 floors corner) next to madinaty and Fifth Settlement Compounds","4",3,212,"Villa","","Covered parking, Pets Allowed, Water Meter, Natural Gas, Landline, Balcony or Terrace, Lobby in Building, Prayer Room, Kids Play Area, Lawn or Garden, Barbeque Area, Cafeteria or Canteen, Security Staff, Laundry Room, Broadband Internet, Maids Room","https://www.bayut.eg/en/property/details-503448990.html","2026-05-01 00:00:00","bayut","2026-05-07 22:46:45.909","2026-05-09 18:58:12.729238"
215,"024297d0c480029689bc2371cd470b5e",6450000,"Taj City Compound, 1st Settlement, New Cairo, Cairo","Apartment for sale, 3 bedrooms, in Fifth Settlement, Taj City. Cash price or installments over 12 years with 0% down payment through Madinet Misr | Ne","3",3,132,"Apartment","Unfurnished","Built in Kitchen Appliances, Covered parking, Pets Allowed, Electricity Meter, Natural Gas, Landline, Gym or Health Club, Swimming Pool, Jacuzzi, Day Care Center, Kids Play Area, Lawn or Garden, Barbeque Area, Cafeteria or Canteen, Business Center, Conference Room, Security Staff, CCTV Security, Laundry Room, Laundry Facility","https://www.bayut.eg/en/property/details-503450074.html","2026-05-01 00:00:00","bayut","2026-05-07 22:46:46.143","2026-05-09 18:58:13.071465"
216,"75e799f29cbaedb9106d040dcf49916d",4500000,"Sarai, Mostakbal City, Cairo","Apartment with garden Ready to move Very Special price - in sarai","2",3,126,"Apartment","Unfurnished","Covered parking, Pets Allowed, Balcony or Terrace, First Aid Medical Center, Gym or Health Club, Day Care Center, Lawn or Garden, Conference Room, Security Staff, Freehold","https://www.bayut.eg/en/property/details-503448901.html","2026-04-30 00:00:00","bayut","2026-05-07 22:46:46.41","2026-05-09 18:58:13.415391"
217,"2c763e5429d314d03d058de287ae169a",5500000,"The Icon Residence Compound, 5th Settlement, New Cairo, Cairo","Apartment for sale at cash price in Golden Square in the heart of Fifth Settlement Minutes away from the American University In Icon Gardens Compound","3",3,162,"Apartment","Unfurnished","Built in Kitchen Appliances, Covered parking, Pets Allowed, Electricity Meter, Sea view, Water Meter, Natural Gas, Landline, First Aid Medical Center, Gym or Health Club, Facilities for Disabled, Swimming Pool, Jacuzzi, Sauna, Steam Room, Day Care Center, Kids Play Area, Lawn or Garden, Barbeque Area, Cafeteria or Canteen, Shared Kitchen, Laundry Room, Laundry Facility","https://www.bayut.eg/en/property/details-503450055.html","2026-05-01 00:00:00","bayut","2026-05-07 22:46:46.631","2026-05-09 18:58:13.753586"
228,"9239b9898b29f306bb2ebc595e383698",5450000,"Haptown, Mostakbal City, Cairo","Under Market Price Apartment 2 Bedrooms For Sale Prime Location In HapTown By Hassan Allam-Mostakbal City- Ready To Move","2",4,168,"Apartment","Unfurnished","Balcony or Terrace, First Aid Medical Center, Gym or Health Club, Facilities for Disabled, Swimming Pool, Jacuzzi, Sauna, Steam Room, Shared Kitchen, Laundry Facility","https://www.bayut.eg/en/property/details-503447027.html","2026-04-30 00:00:00","bayut","2026-05-07 22:46:49.777","2026-05-09 18:58:17.536939"
229,"bf1616783b53241c0fffb94acdbfe495",7000000,"Rehab City, New Cairo, Cairo","Ground floor apartment with garden, 2 bedrooms, 2 bathrooms for sale in Al Rehab, New Cairo, first occupancy","2",2,110,"Apartment","Unfurnished","","https://www.bayut.eg/en/property/details-503449646.html","2026-04-30 00:00:00","bayut","2026-05-07 22:46:50.002","2026-05-09 18:58:17.882061"
218,"51b13c19706ad13a566bf190c2dec54b",36000000,"Madinaty, Cairo","Standalone Villa for Sale in Madinaty – Model F Prime Location","5",4,360,"Villa","Unfurnished","Built in Kitchen Appliances, Furnished, Covered parking, Electricity Backup, Pets Allowed, Parking Spaces: 4, Electricity Meter, Centrally Air-Conditioned, Sea view, Central Heating, Water Meter, Double Glazed Windows, Storage Areas, Natural Gas, Landline, Study Room, Central A/C & heating, Balcony or Terrace, Lobby in Building, Service Elevators, Prayer Room, Reception/Waiting Room, First Aid Medical Center, Gym or Health Club, Facilities for Disabled, Swimming Pool, Jacuzzi, Sauna, Steam Room, Day Care Center, Kids Play Area, Lawn or Garden, Barbeque Area, Cafeteria or Canteen, Waste Disposal, Maintenance Staff, Cleaning Services, Shared Kitchen, Laundry Room, Laundry Facility, Broadband Internet, Satellite/Cable TV, Intercom, ATM Facility, 24 Hours Concierge, Maids Room, View, Freehold","https://www.bayut.eg/en/property/details-503449895.html","2026-04-30 00:00:00","bayut","2026-05-07 22:46:46.94","2026-05-09 18:58:14.092488"
219,"6aa97f45bc012019cfd5ed4a837f5d91",6278291,"Scenario, New Capital City, Cairo","Own Your Apartment Next to the British University !","4",4,204,"Apartment","Unfurnished","Built in Kitchen Appliances, Covered parking, Electricity Backup, Pets Allowed, Electricity Meter, Centrally Air-Conditioned, Sea view, Central Heating, Water Meter, Double Glazed Windows, Storage Areas, Natural Gas, Landline, Study Room, Central A/C & heating, Balcony or Terrace, Lobby in Building, Elevators in Building: 2, Service Elevators, Prayer Room, Reception/Waiting Room, First Aid Medical Center, Gym or Health Club, Facilities for Disabled, Swimming Pool, Jacuzzi, Sauna, Steam Room, Day Care Center, Kids Play Area, Lawn or Garden, Barbeque Area, Cafeteria or Canteen, Waste Disposal, Maintenance Staff, Cleaning Services, Business Center, Conference Room, Security Staff, CCTV Security, Shared Kitchen, Laundry Room, Laundry Facility, Broadband Internet, Satellite/Cable TV, Intercom, ATM Facility, 24 Hours Concierge, Maids Room, Freehold","https://www.bayut.eg/en/property/details-501547566.html","2026-05-01 00:00:00","bayut","2026-05-07 22:46:47.204","2026-05-09 18:58:14.439014"
220,"1035f9cfc6ced81b5ca134c5774bc093",15000000,"Hyde Park New Cairo Compound, 5th Settlement, New Cairo, Cairo","Independent villa with immediate delivery in Hyde Park – next to the American University and South Teseen","4",3,330,"Villa","Unfurnished","Built in Kitchen Appliances, Covered parking, Pets Allowed, Electricity Meter, Water Meter, Natural Gas, Landline, Balcony or Terrace, Lobby in Building, Service Elevators, Prayer Room, Reception/Waiting Room, First Aid Medical Center, Gym or Health Club, Facilities for Disabled, Swimming Pool, Jacuzzi, Sauna, Steam Room, Day Care Center, Kids Play Area, Lawn or Garden, Barbeque Area, Cafeteria or Canteen, Business Center, Conference Room, Security Staff, CCTV Security, Shared Kitchen, Laundry Room, Laundry Facility, Maids Room","https://www.bayut.eg/en/property/details-503447134.html","2026-04-30 00:00:00","bayut","2026-05-07 22:46:47.537","2026-05-09 18:58:14.789208"
221,"4f600da5f530c361f72eb63d54a5ffd7",14600000,"Sodic East, New Heliopolis, Cairo","WITH 0% DP OWN YOUR HOME BY SODIC FULLY FINISHED, LIMITED OFFER","3",4,143,"Apartment","Unfurnished","Built in Kitchen Appliances, Furnished, Covered parking, Electricity Backup, Pets Allowed, Electricity Meter, Centrally Air-Conditioned, Sea view, Central Heating, Water Meter, Double Glazed Windows, Storage Areas, Natural Gas, Landline, Study Room, Central A/C & heating, Balcony or Terrace, Lobby in Building, Service Elevators, Prayer Room, Reception/Waiting Room, First Aid Medical Center, Gym or Health Club, Facilities for Disabled, Swimming Pool, Jacuzzi, Sauna, Steam Room, Day Care Center, Lawn or Garden, Barbeque Area, Waste Disposal, Maintenance Staff, Cleaning Services, Business Center, Conference Room, Security Staff, CCTV Security, Shared Kitchen, Laundry Room, Laundry Facility, Broadband Internet, Satellite/Cable TV, Intercom, ATM Facility, 24 Hours Concierge, Maids Room, Freehold","https://www.bayut.eg/en/property/details-503447707.html","2026-04-30 00:00:00","bayut","2026-05-07 22:46:47.835","2026-05-09 18:58:15.128679"
222,"68ee68a8359e300151819e8792826fab",21887600,"Palm Hills New Cairo Compound, 5th Settlement, New Cairo, Cairo","New release! Townhouse villa with high-end finishing with lowest downpayment! In prime location overlooking pool and landscape , Over 7 years plan","5",4,250,"Villa","Unfurnished","Built in Kitchen Appliances, Furnished, Covered parking, Electricity Backup, Pets Allowed, Electricity Meter, Centrally Air-Conditioned, Sea view, Central Heating, Water Meter, Double Glazed Windows, Storage Areas, Natural Gas, Landline, Study Room, Central A/C & heating, Balcony or Terrace, Lobby in Building, Service Elevators, Prayer Room, Reception/Waiting Room, First Aid Medical Center, Gym or Health Club, Facilities for Disabled, Swimming Pool, Jacuzzi, Sauna, Steam Room, Kids Play Area, Lawn or Garden, Barbeque Area, Cafeteria or Canteen, Waste Disposal, Maintenance Staff, Cleaning Services, Business Center, Conference Room, Security Staff, CCTV Security, Shared Kitchen, Laundry Room, Laundry Facility, Broadband Internet, Satellite/Cable TV, Intercom","https://www.bayut.eg/en/property/details-503449775.html","2026-04-30 00:00:00","bayut","2026-05-07 22:46:48.127","2026-05-09 18:58:15.473583"
223,"956995ec42c8c3936fda5cc7838a4168",4650000,"Shorouk City, Cairo","Ground floor apartment of 250 sqm for sale in the fourth district west of El Shorouk City - immediate delivery - semi-finished - 50% down payment and installment over one and a half years","3",3,250,"Apartment","Unfurnished","Covered parking, Parking Spaces: 1, Electricity Meter, Water Meter, Completion Year, ATM Facility, Freehold","https://www.bayut.eg/en/property/details-503447104.html","2026-04-30 00:00:00","bayut","2026-05-07 22:46:48.403","2026-05-09 18:58:15.816916"
224,"1452abbfd006abba7b0c6bfa0700cdb5",8400000,"Stoda Residence, Sheraton, Cairo","Ready to move apartment 176m in Sheraton fully finished installments over 10 years","3",2,176,"Apartment","Unfurnished","Covered parking, Pets Allowed, Gym or Health Club, Swimming Pool, Kids Play Area, Barbeque Area, Cafeteria or Canteen","https://www.bayut.eg/en/property/details-503281745.html","2026-04-30 00:00:00","bayut","2026-05-07 22:46:48.758","2026-05-09 18:58:16.154801"
225,"d94576833e733c50603708c18b33a061",10600000,"Sarai, Mostakbal City, Cairo","With a 42% discount, own a distinguished villa in the Saray compound surrounded by Madinaty.","4",4,212,"Villa","Unfurnished","Covered parking, Pets Allowed, Electricity Meter, Water Meter, Natural Gas, Landline, First Aid Medical Center, Gym or Health Club, Facilities for Disabled, Swimming Pool, Jacuzzi, Sauna, Steam Room, Day Care Center, Kids Play Area, Lawn or Garden, Barbeque Area, Cafeteria or Canteen","https://www.bayut.eg/en/property/details-503446624.html","2026-04-30 00:00:00","bayut","2026-05-07 22:46:48.997","2026-05-09 18:58:16.505215"
226,"c28e1457990c11b48dfafa60f80b6c5f",14625000,"The Water Marq Compound, 1st Settlement, New Cairo, Cairo","By Lowest Price , For Sale Villa Ready to move Beside Mountain view Icity By Discount 32% + Installments","4",4,245,"Villa","","Built in Kitchen Appliances, Covered parking, Pets Allowed, Balcony or Terrace, Lobby in Building, Gym or Health Club, Swimming Pool, Sauna, Kids Play Area, Lawn or Garden, Barbeque Area, Cafeteria or Canteen, Security Staff","https://www.bayut.eg/en/property/details-503446511.html","2026-04-30 00:00:00","bayut","2026-05-07 22:46:49.234","2026-05-09 18:58:16.851334"
227,"521e70377f4793968f1661ef5b047f79",18690000,"Azzar 2, 5th Settlement, New Cairo, Cairo","townhouse corner for sale in azzar 2 ready to move Lowest downpayment and total","4",5,225,"Townhouse","Unfurnished","Balcony or Terrace, Covered parking, Gym or Health Club, Lawn or Garden, Security Staff","https://www.bayut.eg/en/property/details-503319487.html","2026-04-30 00:00:00","bayut","2026-05-07 22:46:49.465","2026-05-09 18:58:17.191316"
232,"c8bce37cca71542a3bd069108ae5f6fe",33650000,"Madinaty, Cairo","Villa for Sale in Madinaty, Model D3 Corner unit on a hilltop, wide garden (423sq)","4",4,290,"Villa","Unfurnished","Covered parking, Pets Allowed, Parking Spaces: 3, Double Glazed Windows, Storage Areas, Study Room, Balcony or Terrace, Lobby in Building, Reception/Waiting Room, Flooring, Total Floors: 3, First Aid Medical Center, Gym or Health Club, Facilities for Disabled, Swimming Pool, Jacuzzi, Sauna, Steam Room, Day Care Center, Kids Play Area, Lawn or Garden, Barbeque Area, Cafeteria or Canteen, Waste Disposal, Maintenance Staff, Cleaning Services, Business Center, Conference Room, Security Staff, CCTV Security, Shared Kitchen, Satellite/Cable TV, Intercom, 24 Hours Concierge, View, Freehold","https://www.bayut.eg/en/property/details-503448984.html","2026-04-30 00:00:00","bayut","2026-05-07 22:46:50.871","2026-05-09 18:58:18.914908"
233,"bcb2c370690d6ab68407817edb97983f",11500000,"Aliva mostakbal city, Mostakbal City, Cairo","Direct from Mountain View – IVilla Roof – 3BR – ALIVA","3",3,219,"iVilla","","","https://www.bayut.eg/en/property/details-503444522.html","2026-04-30 00:00:00","bayut","2026-05-07 22:46:51.097","2026-05-09 18:58:19.256658"
234,"19212db7b5d19ecc0476b400e3936a28",40000000,"Madinaty, Cairo","villa for Sale in Madinaty A3 with a Large Garden","5",5,425,"Villa","Unfurnished","Covered parking, Pets Allowed, Parking Spaces: 3, Electricity Meter, Water Meter, Double Glazed Windows, Storage Areas, Natural Gas, Landline, Study Room, Balcony or Terrace, Lobby in Building, Flooring, Total Floors: 3, First Aid Medical Center, Gym or Health Club, Facilities for Disabled, Swimming Pool, Day Care Center, Kids Play Area, Lawn or Garden, Cafeteria or Canteen, Waste Disposal, Maintenance Staff, Cleaning Services, Business Center, Security Staff, CCTV Security, Shared Kitchen, Laundry Room, Laundry Facility, Intercom, 24 Hours Concierge, Maids Room, Freehold","https://www.bayut.eg/en/property/details-502529420.html","2026-04-30 00:00:00","bayut","2026-05-07 22:46:51.323","2026-05-09 18:58:19.596942"
235,"a54051448beed5595c24dbd8d3f08e3a",25000000,"Rehab City, New Cairo, Cairo","For sale in Al-Rehab, a four-bedroom villa either furnished with appliances or unfurnished","4",3,250,"Villa","Furnished","","https://www.bayut.eg/en/property/details-503449921.html","2026-04-30 00:00:00","bayut","2026-05-07 22:46:51.655","2026-05-09 18:58:19.941283"
236,"cd1be3782342547700fadd8fee7ff832",8300000,"Mountain View Hyde Park Compound, 5th Settlement, New Cairo, Cairo","OVER 10 YEARS NEW LAUNCH 3 BEDROOMS APARTMENT FOR SALE IN MOUNTAIN VIEW FIFTH SETTLEMENT LOWEST PRICE","3",3,145,"Apartment","Unfurnished","Built in Kitchen Appliances, Covered parking, Electricity Meter, Water Meter, Natural Gas, Landline, First Aid Medical Center, Gym or Health Club, Swimming Pool, Jacuzzi, Day Care Center, Kids Play Area, Lawn or Garden, Barbeque Area, Cafeteria or Canteen","https://www.bayut.eg/en/property/details-503449007.html","2026-04-30 00:00:00","bayut","2026-05-07 22:46:51.874","2026-05-09 18:58:20.281239"
237,"99590acd5c2692ed5a5d26631c11b515",2222000,"Sarai, Mostakbal City, Cairo","Studio ready to review with amazing view - lowest price in Sarai compound next Madinaty","Studio",1,60,"Apartment","Unfurnished","Covered parking, Pets Allowed, Electricity Meter, Water Meter, Storage Areas, Natural Gas, Landline, Balcony or Terrace, Lobby in Building, Prayer Room, First Aid Medical Center, Gym or Health Club, Facilities for Disabled, Jacuzzi, Sauna, Steam Room, Kids Play Area, Lawn or Garden, Barbeque Area, Cafeteria or Canteen, Business Center, Conference Room, Security Staff, CCTV Security, Shared Kitchen, Laundry Room, Laundry Facility, Broadband Internet, Satellite/Cable TV","https://www.bayut.eg/en/property/details-503447696.html","2026-04-30 00:00:00","bayut","2026-05-07 22:46:52.093","2026-05-09 18:58:20.620528"
238,"aa69eea880393daa6d08ba6a14286f29",9000000,"The Wonder MarQ, Mostakbal City, Cairo","Own a 170m² villa in the heart of New Cairo next to Al Ahly Sabbour in The Wonder Marq compound with a down payment of 80,000.","3",3,170,"Villa","Unfurnished","Pets Allowed, Electricity Meter, Gym or Health Club, Swimming Pool, Kids Play Area, Lawn or Garden, Barbeque Area, Cafeteria or Canteen","https://www.bayut.eg/en/property/details-503447555.html","2026-04-30 00:00:00","bayut","2026-05-07 22:46:52.335","2026-05-09 18:58:20.964779"
239,"51e702f77fbdca392baf7ceddf2e03d7",32000000,"Kinda Compound, 1st Settlement, New Cairo, Cairo","For quick sale: Fully finished Twin House with a Private Pool in Taj City, Kinda phase. Ready for delivery within just Months","5",5,392,"Twin House","Unfurnished","Built in Kitchen Appliances, Covered parking, Electricity Backup, Pets Allowed, Electricity Meter, Water Meter, Storage Areas, Natural Gas, Balcony or Terrace, Lobby in Building, Reception/Waiting Room, First Aid Medical Center, Gym or Health Club, Facilities for Disabled, Swimming Pool, Steam Room, Day Care Center, Kids Play Area, Lawn or Garden, Barbeque Area, Cafeteria or Canteen, Waste Disposal, Maintenance Staff, Cleaning Services, Security Staff, CCTV Security, Laundry Room, Broadband Internet, Satellite/Cable TV, ATM Facility, 24 Hours Concierge, Maids Room, Freehold","https://www.bayut.eg/en/property/details-503446941.html","2026-04-30 00:00:00","bayut","2026-05-07 22:46:52.578","2026-05-09 18:58:21.303496"
240,"1d2abf0b7f93401853ec0f023cf881b1",4400000,"The Icon Residence Compound, 5th Settlement, New Cairo, Cairo","Apartment for sale on a typical floor in The Icon, New Cairo, Fifth Settlement, near 90th Street, behind Hyde Park, and minutes from the American Univ","2",2,105,"Apartment","","Electricity Meter, Natural Gas, Landline, Security Staff, Freehold","https://www.bayut.eg/en/property/details-503429695.html","2026-04-30 00:00:00","bayut","2026-05-07 22:46:52.873","2026-05-09 18:58:21.645463"
241,"9f760486b1603befbeca06f4563ef593",46000000,"Palm Hills New Cairo Compound, 5th Settlement, New Cairo, Cairo","Largest 662 sqm villa, ready to move in, with installment options in Palm Hills","5",6,662,"Villa","","Built in Kitchen Appliances, Covered parking, Pets Allowed, Electricity Meter, Water Meter, Natural Gas, Landline","https://www.bayut.eg/en/property/details-503288561.html","2026-04-30 00:00:00","bayut","2026-05-07 22:46:53.167","2026-05-09 18:58:21.98682"
242,"7588fcf00b3df21c8fd8146bc243821e",25000000,"Rehab City, New Cairo, Cairo","Standalone villa for sale in a prime location in El-Rehab 1, New Cairo Model K Standalone","4",4,520,"Villa","Unfurnished","Covered parking, Pets Allowed, Parking Spaces: 2, Electricity Meter, Natural Gas, Landline, Balcony or Terrace, Lawn or Garden, Maintenance Staff, Security Staff, CCTV Security, Broadband Internet, 24 Hours Concierge, Maids Room","https://www.bayut.eg/en/property/details-503447729.html","2026-04-30 00:00:00","bayut","2026-05-07 22:46:53.434","2026-05-09 18:58:22.324669"
243,"72ac9426b737f30b839b62f550b3c19f",16300000,"District 5 Compound, 5th Settlement, New Cairo, Cairo","EXCLUSIVE NEAR DELIVERY UNITS 10% DP ONLY_7YEARS!! APT FOR SALE IN DISTRICT 5-MARAZEZ-5TH SETTLEMENT -NEW CAIRO -90 STREET -AUC-SUEZ ROAD","3",3,225,"Apartment","Unfurnished","Built in Kitchen Appliances, Furnished, Covered parking, Electricity Backup, Pets Allowed, Electricity Meter, Centrally Air-Conditioned, Sea view, Central Heating, Water Meter, Double Glazed Windows, Storage Areas, Natural Gas, Landline, Study Room, Central A/C & heating, Balcony or Terrace, Lobby in Building, Service Elevators, Prayer Room, Reception/Waiting Room, First Aid Medical Center, Gym or Health Club, Facilities for Disabled, Swimming Pool, Jacuzzi, Sauna, Steam Room, Day Care Center, Kids Play Area, Lawn or Garden, Barbeque Area, Cafeteria or Canteen, Waste Disposal, Maintenance Staff, Cleaning Services, Business Center, Conference Room, Security Staff, CCTV Security, Shared Kitchen, Laundry Room, Laundry Facility, Broadband Internet, Satellite/Cable TV, Intercom, ATM Facility, 24 Hours Concierge, Maids Room, Freehold","https://www.bayut.eg/en/property/details-503447039.html","2026-04-30 00:00:00","bayut","2026-05-07 22:46:53.663","2026-05-09 18:58:22.668577"
244,"db1647a319c30104377d40c3a548e111",41000000,"Madinaty, Cairo","Luxury Villa model E, Stunning wide garden and island View, 730 sq","5",5,410,"Villa","Unfurnished","Covered parking, Pets Allowed, Parking Spaces: 3, Electricity Meter, Water Meter, Double Glazed Windows, Storage Areas, Landline, Study Room, Balcony or Terrace, Lobby in Building, Reception/Waiting Room, Flooring, Total Floors: 3, First Aid Medical Center, Gym or Health Club, Facilities for Disabled, Swimming Pool, Jacuzzi, Sauna, Steam Room, Day Care Center, Kids Play Area, Lawn or Garden, Barbeque Area, Cafeteria or Canteen, Waste Disposal, Maintenance Staff, Cleaning Services, Business Center, Conference Room, Security Staff, CCTV Security, Shared Kitchen, Satellite/Cable TV, Intercom, 24 Hours Concierge, Maids Room, View, Freehold","https://www.bayut.eg/en/property/details-503446558.html","2026-04-30 00:00:00","bayut","2026-05-07 22:46:53.978","2026-05-09 18:58:23.01667"
245,"e885fa021da20c4e4adba047d143e5eb",8000000,"Taj City Compound, 1st Settlement, New Cairo, Cairo","Resale Apartment ready to move for sale phase taj sultan,hot deal ready to move in Taj City","3",3,173,"Apartment","Unfurnished","Electricity Meter, Water Meter, Natural Gas, Balcony or Terrace, Reception/Waiting Room, Gym or Health Club, Jacuzzi, Sauna, Kids Play Area, Barbeque Area, Maintenance Staff, Cleaning Services, Security Staff","https://www.bayut.eg/en/property/details-503446323.html","2026-04-30 00:00:00","bayut","2026-05-07 22:46:54.202","2026-05-09 18:58:23.370159"
246,"79b1308978c734bb25bb046977a103a9",36000000,"Mivida Compound, 5th Settlement, New Cairo, Cairo","Townhouse resale fully finished for sale at the lowest price in the market in Mivida Emaar Compound New Cairo directly on South 90 Street","3",3,286,"Townhouse","Furnished","Covered parking, Balcony or Terrace, Gym or Health Club, Kids Play Area, Security Staff, 24 Hours Concierge, Freehold","https://www.bayut.eg/en/property/details-503445791.html","2026-04-30 00:00:00","bayut","2026-05-07 22:46:54.437","2026-05-09 18:58:23.709229"
247,"ae5a814fbdf404a37075801c99a1f5cc",7600000,"Mountain View Hyde Park Compound, 5th Settlement, New Cairo, Cairo","Very luxury apartment fully finished ready to move for sale in Mountain view Hyde park compound 5th settlement new Cairo","2",2,133,"Apartment","Unfurnished","Built in Kitchen Appliances, Covered parking, Pets Allowed, Electricity Meter, Water Meter, Natural Gas, Landline, First Aid Medical Center, Gym or Health Club, Facilities for Disabled, Swimming Pool, Jacuzzi, Sauna, Steam Room, Day Care Center, Kids Play Area, Lawn or Garden, Barbeque Area, Cafeteria or Canteen, Shared Kitchen, Laundry Room, Laundry Facility","https://www.bayut.eg/en/property/details-503446427.html","2026-04-30 00:00:00","bayut","2026-05-07 22:46:54.661","2026-05-09 18:58:24.059606"
248,"50fd502173a4833108d1aa45cb44609f",25300000,"Sodic East, New Heliopolis, Cairo","READY TO MOVE TOWNHOUSE FOR SALE, PRIME LOCATION, FLEXBALE PAYMENT PLAN .","4",3,231,"Townhouse","Unfurnished","Built in Kitchen Appliances, Furnished, Covered parking, Electricity Backup, Pets Allowed, Electricity Meter, Centrally Air-Conditioned, Sea view, Central Heating, Water Meter, Storage Areas, Natural Gas, Landline, Study Room, Central A/C & heating, Balcony or Terrace, Lobby in Building, Service Elevators, Prayer Room, Reception/Waiting Room, First Aid Medical Center, Gym or Health Club, Facilities for Disabled, Swimming Pool, Jacuzzi, Sauna, Steam Room, Day Care Center, Kids Play Area, Lawn or Garden, Barbeque Area, Cafeteria or Canteen, Waste Disposal, Maintenance Staff, Cleaning Services, Business Center, Conference Room, Security Staff, CCTV Security, Shared Kitchen, Laundry Room, Laundry Facility, Broadband Internet, Satellite/Cable TV, Intercom, Maids Room","https://www.bayut.eg/en/property/details-503446365.html","2026-04-30 00:00:00","bayut","2026-05-07 22:46:54.944","2026-05-09 18:58:24.405219"
249,"5a9f3e2c9dbd740e02d2dbbe6397c063",6500000,"Mountain View iCity Compound, 5th Settlement, New Cairo, Cairo","Under market price prime location 3 bedrooms apartment for sale in Mountain view Icity compound new cairo","3",3,180,"Apartment","Unfurnished","Built in Kitchen Appliances, Covered parking, Pets Allowed, Electricity Meter, Water Meter, Natural Gas, Landline, First Aid Medical Center, Gym or Health Club, Facilities for Disabled, Swimming Pool, Jacuzzi, Sauna, Steam Room, Day Care Center, Kids Play Area, Lawn or Garden, Barbeque Area, Cafeteria or Canteen, Shared Kitchen, Laundry Room, Laundry Facility","https://www.bayut.eg/en/property/details-503088746.html","2026-04-30 00:00:00","bayut","2026-05-07 22:46:55.173","2026-05-09 18:58:24.832615"
250,"5fe1819fcf90f920bcc46de194ae0972",133000000,"City Gate Compound, 5th Settlement, New Cairo, Cairo","LAST LARGE VILLA 714 M WITH PRIVATE GARDEN IN NEW CAIRO WITH LOWEST DOWN PAYMENT AND LONG TERM INSTALMENT","5",6,714,"Villa","Unfurnished","Built in Kitchen Appliances, Covered parking, Pets Allowed, Electricity Meter, Water Meter, Natural Gas, Landline, Day Care Center, Lawn or Garden, Barbeque Area","https://www.bayut.eg/en/property/details-503445953.html","2026-04-30 00:00:00","bayut","2026-05-07 22:46:55.404","2026-05-09 18:58:25.226778"
251,"a04b392450f61dfbdb4bde0e6a62f1da",4718850,"Scenario, New Capital City, Cairo","Receive your apartment in a compound living next to BUE and on the Central Axis in the New Capital - with the largest cash discount of up to 40%","3",3,163,"Apartment","Unfurnished","Covered parking, Pets Allowed, Electricity Meter, Water Meter, Natural Gas, Balcony or Terrace, First Aid Medical Center, Gym or Health Club, Jacuzzi, Sauna, Steam Room, Day Care Center, Kids Play Area, Lawn or Garden, Barbeque Area, Cafeteria or Canteen, Security Staff","https://www.bayut.eg/en/property/details-503445706.html","2026-04-30 00:00:00","bayut","2026-05-07 22:46:55.643","2026-05-09 18:58:25.569951"
252,"59b4b165d3efc230a7a17ab62b6aa117",6250000,"South of Academy, 5th Settlement, New Cairo, Cairo","Apartment for sale in South Academy, directly from the owner, opposite Al Futtaim Compound.","3",2,220,"Apartment","Unfurnished","Balcony or Terrace, Electricity Meter, Water Meter, Service Elevators, Freehold","https://www.bayut.eg/en/property/details-503303703.html","2026-04-30 00:00:00","bayut","2026-05-07 22:46:55.918","2026-05-09 18:58:25.909485"
253,"1a1d07409907cbef3752dc587a495c35",11500000,"Madinaty, Cairo","The finest 211 sqm apartment with hotel-style finishing in the most prestigious phase of Madinaty, B1.","3",3,211,"Apartment","Unfurnished","Built in Kitchen Appliances, Pets Allowed, Electricity Meter, Water Meter, Natural Gas, Central A/C & heating, Balcony or Terrace, Elevators in Building: 1, Completion Year: 5, First Aid Medical Center, Gym or Health Club, Facilities for Disabled, Day Care Center, Kids Play Area, Lawn or Garden, Waste Disposal, Maintenance Staff, Cleaning Services, Security Staff, CCTV Security","https://www.bayut.eg/en/property/details-503203113.html","2026-04-30 00:00:00","bayut","2026-05-07 22:46:56.146","2026-05-09 18:58:26.246327"
254,"bdee1cbec0f7801c5b31642bc210cf8e",44000000,"Kinda Compound, 1st Settlement, New Cairo, Cairo","Luxury villa for sale fully finished with a private swimming pool in Kinda Taj City compound opposite the Kempinski Hotel.","7",5,551,"Villa","Unfurnished","Built in Kitchen Appliances, Covered parking, Pets Allowed, Electricity Meter, Central Heating, Double Glazed Windows, Storage Areas, Central A/C & heating, Balcony or Terrace, Lobby in Building, Reception/Waiting Room, First Aid Medical Center, Gym or Health Club, Swimming Pool, Jacuzzi, Day Care Center, Kids Play Area, Lawn or Garden, Barbeque Area, Waste Disposal, Maintenance Staff, Cleaning Services, Business Center, Conference Room, Security Staff, CCTV Security, Laundry Room, Laundry Facility, Broadband Internet, Satellite/Cable TV, 24 Hours Concierge, Maids Room","https://www.bayut.eg/en/property/details-503253917.html","2026-04-30 00:00:00","bayut","2026-05-07 22:46:56.376","2026-05-09 18:58:26.592327"
267,"ebc8b9e3d58eb4237c38e877f5228d47",5120000,"R8, New Capital City, Cairo","Your chance: launch, lowest price/m², prime location","3",3,160,"Apartment","Unfurnished","","https://www.bayut.eg/en/property/details-503452369.html","2026-05-02 00:00:00","bayut","2026-05-07 22:46:59.683","2026-05-09 18:58:31.124386"
255,"2efe37c204bd71cecb0ab95ae64add26",8000000,"Mountain View iCity Compound, 5th Settlement, New Cairo, Cairo","LOWEST PRICE NEW LAUNCH APARTMENT 3 BEDROOMS FOR SALE OVER 10 YRS IN MOUNTAIN VIEW NEW CAIRO","3",3,145,"Apartment","Unfurnished","Built in Kitchen Appliances, Covered parking, Pets Allowed, Electricity Meter, Water Meter, Natural Gas, Landline, First Aid Medical Center, Gym or Health Club, Swimming Pool, Jacuzzi, Sauna, Day Care Center, Kids Play Area, Lawn or Garden, Barbeque Area, Cafeteria or Canteen","https://www.bayut.eg/en/property/details-503445054.html","2026-04-30 00:00:00","bayut","2026-05-07 22:46:56.621","2026-05-09 18:58:26.942645"
256,"c0fcb1d43f5cdf2e9855ed34b9062f45",16000000,"Villette Compound, 5th Settlement, New Cairo, Cairo","Fully finished Apartment for sale with AC's very prime location in Sodic Villette compound - New cairo","2",3,160,"Apartment","Unfurnished","Built in Kitchen Appliances, Covered parking, Electricity Meter, Balcony or Terrace, Reception/Waiting Room, Gym or Health Club, Swimming Pool, Kids Play Area, Security Staff","https://www.bayut.eg/en/property/details-503444558.html","2026-04-30 00:00:00","bayut","2026-05-07 22:46:56.902","2026-05-09 18:58:27.28609"
257,"7d14fd3953f3366c6de7bb6f9a5d2ea2",7000000,"Diplomats Compound, 5th Settlement, New Cairo, Cairo","roof for sale in diplomats compound","3",3,325,"Apartment","Unfurnished","Electricity Meter, Water Meter, Balcony or Terrace, Elevators in Building: 1, Service Elevators, Security Staff, CCTV Security, 24 Hours Concierge, Freehold","https://www.bayut.eg/en/property/details-502999203.html","2026-04-30 00:00:00","bayut","2026-05-07 22:46:57.129","2026-05-09 18:58:27.654302"
258,"13391be55912da911bea2f6712905bc9",6700000,"El Koronfel, 1st Settlement, New Cairo, Cairo","Apartment for sale in Al Qarnafel 1, directly from the owner, immediate delivery.","3",3,230,"Apartment","Unfurnished","Balcony or Terrace, Electricity Meter, Water Meter, Natural Gas, Service Elevators, Freehold","https://www.bayut.eg/en/property/details-503447340.html","2026-04-30 00:00:00","bayut","2026-05-07 22:46:57.347","2026-05-09 18:58:28.013437"
259,"c79b153d19df90076c37828265b7f2fe",2000000,"New Capital City, Cairo","Apartment for sale, immediate delivery, with the best view in the capital, overlooking the Green River, the tourist promenade, and Mohammed Bin Zayed","2",2,150,"Apartment","","Natural Gas, Landline, Security Staff","https://www.bayut.eg/en/property/details-503446733.html","2026-04-30 00:00:00","bayut","2026-05-07 22:46:57.584","2026-05-09 18:58:28.355149"
260,"a8f1412c19ed1336d9e1f7927602d73d",16000000,"El Shorouk 2000, Shorouk City, Cairo","Villa for sale bua 484 meter 5 bedrooms big garden ready to move unite cash 16000.000","5",4,484,"Villa","","Built in Kitchen Appliances, Covered parking, Pets Allowed, Electricity Meter, Water Meter, Natural Gas, Landline, First Aid Medical Center, Gym or Health Club, Facilities for Disabled, Swimming Pool, Jacuzzi, Sauna, Steam Room, Day Care Center, Kids Play Area, Lawn or Garden, Barbeque Area, Cafeteria or Canteen, Shared Kitchen, Laundry Facility","https://www.bayut.eg/en/property/details-503453089.html","2026-05-02 00:00:00","bayut","2026-05-07 22:46:57.828","2026-05-09 18:58:28.702031"
261,"e0585739e2d30cb292bbac78471670f0",8000000,"Hyde Park New Cairo Compound, 5th Settlement, New Cairo, Cairo","Apartment For sale New Launch Lowest Price In the heart of 5th settlement","2",2,130,"Apartment","Unfurnished","","https://www.bayut.eg/en/property/details-503441657.html","2026-04-29 00:00:00","bayut","2026-05-07 22:46:58.182","2026-05-09 18:58:29.044943"
262,"53e8e0dc25eb440c2982ec1e2a54e4e6",9000000,"Mountain View iCity Compound, 5th Settlement, New Cairo, Cairo","Apartment for sale in Mountain View, Fifth Settlement, large area 150 meters, with only a 5% down payment and 10-year installments at the lowest price","3",3,150,"Apartment","Unfurnished","Electricity Backup, Parking Spaces: 3, Centrally Air-Conditioned, Storage Areas, Central A/C & heating, Waste Disposal, Maintenance Staff, Cleaning Services","https://www.bayut.eg/en/property/details-503441181.html","2026-04-29 00:00:00","bayut","2026-05-07 22:46:58.476","2026-05-09 18:58:29.382808"
263,"d917e89fe7013bfec28b25b28be4bc31",14800000,"Sarai, Mostakbal City, Cairo","Villa for sale with a down payment of 740 thousand, enclosed within the walls, near Madinaty, and installment plans available for the longest payment period.","4",4,160,"Villa","Unfurnished","Built in Kitchen Appliances, Covered parking, Electricity Backup, Pets Allowed, Electricity Meter, Centrally Air-Conditioned, Central Heating, Water Meter, Double Glazed Windows, Storage Areas, Natural Gas, Landline, Study Room, Central A/C & heating, Balcony or Terrace, Lobby in Building, Service Elevators, Prayer Room, Reception/Waiting Room, First Aid Medical Center, Gym or Health Club, Facilities for Disabled, Swimming Pool, Jacuzzi, Sauna, Steam Room, Day Care Center, Kids Play Area, Lawn or Garden, Barbeque Area, Cafeteria or Canteen, Waste Disposal, Maintenance Staff, Cleaning Services, Business Center, Conference Room, Security Staff, CCTV Security, Shared Kitchen, Laundry Room, Laundry Facility, Broadband Internet, Satellite/Cable TV, Intercom, ATM Facility, Maids Room, Freehold","https://www.bayut.eg/en/property/details-503286625.html","2026-04-30 00:00:00","bayut","2026-05-07 22:46:58.713","2026-05-09 18:58:29.727991"
264,"f6918e3e3bcc815110e25fb78681ea08",39810000,"Hyde Park New Cairo Compound, 5th Settlement, New Cairo, Cairo","Ready-to-move villa in Hyde Park, Fifth Settlement with installment options","4",4,236,"Villa","Unfurnished","Built in Kitchen Appliances, Covered parking, Electricity Backup, Pets Allowed, Electricity Meter, Centrally Air-Conditioned, Central Heating, Water Meter, Double Glazed Windows, Storage Areas, Natural Gas, Landline, Study Room, Central A/C & heating, Balcony or Terrace, Lobby in Building, Service Elevators, Prayer Room, Reception/Waiting Room, First Aid Medical Center, Gym or Health Club, Facilities for Disabled, Swimming Pool, Jacuzzi, Sauna, Steam Room, Day Care Center, Kids Play Area, Lawn or Garden, Barbeque Area, Cafeteria or Canteen, Waste Disposal, Maintenance Staff, Cleaning Services, Business Center, Conference Room, Security Staff, CCTV Security, Shared Kitchen, Laundry Room, Laundry Facility, Broadband Internet, Satellite/Cable TV, Intercom, ATM Facility, 24 Hours Concierge, Maids Room, Freehold","https://www.bayut.eg/en/property/details-503267422.html","2026-04-30 00:00:00","bayut","2026-05-07 22:46:58.995","2026-05-09 18:58:30.075529"
265,"3f9651a5483be30c5545a44059431b00",17200000,"Fifth Square Compound, 5th Settlement, New Cairo, Cairo","Penthouse 187 square meters, roof 120 square meters, immediate delivery with full finishing ultra super lux in Fifth Square compound from Al-Marasem in the Fifth Settlement, a compound that has been inhabited and lived in for years.","3",3,187,"Penthouse","Unfurnished","Built in Kitchen Appliances, Covered parking, Electricity Backup, Pets Allowed, Electricity Meter, Centrally Air-Conditioned, Central Heating, Water Meter, Double Glazed Windows, Storage Areas, Natural Gas, Landline, Study Room, Central A/C & heating, Balcony or Terrace, Lobby in Building, Service Elevators, Prayer Room, Reception/Waiting Room, First Aid Medical Center, Gym or Health Club, Facilities for Disabled, Swimming Pool, Jacuzzi, Sauna, Steam Room, Day Care Center, Kids Play Area, Lawn or Garden, Barbeque Area, Cafeteria or Canteen, Waste Disposal, Maintenance Staff, Cleaning Services, Business Center, Conference Room, Security Staff, CCTV Security, Shared Kitchen, Laundry Room, Laundry Facility, Broadband Internet, Satellite/Cable TV, Intercom, ATM Facility, 24 Hours Concierge, Maids Room, Freehold","https://www.bayut.eg/en/property/details-503444319.html","2026-04-30 00:00:00","bayut","2026-05-07 22:46:59.237","2026-05-09 18:58:30.416475"
266,"65db9adb2590229e2e6e908f02c9a5b7",3300000,"Sarai, Mostakbal City, Cairo","Studio for Sale in Sarai – Prime Location Facing Club","Studio",1,80,"Apartment","Unfurnished","Security Staff, CCTV Security","https://www.bayut.eg/en/property/details-503440928.html","2026-04-29 00:00:00","bayut","2026-05-07 22:46:59.462","2026-05-09 18:58:30.782855"
268,"05dda452771d8e3b7ec46116baaf5321",33000000,"Shorouk City, Cairo","For quick sale, the last independent villa at the lowest price in Al-Brouj is ready for inspection.","4",4,325,"Villa","","Built in Kitchen Appliances, Covered parking, Pets Allowed, Electricity Meter, Water Meter, First Aid Medical Center, Gym or Health Club, Facilities for Disabled, Jacuzzi, Sauna, Steam Room, Day Care Center, Kids Play Area, Lawn or Garden, Barbeque Area, Cafeteria or Canteen","https://www.bayut.eg/en/property/details-503443912.html","2026-04-29 00:00:00","bayut","2026-05-07 22:46:59.912","2026-05-09 18:58:31.467876"
269,"988a9bcac8ee0c7d4dce2e83098ae065",15000000,"EL Patio 7, 5th Settlement, New Cairo, Cairo","Villa for sale, immediate delivery, ready for living in La Vista Al Tagamoa.","4",3,228,"Villa","Unfurnished","","https://www.bayut.eg/en/property/details-503443686.html","2026-04-29 00:00:00","bayut","2026-05-07 22:47:00.197","2026-05-09 18:58:31.810898"
270,"9309f0e332393df96524eb7e2bafb7e9",13500000,"Rehab City, New Cairo, Cairo","250 sqm apartment with 4 rooms for sale in Rehab at a bargain price, direct from the owner.","4",4,250,"Apartment","Unfurnished","","https://www.bayut.eg/en/property/details-503443715.html","2026-04-29 00:00:00","bayut","2026-05-07 22:47:00.417","2026-05-09 18:58:32.158602"
271,"07beb112f20c1eaf362bbd5a47a2bea7",3763600,"Kardia, New Capital City, Cairo","Best north pool-view apt, launch price by uni & hotel","4",3,192,"Apartment","Unfurnished","","https://www.bayut.eg/en/property/details-503440710.html","2026-04-29 00:00:00","bayut","2026-05-07 22:47:00.673","2026-05-09 18:58:32.500737"
272,"822971dbd78281386db8f4ae9cab3134",4135000,"Noor City, New Capital City, Cairo","Opportunity to seize in the city of نور an 82m apartment with a special view","2",1,82,"Apartment","Unfurnished","","https://www.bayut.eg/en/property/details-503439026.html","2026-04-29 00:00:00","bayut","2026-05-07 22:47:00.89","2026-05-09 18:58:32.841736"
273,"0307be69f9df4003a2f3390b3dc1e6cd",3984120,"Defaf, R8, New Capital City, Cairo","Apartment for Sale in DIG – Premium living in the heart of the New Administrative Capital Open view on the Green River + Lagoon + Tourist Walkway","3",2,155,"Apartment","Unfurnished","Covered parking, Electricity Meter, Natural Gas, Landline, Gym or Health Club, Swimming Pool, Jacuzzi, Sauna, Kids Play Area, Lawn or Garden, Barbeque Area, Cafeteria or Canteen, Security Staff","https://www.bayut.eg/en/property/details-503452611.html","2026-05-02 00:00:00","bayut","2026-05-07 22:47:01.166","2026-05-09 18:58:33.184295"
274,"500a47ed28ab5ff44a97cc61e590dcff",12000000,"The Wonder MarQ, Mostakbal City, Cairo","Villa for sale in European style, fully finished with air conditioning, ready for immediate inspection in a residential compound that is already lived in.","3",3,270,"Villa","Unfurnished","","https://www.bayut.eg/en/property/details-503437889.html","2026-04-28 00:00:00","bayut","2026-05-07 22:47:01.399","2026-05-09 18:58:33.525776"
275,"f2658dd27163af9a301b527524b7258d",5900000,"Tamr Henna Compound, 5th Settlement, New Cairo, Cairo","Apartment for sale in Tamar Henna, directly from the owner, with payment facilities. Second row from Palm Hills compound.","4",3,230,"Apartment","Unfurnished","Balcony or Terrace, Electricity Meter, Water Meter, Natural Gas, Service Elevators, Freehold","https://www.bayut.eg/en/property/details-503443395.html","2026-04-29 00:00:00","bayut","2026-05-07 22:47:01.62","2026-05-09 18:58:33.870814"
276,"4436cddb69b4b219acbe6c3da985980d",12300000,"Palm Hills New Cairo Compound, 5th Settlement, New Cairo, Cairo","Fully finished lowest price downpayment and installments open view on landscape 3 bedrooms apartment for sale in Palm hills new cairo compound","3",3,174,"Apartment","Unfurnished","Built in Kitchen Appliances, Covered parking, Pets Allowed, Electricity Meter, Water Meter, Natural Gas, Landline, First Aid Medical Center, Gym or Health Club, Facilities for Disabled, Swimming Pool, Jacuzzi, Sauna, Steam Room, Day Care Center, Kids Play Area, Lawn or Garden, Barbeque Area, Cafeteria or Canteen, Laundry Room, Laundry Facility","https://www.bayut.eg/en/property/details-503443280.html","2026-04-29 00:00:00","bayut","2026-05-07 22:47:01.877","2026-05-09 18:58:34.214855"
277,"90d0584520c11e5a030091f8326dc1c0",5400000,"L’Avenir, Mostakbal City, Cairo","Penthouse with ready to move a very special price and the lowest price in the market for a quick sale, with a very distinctive view in Laveni","3",4,220,"Penthouse","Unfurnished","Built in Kitchen Appliances, Covered parking, Pets Allowed, Electricity Meter, Water Meter, Natural Gas, Landline, Kids Play Area, Lawn or Garden, Barbeque Area, Cafeteria or Canteen, Security Staff, CCTV Security","https://www.bayut.eg/en/property/details-503288060.html","2026-04-29 00:00:00","bayut","2026-05-07 22:47:02.146","2026-05-09 18:58:34.558482"
278,"dcca79a8c18b9d3e3d10285fbcbe0347",4882500,"Defaf, R8, New Capital City, Cairo","A premium residential opportunity in the New Administrative Capital – Daffaf Project","3",2,150,"Apartment","Unfurnished","First Aid Medical Center, Gym or Health Club, Facilities for Disabled, Swimming Pool, Jacuzzi, Sauna, Steam Room, Day Care Center, Kids Play Area, Lawn or Garden, Barbeque Area, Cafeteria or Canteen, Waste Disposal, Maintenance Staff, Cleaning Services, Business Center, Conference Room, Security Staff, CCTV Security, Broadband Internet, Satellite/Cable TV, Intercom","https://www.bayut.eg/en/property/details-503442408.html","2026-04-29 00:00:00","bayut","2026-05-07 22:47:02.375","2026-05-09 18:58:34.903253"
279,"e626ed46cce152b9132d5bdbc689007a",15450000,"The Waterway Compound, 5th Settlement, New Cairo, Cairo","Apartment for sale,ready to move , no overhang, open view in Waterway Compound","3",3,166,"Apartment","Unfurnished","Built in Kitchen Appliances, Covered parking, Pets Allowed, Electricity Meter, Natural Gas, Landline","https://www.bayut.eg/en/property/details-503440230.html","2026-04-29 00:00:00","bayut","2026-05-07 22:47:02.656","2026-05-09 18:58:35.248301"
280,"8f93f1d567c5e4eb91872dfc04b8d5f6",14200000,"Mountain View Hyde Park Compound, 5th Settlement, New Cairo, Cairo","Exclusive price Direct on landscape Semi Finished 3 bedrooms IVilla roof for sale in Mountain view Hyde park fifth settlement new cairo","3",2,300,"Duplex","Unfurnished","Built in Kitchen Appliances, Covered parking, Pets Allowed, Electricity Meter, Water Meter, Natural Gas, Landline, First Aid Medical Center, Gym or Health Club, Facilities for Disabled, Swimming Pool, Jacuzzi, Sauna, Steam Room, Day Care Center, Kids Play Area, Lawn or Garden, Barbeque Area, Cafeteria or Canteen, Shared Kitchen, Laundry Room, Laundry Facility","https://www.bayut.eg/en/property/details-503296544.html","2026-04-29 00:00:00","bayut","2026-05-07 22:47:02.941","2026-05-09 18:58:35.590014"
281,"41a26130c029c35a62a3575e8d25e2e7",7500000,"Sarai, Mostakbal City, Cairo","Own your 2 bedrooms apartment with lowest price in market downpayment and installments in Sarai compound New Cairo","2",2,100,"Apartment","Unfurnished","Built in Kitchen Appliances, Covered parking, Pets Allowed, Electricity Meter, Water Meter, Natural Gas, Landline, First Aid Medical Center, Gym or Health Club, Facilities for Disabled, Swimming Pool, Jacuzzi, Sauna, Steam Room, Day Care Center, Kids Play Area, Lawn or Garden, Barbeque Area, Cafeteria or Canteen, Shared Kitchen, Laundry Room, Laundry Facility","https://www.bayut.eg/en/property/details-503442354.html","2026-04-29 00:00:00","bayut","2026-05-07 22:47:03.294","2026-05-09 18:58:35.932333"
282,"7c530854095a003b80f7b1d85c30e769",21000000,"Mivida Compound, 5th Settlement, New Cairo, Cairo","Apartment for sale in Mivida Emaar fully finished ultra super lux fully furnished open lagoon view at the lowest market price","3",4,191,"Apartment","Furnished","Built in Kitchen Appliances, Furnished, Covered parking, Pets Allowed, Electricity Meter, Centrally Air-Conditioned, Central Heating, Central A/C & heating, Balcony or Terrace, Lobby in Building, Gym or Health Club, Security Staff, CCTV Security, Maids Room","https://www.bayut.eg/en/property/details-503199752.html","2026-04-29 00:00:00","bayut","2026-05-07 22:47:03.524","2026-05-09 18:58:36.276136"
283,"0bc632cdfbc29dca0f9e4eb6fc6b1c50",4700000,"Madinaty, Cairo","Apartment for sale 78m² B12 Madinaty with a wonderful view at a very special price","2",1,78,"Apartment","Unfurnished","Pets Allowed, Electricity Meter, Water Meter, Natural Gas, Elevators in Building: 1, Completion Year: 2, Reception/Waiting Room, First Aid Medical Center, Gym or Health Club, Kids Play Area, Waste Disposal, Maintenance Staff, Cleaning Services, Security Staff, CCTV Security, Broadband Internet, Satellite/Cable TV, 24 Hours Concierge, Freehold","https://www.bayut.eg/en/property/details-503440833.html","2026-04-29 00:00:00","bayut","2026-05-07 22:47:03.756","2026-05-09 18:58:36.644897"
284,"49a551ea8779c2737f117e2fd58e2db5",27100000,"Saada Compound, 1st Settlement, New Cairo, Cairo","Luxury Twin House for Sale in Saada New Cairo Prime Location Modern Design Spacious Layout with Installments and Exceptional Living Experience","3",5,315,"Twin House","Unfurnished","","https://www.bayut.eg/en/property/details-503438954.html","2026-04-29 00:00:00","bayut","2026-05-07 22:47:03.977","2026-05-09 18:58:36.986007"
285,"624a650da9b53aaecbd7d9f0360cc569",5568579,"Midtown Condo, New Capital City, Cairo","An immediately ready apartment below market price from the best developer in the New Capital.","3",3,210,"Apartment","Unfurnished","Covered parking, Pets Allowed, Electricity Meter, Water Meter, Natural Gas, Landline, First Aid Medical Center, Gym or Health Club, Facilities for Disabled, Swimming Pool, Jacuzzi, Sauna, Steam Room, Security Staff, CCTV Security","https://www.bayut.eg/en/property/details-503436396.html","2026-04-28 00:00:00","bayut","2026-05-07 22:47:04.241","2026-05-09 18:58:37.325049"
286,"fd0c6c56ebd631aa1920d67b5bb81cb1",5164417,"Midtown Sky, New Capital City, Cairo","Apartment for Sale in R7 | Heart of the New Administrative Capital | Luxury Design & Full Amenities","3",3,190,"Apartment","Unfurnished","Pets Allowed, Electricity Meter, Water Meter, Natural Gas, Landline, First Aid Medical Center, Gym or Health Club, Facilities for Disabled, Swimming Pool, Jacuzzi, Sauna, Steam Room, Day Care Center, Kids Play Area, Lawn or Garden, Cafeteria or Canteen, Waste Disposal, Maintenance Staff, Cleaning Services, CCTV Security","https://www.bayut.eg/en/property/details-503436369.html","2026-04-28 00:00:00","bayut","2026-05-07 22:47:04.471","2026-05-09 18:58:37.665447"
287,"a3c0665e3eba22b18ecad2ef11a00306",11500000,"Green Square, Mostakbal City, Cairo","Cheapest townhouse 280m at a bargain price for sale in a prime location – Green Square Compound – Mostakbal City – New Cairo – 4 bedrooms","4",4,280,"Townhouse","Unfurnished","Built in Kitchen Appliances, Covered parking, Electricity Backup, Pets Allowed, Electricity Meter, Centrally Air-Conditioned, Water Meter, Double Glazed Windows, Storage Areas, Natural Gas, Landline, Central A/C & heating, Balcony or Terrace, Lobby in Building, First Aid Medical Center, Gym or Health Club, Facilities for Disabled, Swimming Pool, Jacuzzi, Sauna, Steam Room, Day Care Center, Kids Play Area, Lawn or Garden, Barbeque Area, Cafeteria or Canteen, Waste Disposal, Maintenance Staff, Cleaning Services, Conference Room, Security Staff, Shared Kitchen, Laundry Room, Laundry Facility, Broadband Internet, Satellite/Cable TV, Intercom","https://www.bayut.eg/en/property/details-503377005.html","2026-04-29 00:00:00","bayut","2026-05-07 22:47:04.705","2026-05-09 18:58:38.008635"
288,"d1024884679269e1937f28e4b6902bee",9500000,"Al Burouj, Shorouk City, Cairo","Townhouse for sale at a special price, 200 sq m, with a landscape view, ready to move in immediately - Al Burouj Compound - Shorouk City - 3 bedrooms","3",3,200,"Townhouse","Unfurnished","Built in Kitchen Appliances, Covered parking, Electricity Backup, Electricity Meter, Centrally Air-Conditioned, Central Heating, Water Meter, Double Glazed Windows, Natural Gas, Landline, Central A/C & heating, Balcony or Terrace, Lobby in Building, First Aid Medical Center, Gym or Health Club, Day Care Center, Kids Play Area, Lawn or Garden, Barbeque Area, Waste Disposal, Maintenance Staff, Cleaning Services, Business Center, Conference Room, Security Staff, Laundry Facility, Broadband Internet, Satellite/Cable TV, Intercom","https://www.bayut.eg/en/property/details-503151032.html","2026-04-29 00:00:00","bayut","2026-05-07 22:47:04.93","2026-05-09 18:58:38.363763"
289,"4c7d7462c2c2d90d5df15bbf33db4b7c",23000000,"Hyde Park New Cairo Compound, 5th Settlement, New Cairo, Cairo","Under market price Twin Villa for sale in Hyde park New Cairo on Prime location Direct on The Landscape Pocket Ready To Move","3",4,279,"Twin House","Unfurnished","Pets Allowed, Water Meter, Balcony or Terrace, Completion Year, First Aid Medical Center, Lawn or Garden, Security Staff, Laundry Room, Maids Room","https://www.bayut.eg/en/property/details-503118189.html","2026-04-30 00:00:00","bayut","2026-05-07 22:47:05.286","2026-05-09 18:58:38.709535"
290,"eec049d79d95f540f3ca7741069d6cb5",5600000,"Ayyam, R8, New Capital City, Cairo","Duplex for sale with only a 5% down payment and installments up to 12 years in the New Administrative Capital.","3",3,200,"Apartment","Unfurnished","Covered parking, Pets Allowed, Electricity Meter, Water Meter, Natural Gas, Landline, First Aid Medical Center, Gym or Health Club, Facilities for Disabled, Swimming Pool, Jacuzzi, Sauna, Steam Room, Day Care Center, Lawn or Garden, Barbeque Area, Cafeteria or Canteen","https://www.bayut.eg/en/property/details-503441199.html","2026-04-29 00:00:00","bayut","2026-05-07 22:47:05.507","2026-05-09 18:58:39.052093"
291,"e97a18e9b3b487f75b20fd65fa679027",8720000,"Palm Hills New Cairo Compound, 5th Settlement, New Cairo, Cairo","Ready to move downpayment and installments 2 bedrooms apartment for sale in Palm hills new cairo compound fifth settlement","2",2,152,"Apartment","Unfurnished","Built in Kitchen Appliances, Covered parking, Pets Allowed, Electricity Meter, Water Meter, Natural Gas, Landline, First Aid Medical Center, Gym or Health Club, Facilities for Disabled, Swimming Pool, Jacuzzi, Sauna, Steam Room, Day Care Center, Kids Play Area, Lawn or Garden, Barbeque Area, Cafeteria or Canteen, Shared Kitchen, Laundry Room, Laundry Facility","https://www.bayut.eg/en/property/details-503297302.html","2026-04-29 00:00:00","bayut","2026-05-07 22:47:05.726","2026-05-09 18:58:39.400551"
292,"e99e4c0007f9646b51646e8f219065ce",13000000,"District 5 Compound, 5th Settlement, New Cairo, Cairo","SPECIAL OFFER DELIVERY SOON FOR SALE 2 BEDROOMS APARTMENT 10% DP IN DISTRICT 5 MARAKEZ NEW CAIRO","2",2,126,"Apartment","Unfurnished","Built in Kitchen Appliances, Covered parking, Pets Allowed, Electricity Meter, Water Meter, Natural Gas, Landline, Balcony or Terrace, Prayer Room, Gym or Health Club, Facilities for Disabled, Swimming Pool, Jacuzzi, Sauna, Steam Room, Day Care Center, Kids Play Area, Lawn or Garden, Barbeque Area, Cafeteria or Canteen, Business Center, Security Staff, CCTV Security, Shared Kitchen, Laundry Room, Laundry Facility","https://www.bayut.eg/en/property/details-503295672.html","2026-04-29 00:00:00","bayut","2026-05-07 22:47:05.949","2026-05-09 18:58:39.741547"
293,"8e7adba14998d4203ede847490c0bae2",38000000,"Sodic East, New Heliopolis, Cairo","OWN LUXURY UNIQUE VILLA OVER 10 YEARS BY SODIC !!","4",4,434,"Villa","Unfurnished","Covered parking, Electricity Backup, Pets Allowed, Electricity Meter, Centrally Air-Conditioned, Sea view, Central Heating, Water Meter, Natural Gas, Landline, Central A/C & heating, Gym or Health Club, Facilities for Disabled, Swimming Pool, Jacuzzi, Steam Room, Day Care Center, Kids Play Area, Lawn or Garden, Barbeque Area, Cafeteria or Canteen, Business Center, Security Staff, CCTV Security, Shared Kitchen, Laundry Facility, Broadband Internet, Intercom, Maids Room","https://www.bayut.eg/en/property/details-503284246.html","2026-04-28 00:00:00","bayut","2026-05-07 22:47:06.216","2026-05-09 18:58:40.089541"
454,"087dea3b50c58e1ff011f8636dc13390",22500000,"Palm Hills New Cairo Compound, 5th Settlement, New Cairo, Cairo","Villa For Sale In Palm Hills New Cairo Ready To Move By Lowest Price in the market","5",5,385,"Villa","Furnished","","https://www.bayut.eg/en/property/details-502894010.html","2026-04-25 00:00:00","bayut","2026-05-07 22:47:45.919","2026-05-09 18:59:35.925211"
294,"4336cf4b230ba113279c7e415ebef212",7000000,"Mountain View iCity Compound, 5th Settlement, New Cairo, Cairo","Apartment Ready To move Very Special price Clubhouse and garage included -icity","3",3,160,"Apartment","Unfurnished","Electricity Meter, Water Meter, Natural Gas, Balcony or Terrace, Reception/Waiting Room, Gym or Health Club, Jacuzzi, Sauna, Kids Play Area, Barbeque Area, Maintenance Staff, Cleaning Services, Security Staff","https://www.bayut.eg/en/property/details-503449067.html","2026-04-30 00:00:00","bayut","2026-05-07 22:47:06.481","2026-05-09 18:58:40.434229"
295,"81e1e61f3889540e32de28608eee576b",8600000,"Madinaty, Cairo","Apartment for sale in Madinaty, 149m, wide garden view, special finishing next to services","3",3,149,"Apartment","Unfurnished","Covered parking, Pets Allowed, Parking Spaces: 1, Electricity Meter, Water Meter, Natural Gas, Balcony or Terrace, Lobby in Building, Elevators in Building: 1, Service Elevators, Completion Year, Prayer Room, Reception/Waiting Room, Flooring, Total Floors: 5, First Aid Medical Center, Gym or Health Club, Facilities for Disabled, Swimming Pool, Jacuzzi, Sauna, Steam Room, Day Care Center, Kids Play Area, Lawn or Garden, Barbeque Area, Cafeteria or Canteen, Waste Disposal, Maintenance Staff, Cleaning Services, Business Center, Conference Room, Security Staff, CCTV Security, Shared Kitchen, Laundry Room, Laundry Facility, Broadband Internet, Satellite/Cable TV, Intercom, 24 Hours Concierge, Nearby Shopping Malls, View, Freehold","https://www.bayut.eg/en/property/details-503438983.html","2026-04-29 00:00:00","bayut","2026-05-07 22:47:06.701","2026-05-09 18:58:40.790765"
296,"e656c9dac10fc1765bb900a8913a3ead",15000000,"Regent's Square, 5th Settlement, New Cairo, Cairo","Own a fully finished 3-bedroom apartment in Regents Square with just a 5% down payment, near delivery, and flexible installments.","3",3,153,"Apartment","","Built in Kitchen Appliances, Covered parking, Pets Allowed, Electricity Meter, Water Meter, Natural Gas, Landline","https://www.bayut.eg/en/property/details-503435358.html","2026-04-28 00:00:00","bayut","2026-05-07 22:47:06.93","2026-05-09 18:58:41.132848"
297,"fa9bbeca31c05f102c3028f99edf35de",21700000,"La Vista City, New Capital City, Cairo","For the First Time – Fully Finished Villa at the Price of an Apartment | La Vista City","4",4,230,"Villa","","Built in Kitchen Appliances, Covered parking, Pets Allowed, Electricity Meter, Water Meter, Natural Gas, Landline","https://www.bayut.eg/en/property/details-503090781.html","2026-04-29 00:00:00","bayut","2026-05-07 22:47:07.148","2026-05-09 18:58:41.475894"
298,"35889e3aa99f02b61f32e1facc72bd8a",24000000,"Palm Hills New Cairo Compound, 5th Settlement, New Cairo, Cairo","Lowest price for a corner townhouse resale with payment facilities for sale in Palm Hills New Cairo near the American University","3",4,266,"Townhouse","Unfurnished","Covered parking, Balcony or Terrace, Gym or Health Club, Kids Play Area, Lawn or Garden, Security Staff, 24 Hours Concierge, Freehold","https://www.bayut.eg/en/property/details-502994099.html","2026-04-29 00:00:00","bayut","2026-05-07 22:47:07.461","2026-05-09 18:58:41.817806"
299,"c0d8fa5719307c119802bdb73ac160bb",16182300,"Corniche El Maadi, Maadi, Cairo","للبيع شقة استوديوع كورنيش المعادي تشطيب فندقي بالفرش والتكيف فيو النيل","1",1,76,"Apartment","Furnished","Built in Kitchen Appliances, Covered parking, Pets Allowed, Electricity Meter, Water Meter, Natural Gas, Landline, Central A/C & heating, Balcony or Terrace, Elevators in Building: 1, Completion Year: 7, Security Staff","https://www.bayut.eg/en/property/details-205126043.html","2026-04-28 00:00:00","bayut","2026-05-07 22:47:07.689","2026-05-09 18:58:42.160203"
300,"d72427e3979d62250a47fbdc8a246d92",17940000,"Hyde Park New Cairo Compound, 5th Settlement, New Cairo, Cairo","The most distinctive apartment 216 m fully finished ultra super lux Prime Location with a landscape with 5% down payment and installment over 8 years","3",3,216,"Apartment","Unfurnished","Built in Kitchen Appliances, Covered parking, Electricity Meter, Water Meter, Natural Gas, Balcony or Terrace, Lobby in Building, Gym or Health Club, Lawn or Garden, Barbeque Area, Cafeteria or Canteen, Maintenance Staff, Cleaning Services, Business Center, Security Staff, CCTV Security","https://www.bayut.eg/en/property/details-503439802.html","2026-04-29 00:00:00","bayut","2026-05-07 22:47:07.951","2026-05-09 18:58:42.516526"
301,"63463d9033b57cb14d30e371b59b5e7d",3800000,"R8, New Capital City, Cairo","Last chance to secure housing at the lowest price of 26,000 per meter and installments over 12 years.","3",3,145,"Apartment","","Covered parking, Pets Allowed, Electricity Meter, Water Meter, Natural Gas, Landline, Balcony or Terrace, Lobby in Building, Prayer Room, First Aid Medical Center, Gym or Health Club, Facilities for Disabled, Swimming Pool, Jacuzzi, Sauna, Steam Room, Day Care Center, Kids Play Area, Lawn or Garden, Barbeque Area, Cafeteria or Canteen, Waste Disposal, Maintenance Staff, Cleaning Services, Business Center, Conference Room, Security Staff, CCTV Security, Broadband Internet, Satellite/Cable TV, Intercom","https://www.bayut.eg/en/property/details-503439661.html","2026-04-29 00:00:00","bayut","2026-05-07 22:47:08.215","2026-05-09 18:58:42.859152"
302,"2d2eacac459341f8e116ca1fe884f949",8000000,"Mountain View Hyde Park Compound, 5th Settlement, New Cairo, Cairo","New Launch 3BR Apartment in Mountain View | 5% DP | Installments | Prime Location with Best Price","2",2,120,"Apartment","Unfurnished","Built in Kitchen Appliances, Covered parking, Pets Allowed, Electricity Meter, Water Meter, Natural Gas, Landline, First Aid Medical Center, Gym or Health Club, Swimming Pool, Sauna, Steam Room, Day Care Center, Kids Play Area, Lawn or Garden, Barbeque Area, Cafeteria or Canteen","https://www.bayut.eg/en/property/details-503439516.html","2026-04-29 00:00:00","bayut","2026-05-07 22:47:08.617","2026-05-09 18:58:43.203893"
303,"36f4b2673c604456ee748ade67006921",5938000,"New Garden City, New Capital City, Cairo","A fully finished apartment at the lowest price in front of the iconic tower, near the ring road in the heart of the New Capital in New Garden City.","2",2,162,"Apartment","Unfurnished","Built in Kitchen Appliances, Covered parking, Pets Allowed, Electricity Meter, Water Meter, Natural Gas, Balcony or Terrace, First Aid Medical Center, Gym or Health Club, Jacuzzi, Sauna, Steam Room, Day Care Center, Kids Play Area, Lawn or Garden, Barbeque Area, Cafeteria or Canteen, Security Staff","https://www.bayut.eg/en/property/details-503434572.html","2026-04-28 00:00:00","bayut","2026-05-07 22:47:08.833","2026-05-09 18:58:43.543675"
304,"25052042dd3378f29cff6f66fb6e3d38",11800000,"Lake view Residence Compound, 5th Settlement, New Cairo, Cairo","Resale apartment, Ready to move, open view, ultra-super-lux finishing, with kitchen, appliances, and air conditioning in Lake View Residence comp","2",2,136,"Apartment","Unfurnished","Built in Kitchen Appliances, Covered parking, Pets Allowed, Electricity Meter, Water Meter, Natural Gas, Day Care Center, Kids Play Area, Lawn or Garden, Barbeque Area, Cafeteria or Canteen","https://www.bayut.eg/en/property/details-503434521.html","2026-04-28 00:00:00","bayut","2026-05-07 22:47:09.078","2026-05-09 18:58:43.884088"
305,"9c0bdb53fd0a7f20cac508174ad5f7c9",9900000,"Sarai, Mostakbal City, Cairo","Villa for sale at half price, a distinctive villa for sale with an open view of the landscape, walled in with Madinaty.","4",3,212,"Villa","Unfurnished","Electricity Meter, Natural Gas, Landline, Gym or Health Club, Jacuzzi, Sauna, Kids Play Area","https://www.bayut.eg/en/property/details-503433790.html","2026-04-28 00:00:00","bayut","2026-05-07 22:47:09.327","2026-05-09 18:58:44.224608"
306,"5d1aa9de075156dac8733020a5f8a75c",7000000,"Tamr Henna Compound, 5th Settlement, New Cairo, Cairo","Duplex for sale in Golden Square – Al-Tamar Henna, directly from the owner","5",4,445,"Duplex","Unfurnished","Electricity Meter, Water Meter, Natural Gas, Balcony or Terrace, Service Elevators, Lawn or Garden, Freehold","https://www.bayut.eg/en/property/details-503449157.html","2026-04-30 00:00:00","bayut","2026-05-07 22:47:09.633","2026-05-09 18:58:44.568104"
307,"dea7fca8685e3084852767aee23eaf3d",14590000,"Sodic East, New Heliopolis, Cairo","BOOK YOUR HOME BY SODIC WITH LOWEST PRICE OVER 10YEARS","3",3,165,"Apartment","Unfurnished","Built in Kitchen Appliances, Covered parking, Pets Allowed, Electricity Meter, Natural Gas, Balcony or Terrace, Lobby in Building, Facilities for Disabled, Jacuzzi, Kids Play Area, Lawn or Garden, Barbeque Area","https://www.bayut.eg/en/property/details-503439129.html","2026-04-29 00:00:00","bayut","2026-05-07 22:47:09.878","2026-05-09 18:58:44.908707"
308,"eee43cd67ca40b9f3359d8442559c4b4",42700000,"City Gate Compound, 5th Settlement, New Cairo, Cairo","Launch Price Own Golf Villa With 5% Down Payment Over 10 Year","4",5,324,"Villa","Unfurnished","Built in Kitchen Appliances, Covered parking, Electricity Backup, Pets Allowed, Electricity Meter, Centrally Air-Conditioned, Sea view, Central Heating, Water Meter, Double Glazed Windows, Storage Areas, Natural Gas, Landline, Central A/C & heating, Balcony or Terrace, Lobby in Building, Prayer Room, First Aid Medical Center, Gym or Health Club, Facilities for Disabled, Swimming Pool, Jacuzzi, Sauna, Steam Room, Day Care Center, Kids Play Area, Lawn or Garden, Barbeque Area, Cafeteria or Canteen, Waste Disposal, Maintenance Staff, Cleaning Services, Business Center, Conference Room, Security Staff, CCTV Security, Shared Kitchen, Laundry Room, Laundry Facility, Broadband Internet, Satellite/Cable TV, Intercom","https://www.bayut.eg/en/property/details-503434467.html","2026-04-28 00:00:00","bayut","2026-05-07 22:47:10.239","2026-05-09 18:58:45.251999"
309,"f51014a5abfa82a1774b6bcfc41ff6cd",29000000,"La Vista City, New Capital City, Cairo","Premium Standalone Villa for Sale in La Vista City New Cairo Just minutes away from South 90 Street, with a prime location","4",5,400,"Villa","Unfurnished","Built in Kitchen Appliances, Covered parking, Pets Allowed, Electricity Meter, Sea view, Water Meter, Natural Gas, Landline, Gym or Health Club, Swimming Pool, Day Care Center, Kids Play Area, Lawn or Garden, Barbeque Area, Cafeteria or Canteen, Security Staff, CCTV Security, Laundry Room, ATM Facility, Freehold","https://www.bayut.eg/en/property/details-503297556.html","2026-04-29 00:00:00","bayut","2026-05-07 22:47:10.611","2026-05-09 18:58:45.593728"
310,"068c0f7eefab4e38e380ab8288311c3b",15000000,"AZAD Compound, 5th Settlement, New Cairo, Cairo","Exclusive 3BR Apartment for Sale in Azad New Cairo with Spacious Layout and Prestigious Community Living","3",3,177,"Apartment","Unfurnished","Covered parking, Lawn or Garden, 24 Hours Concierge","https://www.bayut.eg/en/property/details-503451167.html","2026-05-01 00:00:00","bayut","2026-05-07 22:47:10.895","2026-05-09 18:58:45.949996"
311,"b83502ff23252045f52c44f94591de3c",7000000,"Taj City Compound, 1st Settlement, New Cairo, Cairo","very unique apartment with open view in Taj city","3",3,130,"Apartment","Unfurnished","Built in Kitchen Appliances, Furnished, Covered parking, Electricity Backup, Pets Allowed, Electricity Meter, Centrally Air-Conditioned, Sea view, Central Heating, Water Meter, Double Glazed Windows, Storage Areas, Natural Gas, Landline, Study Room, Central A/C & heating, First Aid Medical Center, Gym or Health Club, Facilities for Disabled, Swimming Pool, Jacuzzi, Sauna, Steam Room, Day Care Center, Kids Play Area, Lawn or Garden, Barbeque Area, Cafeteria or Canteen, Maintenance Staff, Cleaning Services, Shared Kitchen, Laundry Room, Laundry Facility, Broadband Internet, Satellite/Cable TV, Intercom","https://www.bayut.eg/en/property/details-503448618.html","2026-04-30 00:00:00","bayut","2026-05-07 22:47:11.194","2026-05-09 18:58:46.305903"
312,"cb6974a7d800c02a57041068300b0574",8500000,"Mountain View iCity Compound, 5th Settlement, New Cairo, Cairo","OVER 10 YRS LOWEST PRICE NEW LAUNCH 3 BEDROOMS APARTMENT FOR SALE IN MOUNTAIN VIEW NEW CAIRO","3",4,155,"Apartment","Unfurnished","Built in Kitchen Appliances, Covered parking, Pets Allowed, Electricity Meter, Water Meter, Natural Gas, Landline, First Aid Medical Center, Gym or Health Club, Swimming Pool, Jacuzzi, Sauna, Day Care Center, Kids Play Area, Lawn or Garden, Barbeque Area, Cafeteria or Canteen","https://www.bayut.eg/en/property/details-503434068.html","2026-04-28 00:00:00","bayut","2026-05-07 22:47:11.429","2026-05-09 18:58:46.649242"
313,"24be95aac4765a85734158d4efabf349",11400000,"EL Patio ORO Compound, 5th Settlement, New Cairo, Cairo","Apartment for sale, resale at the lowest price on the market, ultra-super-lux finishing, with kitchen and air conditioning, with an open view of the l","3",2,165,"Apartment","Unfurnished","Built in Kitchen Appliances, Covered parking, Pets Allowed, Electricity Meter, Water Meter, Natural Gas, Landline, First Aid Medical Center, Gym or Health Club, Swimming Pool, Day Care Center, Kids Play Area, Lawn or Garden, Barbeque Area, Cafeteria or Canteen","https://www.bayut.eg/en/property/details-503433699.html","2026-04-28 00:00:00","bayut","2026-05-07 22:47:11.662","2026-05-09 18:58:46.989953"
314,"ed1e2c6b6b5860f1528a70ef4329821f",3750000,"Zizinia El Mostakbal, Mostakbal City, Cairo","For the first time, the biggest cash discount of 50% on an apartment at the lowest price in the market near Suez Road – in Future City.","3",3,140,"Apartment","Unfurnished","Covered parking, Pets Allowed, Electricity Meter, Water Meter, Natural Gas, Balcony or Terrace, First Aid Medical Center, Gym or Health Club, Swimming Pool, Jacuzzi, Sauna, Steam Room, Day Care Center, Kids Play Area, Lawn or Garden, Barbeque Area, Cafeteria or Canteen, Security Staff","https://www.bayut.eg/en/property/details-503433560.html","2026-04-28 00:00:00","bayut","2026-05-07 22:47:11.891","2026-05-09 18:58:47.333273"
315,"24d580c986dab385d990d250cbece26c",5200000,"Sarai, Mostakbal City, Cairo","Best price fully Furnished Apartment and super lux finishing with concealed Ac’s in Sarai","2",1,105,"Apartment","Unfurnished","Built in Kitchen Appliances, Covered parking, Electricity Meter, Natural Gas, Balcony or Terrace, Reception/Waiting Room, Gym or Health Club, Kids Play Area, Security Staff, Laundry Room","https://www.bayut.eg/en/property/details-503370097.html","2026-04-28 00:00:00","bayut","2026-05-07 22:47:12.112","2026-05-09 18:58:47.699634"
316,"9f14e406ab854063c59136c48fc28763",24600000,"City Gate Compound, 5th Settlement, New Cairo, Cairo","twin house ready to move with down payment and installments Prime location overlooking the pocket in city gate","3",4,400,"Twin House","Unfurnished","Built in Kitchen Appliances, Covered parking, Pets Allowed, Electricity Meter, Centrally Air-Conditioned, Central Heating, Water Meter, Double Glazed Windows, Storage Areas, Natural Gas, Central A/C & heating, Balcony or Terrace, Reception/Waiting Room, Gym or Health Club, Facilities for Disabled, Swimming Pool, Security Staff, CCTV Security, Shared Kitchen, Laundry Room, Laundry Facility","https://www.bayut.eg/en/property/details-503313721.html","2026-04-28 00:00:00","bayut","2026-05-07 22:47:12.332","2026-05-09 18:58:48.043106"
317,"0bd7fa42120d5629cadb6349fbb3ef92",8200000,"Shorouk City, Cairo","Villa for sale, separate, at the old price in the Ministers' Square, ready for immediate handover.","7",5,390,"Villa","Unfurnished","","https://www.bayut.eg/en/property/details-502672250.html","2026-04-29 00:00:00","bayut","2026-05-07 22:47:12.6","2026-05-09 18:58:48.384872"
318,"d01107f1f3f348512e75ee7efee85db1",7500000,"The Address East Compound, 5th Settlement, New Cairo, Cairo","Live now in a fully serviced, finished compound next to Mountain View in the heart of Fifth Settlement","3",3,167,"Apartment","Unfurnished","Covered parking, Pets Allowed, Electricity Meter, Water Meter, Natural Gas, First Aid Medical Center, Gym or Health Club, Facilities for Disabled, Swimming Pool, Day Care Center, Kids Play Area, Lawn or Garden","https://www.bayut.eg/en/property/details-503438735.html","2026-04-29 00:00:00","bayut","2026-05-07 22:47:12.819","2026-05-09 18:58:48.723842"
473,"ee7c4ab11568c40f6662ec0002019d92",7500000,"El Lotus, 5th Settlement","","3",3,250,"Apartment","Unfurnished","Balcony, Covered Parking, Electricity Meter, Water Meter, Landline, Elevator","https://www.dubizzle.com.eg/en/ad/%D8%B4%D9%82%D9%87-%D9%84%D9%84%D8%A8%D9%8A%D8%B9-%D8%A8%D8%A7%D9%84%D9%84%D9%88%D8%AA%D8%B3-ID207457387.html","2026-05-09 09:26:32.871","dubizzle","2026-05-09 09:26:32.871","2026-05-09 18:59:42.61065"
319,"176ad2f262a09279ae5bf50d6ba42f1d",11200000,"Madinaty, Cairo","Apartment 175m for sale in Madinaty B3 Ward Garden, super deluxe finishing, repeated floor","3",3,175,"Apartment","Unfurnished","Covered parking, Electricity Backup, Pets Allowed, Parking Spaces: 1, Water Meter, Balcony or Terrace, Lobby in Building, Elevators in Building: 1, Completion Year: 3, Reception/Waiting Room, Facilities for Disabled, Day Care Center, Kids Play Area, Waste Disposal, Maintenance Staff, Cleaning Services, Security Staff, CCTV Security, Shared Kitchen, Broadband Internet, Satellite/Cable TV, Intercom, View, Freehold","https://www.bayut.eg/en/property/details-503433451.html","2026-04-28 00:00:00","bayut","2026-05-07 22:47:13.044","2026-05-09 18:58:49.06398"
320,"777d955e25b677ed20569426d9f85318",7800000,"Mountain View iCity Compound, 5th Settlement, New Cairo, Cairo","Smart Investment Apartment with Big Garden in iCity","3",3,175,"Apartment","Unfurnished","","https://www.bayut.eg/en/property/details-503447382.html","2026-04-30 00:00:00","bayut","2026-05-07 22:47:13.284","2026-05-09 18:58:49.423669"
321,"7c14de6beb7953ea48b3e58540a0c708",11500000,"Hyde Park New Cairo Compound, 5th Settlement, New Cairo, Cairo","Duplex available for immediate sale at a special price in Hyde Park Compound, Fifth Settlement.","3",4,264,"Duplex","Unfurnished","Covered parking, Pets Allowed, Electricity Meter, Water Meter, Natural Gas, Landline, Gym or Health Club, Facilities for Disabled, Swimming Pool, Jacuzzi, Sauna, Steam Room, Day Care Center, Kids Play Area, Lawn or Garden, Barbeque Area, Cafeteria or Canteen","https://www.bayut.eg/en/property/details-503434945.html","2026-04-28 00:00:00","bayut","2026-05-07 22:47:13.54","2026-05-09 18:58:49.764853"
322,"63b4654e75898c50504ff8347c2fc88f",10000000,"Al Burouj, Shorouk City, Cairo","Independent villa in a prime location at an old price for sale, finished next to the International Medical Center, Al Shorouk.","5",2,454,"Villa","Unfurnished","Built in Kitchen Appliances, Covered parking, Pets Allowed, Electricity Meter, Centrally Air-Conditioned, Central Heating, Water Meter, Storage Areas, Natural Gas, Landline, Central A/C & heating, Waste Disposal, Maintenance Staff, Cleaning Services, Business Center, Conference Room, Security Staff, CCTV Security","https://www.bayut.eg/en/property/details-502728907.html","2026-04-28 00:00:00","bayut","2026-05-07 22:47:13.758","2026-05-09 18:58:50.106339"
323,"7fd18114c68c034f8e4101dbe193dc28",19672000,"Sarai, Mostakbal City, Cairo","Villa for immediate delivery, 6 rooms with installment over 8 years in Saray","6",7,373,"Villa","Unfurnished","Built in Kitchen Appliances, Electricity Backup, Pets Allowed, Electricity Meter, Centrally Air-Conditioned, Central Heating, Water Meter, Double Glazed Windows, Storage Areas, Natural Gas, Landline, Study Room, Central A/C & heating, Balcony or Terrace, Lobby in Building, Service Elevators, Prayer Room, Reception/Waiting Room, First Aid Medical Center, Gym or Health Club, Facilities for Disabled, Swimming Pool, Jacuzzi, Sauna, Steam Room, Day Care Center, Kids Play Area, Lawn or Garden, Barbeque Area, Cafeteria or Canteen, Waste Disposal, Maintenance Staff, Cleaning Services, Business Center, Conference Room, Security Staff, CCTV Security, Shared Kitchen, Laundry Room, Laundry Facility, Broadband Internet, Satellite/Cable TV, Intercom, ATM Facility, 24 Hours Concierge, Maids Room, Freehold","https://www.bayut.eg/en/property/details-503256231.html","2026-04-29 00:00:00","bayut","2026-05-07 22:47:14.004","2026-05-09 18:58:50.447724"
324,"d03396006e6016faa72a26a96d7f894b",22500000,"Palm Hills New Cairo Compound, 5th Settlement, New Cairo, Cairo","Twin Villa 5BD+Nanny Resale Ready to Move for sale in Palm Hills New Cairo 5th Settlement","5",5,385,"Twin House","Unfurnished","Maids Room","https://www.bayut.eg/en/property/details-503455976.html","2026-05-04 00:00:00","bayut","2026-05-07 22:47:14.259","2026-05-09 18:58:50.79751"
325,"7f338bacdbf13152373d69c68778166e",8500000,"5th Settlement, New Cairo, Cairo","2 Bedroom Apartment for Sale in New Cairo | Near Swan Lake & Stei8ht | 35% Cash Discount | 1 Year Delivery","2",2,100,"Apartment","Unfurnished","","https://www.bayut.eg/en/property/details-503266626.html","2026-04-28 00:00:00","bayut","2026-05-07 22:47:14.485","2026-05-09 18:58:51.137246"
326,"1f738b1b2ec29bff1a4cc4e3be7bd986",4350000,"OIA, New Capital City, Cairo","An apartment ready for viewing inside a fully constructed compound that is completely finished and ready for inspection.","3",2,154,"Apartment","Unfurnished","","https://www.bayut.eg/en/property/details-503436426.html","2026-04-28 00:00:00","bayut","2026-05-07 22:47:14.716","2026-05-09 18:58:51.477869"
327,"03faf168bd60da47f77062f62f02e5c8",19100000,"Hyde Park New Cairo Compound, 5th Settlement, New Cairo, Cairo","For sale new cairo on 90th street direct hydepark","5",5,212,"Villa","Unfurnished","Built in Kitchen Appliances, Furnished, Covered parking, Electricity Backup, Pets Allowed, Electricity Meter, Centrally Air-Conditioned, Sea view, Central Heating, Water Meter, Double Glazed Windows, Storage Areas, Natural Gas, Landline, Study Room, Central A/C & heating, Balcony or Terrace, Lobby in Building, Service Elevators, Prayer Room, Reception/Waiting Room, First Aid Medical Center, Gym or Health Club, Facilities for Disabled, Swimming Pool, Jacuzzi, Sauna, Steam Room, Day Care Center, Kids Play Area, Lawn or Garden, Barbeque Area, Cafeteria or Canteen, Waste Disposal, Maintenance Staff, Cleaning Services, Business Center, Conference Room, Security Staff, CCTV Security, Shared Kitchen, Laundry Room, Laundry Facility, Broadband Internet, Satellite/Cable TV, ATM Facility, Maids Room, Freehold","https://www.bayut.eg/en/property/details-503432392.html","2026-04-28 00:00:00","bayut","2026-05-07 22:47:15.026","2026-05-09 18:58:51.816614"
328,"464bc8e663f2214e21adb5e172aab5cb",29500000,"Palm Hills Katameya Compound, 5th Settlement, New Cairo, Cairo","Ready to Move, prime location in Palm Hills Katameya, Fifth Settlement - PK1","4",4,525,"Twin House","Unfurnished","Built in Kitchen Appliances, Covered parking, Pets Allowed, Electricity Meter, Water Meter, Landline","https://www.bayut.eg/en/property/details-502632560.html","2026-05-04 00:00:00","bayut","2026-05-07 22:47:15.269","2026-05-09 18:58:52.158645"
329,"b57388cc3ccb2a7077e5c1ee4d6e5842",16000000,"EL Patio Prime, Shorouk City, Cairo","Twin Villa El Patio Prime Pool View","4",4,292,"Twin House","Unfurnished","Balcony or Terrace, Swimming Pool, Lawn or Garden, Security Staff","https://www.bayut.eg/en/property/details-207649808.html","2026-04-28 00:00:00","bayut","2026-05-07 22:47:15.519","2026-05-09 18:58:52.512578"
330,"ed49c309b568a549223428822491d9f6",4400000,"Sarai, Mostakbal City, Cairo","Ready apartment double view in Sarai - next Madinaty for resale","2",3,126,"Apartment","Unfurnished","Covered parking, Pets Allowed, Electricity Meter, Water Meter, Storage Areas, Natural Gas, Landline, Balcony or Terrace, Lobby in Building, Prayer Room, First Aid Medical Center, Gym or Health Club, Facilities for Disabled, Jacuzzi, Sauna, Day Care Center, Kids Play Area, Lawn or Garden, Barbeque Area, Cafeteria or Canteen, Waste Disposal, Maintenance Staff, Business Center, Security Staff, CCTV Security, Laundry Room, Laundry Facility","https://www.bayut.eg/en/property/details-503447571.html","2026-04-30 00:00:00","bayut","2026-05-07 22:47:15.739","2026-05-09 18:58:52.852452"
342,"e99d134b9185484dec7fc443a7264a01",27000000,"Mountain View iCity Compound, 5th Settlement, New Cairo, Cairo","I Villa In MV 1.1 Prime Location Fully Finished","4",3,235,"Villa","","Covered parking, Centrally Air-Conditioned, Balcony or Terrace, Gym or Health Club, Lawn or Garden, Maintenance Staff, Security Staff, CCTV Security, Laundry Room, Broadband Internet, Intercom, Maids Room","https://www.bayut.eg/en/property/details-503431224.html","2026-04-27 00:00:00","bayut","2026-05-07 22:47:18.51","2026-05-09 18:58:57.044612"
1042,"dba071f5f1516f70be5d8d2d4e741ac5",4467000,"Sarai, Mostakbal City","","3",2,132,"Apartment","","Balcony, Private Garden, Security, Covered Parking, Pets Allowed, Pool, Electricity Meter, Water Meter, Natural Gas, Landline, Elevator","https://www.dubizzle.com.eg/en/ad/prime-location-apartment-for-sale-3-bedrooms-in-sarai-compound-new-cairo-ID503332381.html","2026-05-09 10:05:33.706","dubizzle","2026-05-09 10:05:33.706","2026-05-09 20:32:26.891481"
331,"aa23f93d25be4aaffd1d76c80e210801",14300000,"Palm Hills New Cairo Compound, 5th Settlement, New Cairo, Cairo","Villa fully finished palm hills new cairo cash required only 900k","6",5,260,"Villa","Unfurnished","Built in Kitchen Appliances, Furnished, Covered parking, Electricity Backup, Pets Allowed, Electricity Meter, Centrally Air-Conditioned, Sea view, Central Heating, Water Meter, Double Glazed Windows, Storage Areas, Natural Gas, Landline, Study Room, Central A/C & heating, Balcony or Terrace, Lobby in Building, Service Elevators, Prayer Room, Reception/Waiting Room, First Aid Medical Center, Gym or Health Club, Facilities for Disabled, Swimming Pool, Jacuzzi, Sauna, Steam Room, Day Care Center, Kids Play Area, Lawn or Garden, Barbeque Area, Cafeteria or Canteen, Waste Disposal, Maintenance Staff, Cleaning Services, Business Center, Conference Room, Security Staff, CCTV Security, Shared Kitchen, Laundry Room, Laundry Facility, Broadband Internet, Satellite/Cable TV, Intercom, ATM Facility, Maids Room, Freehold","https://www.bayut.eg/en/property/details-503437673.html","2026-04-28 00:00:00","bayut","2026-05-07 22:47:15.964","2026-05-09 18:58:53.196717"
332,"7c56a6d76b7c7f65fcda584ef2e9b91b",46000000,"Madinaty, Cairo","Villa Type B3 with an old reservation","5",5,393,"Villa","Unfurnished","Built in Kitchen Appliances, Covered parking, Pets Allowed, Electricity Meter, Sea view, Water Meter, Natural Gas, Landline, Balcony or Terrace, Lobby in Building, Service Elevators, Prayer Room, Reception/Waiting Room, First Aid Medical Center, Gym or Health Club, Facilities for Disabled, Swimming Pool, Jacuzzi, Sauna, Steam Room, Day Care Center, Kids Play Area, Lawn or Garden, Barbeque Area, Cafeteria or Canteen, Business Center, Conference Room, Security Staff, CCTV Security, Shared Kitchen, Laundry Room, Laundry Facility, ATM Facility, Maids Room, View","https://www.bayut.eg/en/property/details-503437635.html","2026-04-28 00:00:00","bayut","2026-05-07 22:47:16.196","2026-05-09 18:58:53.538575"
333,"bc4dfdf2a2b21ef4ccf744cf8690821b",55000000,"Palm Hills Katameya Extension Compound, 5th Settlement, New Cairo, Cairo","Fully Finished Standalone with Swimming Pool in Palm Hills Katameya Extension for sale developed by Palm hills","6",7,512,"Villa","Unfurnished","Built in Kitchen Appliances, Furnished, Covered parking, Balcony or Terrace, Reception/Waiting Room, Swimming Pool, Lawn or Garden, Maintenance Staff, Security Staff","https://www.bayut.eg/en/property/details-503436333.html","2026-04-28 00:00:00","bayut","2026-05-07 22:47:16.426","2026-05-09 18:58:53.88379"
334,"ac3a1bbf0e5dc74b768d29f2309fbe2c",22140000,"City Gate Compound, 5th Settlement, New Cairo, Cairo","Townhouse with installments over 4 years in the heart of the golden square, most prime project with Golf Course","4",4,218,"Townhouse","Unfurnished","Covered parking, Electricity Meter, Water Meter, Balcony or Terrace, Reception/Waiting Room, Maintenance Staff, Cleaning Services, Security Staff","https://www.bayut.eg/en/property/details-503412760.html","2026-04-27 00:00:00","bayut","2026-05-07 22:47:16.649","2026-05-09 18:58:54.225738"
335,"efb55e10e08f7ebf4fedda909640521b",20900000,"City Gate Compound, 5th Settlement, New Cairo, Cairo","Opportunity Fully Finished Penthouse in Golden Square Very Prime location with installments","3",3,206,"Penthouse","Unfurnished","Covered parking, Electricity Meter, Water Meter, Balcony or Terrace, Reception/Waiting Room, Maintenance Staff, Cleaning Services, Security Staff","https://www.bayut.eg/en/property/details-503411909.html","2026-04-27 00:00:00","bayut","2026-05-07 22:47:16.875","2026-05-09 18:58:54.569619"
336,"001cadb1486da1093d431bb3a737371a",23114490,"Noor City, New Capital City, Cairo","From the owner: A distinctive twin villa overlooking a wide garden for sale in Noor City, New Administrative Capital, 17 million Egyptian pounds less","4",3,383,"Villa","Unfurnished","Electricity Meter, Water Meter, Natural Gas, Landline, Waste Disposal, Maintenance Staff, Cleaning Services","https://www.bayut.eg/en/property/details-502322341.html","2026-05-06 00:00:00","bayut","2026-05-07 22:47:17.108","2026-05-09 18:58:54.945709"
337,"d47797d50c245a3009209584df8e7fa0",20000000,"City Gate Compound, 5th Settlement, New Cairo, Cairo","Villa 5 Bedrooms Under Market Price 3rd Row Golf With Installment ,Properties For Sale 5th Settlement,New cairo,fifth settlement ,Saada,Hyde Park","5",5,390,"Villa","Unfurnished","Built in Kitchen Appliances, Covered parking, Electricity Backup, Pets Allowed, Electricity Meter, Centrally Air-Conditioned, Central Heating, Water Meter, Double Glazed Windows, Storage Areas, Natural Gas, Landline, Study Room, Central A/C & heating, Balcony or Terrace, Lobby in Building, Service Elevators, Prayer Room, Reception/Waiting Room, First Aid Medical Center, Gym or Health Club, Facilities for Disabled, Swimming Pool, Jacuzzi, Sauna, Steam Room, Day Care Center, Kids Play Area, Lawn or Garden, Barbeque Area, Cafeteria or Canteen, Waste Disposal, Maintenance Staff, Cleaning Services, Business Center, Conference Room, Security Staff, CCTV Security, Laundry Room, Laundry Facility, Broadband Internet, Satellite/Cable TV, Intercom, ATM Facility, 24 Hours Concierge, Maids Room, Freehold","https://www.bayut.eg/en/property/details-503432000.html","2026-04-27 00:00:00","bayut","2026-05-07 22:47:17.328","2026-05-09 18:58:55.324848"
338,"41c6e4174dee7c94137a2e24b81830c3",24000000,"Saada Compound, 1st Settlement, New Cairo, Cairo","Exclusive villa 6 Bedrooms Prime Location With Installment,Mivida,5thSettlement,Fifth Setlement,Villette,New Cairo,Saada,City Gate","6",6,529,"Villa","Unfurnished","Built in Kitchen Appliances, Covered parking, Electricity Backup, Pets Allowed, Electricity Meter, Centrally Air-Conditioned, Central Heating, Water Meter, Double Glazed Windows, Storage Areas, Natural Gas, Landline, Study Room, Central A/C & heating, Balcony or Terrace, Lobby in Building, Service Elevators, Prayer Room, Reception/Waiting Room, First Aid Medical Center, Gym or Health Club, Facilities for Disabled, Swimming Pool, Jacuzzi, Sauna, Steam Room, Day Care Center, Kids Play Area, Lawn or Garden, Barbeque Area, Cafeteria or Canteen, Waste Disposal, Maintenance Staff, Cleaning Services, Business Center, Conference Room, Security Staff, CCTV Security, Shared Kitchen, Laundry Room, Laundry Facility, Broadband Internet, Satellite/Cable TV, Intercom, ATM Facility, Maids Room, Freehold","https://www.bayut.eg/en/property/details-503431946.html","2026-04-27 00:00:00","bayut","2026-05-07 22:47:17.556","2026-05-09 18:58:55.670036"
339,"943c38e317b0fee7bd5f4c5c87fbdd9c",8800000,"Regents Park Compound, 5th Settlement, New Cairo, Cairo","Apartment For Sale In Regents Park New Cairo Super Lux By Lowest Price In The Market","2",2,120,"Apartment","Furnished","","https://www.bayut.eg/en/property/details-503430959.html","2026-04-27 00:00:00","bayut","2026-05-07 22:47:17.784","2026-05-09 18:58:56.015352"
340,"063ec5c390d7d9ac275da0ce64d234bd",21000000,"Madinaty, Cairo","Villa for sale F3 in Madinaty, Khalasa, quadruple layout, Four Seasons villas, wide garden view, corner unit","4",4,320,"Villa","Unfurnished","Built in Kitchen Appliances, Covered parking, Pets Allowed, Electricity Meter, Sea view, Water Meter, Natural Gas, Landline, Balcony or Terrace, Lobby in Building, Prayer Room, Lawn or Garden, Waste Disposal, Maintenance Staff, Cleaning Services, Security Staff, CCTV Security, Shared Kitchen, Laundry Room, Laundry Facility, Broadband Internet, Satellite/Cable TV, Intercom","https://www.bayut.eg/en/property/details-503449949.html","2026-05-01 00:00:00","bayut","2026-05-07 22:47:18.01","2026-05-09 18:58:56.358661"
341,"23296ddf19e15d5f81edbf1a920eee9c",7200000,"Palm Hills New Cairo Compound, 5th Settlement, New Cairo, Cairo","Apartment for sale 72m - palm hills new cairo-cleo","1",2,72,"Apartment","Unfurnished","Balcony or Terrace, Lawn or Garden, Security Staff","https://www.bayut.eg/en/property/details-503433141.html","2026-04-28 00:00:00","bayut","2026-05-07 22:47:18.261","2026-05-09 18:58:56.699906"
343,"f65a692bcce2938757e9efbd98344bfe",2850000,"New Cairo, Cairo","Ground floor apartment with garden for sale, directly opposite Cairo International Airport and on the Suez Road.","3",2,136,"Apartment","","Covered parking, Pets Allowed, Electricity Meter, Water Meter, Natural Gas, Landline, Balcony or Terrace, Maintenance Staff, Security Staff","https://www.bayut.eg/en/property/details-502805829.html","2026-04-28 00:00:00","bayut","2026-05-07 22:47:18.745","2026-05-09 18:58:57.393941"
344,"ed7299572d56c5a5e6b155095368194d",3600000,"Shorouk City, Cairo","Fully Finished Super Lux Apt 133m Ready to Move in Sakan Misr Shorouk City","3",1,133,"Apartment","Unfurnished","Pets Allowed, Parking Spaces: 1, Electricity Meter, Water Meter, Balcony or Terrace, Elevators in Building: 1, Completion Year: 1, Flooring, CCTV Security, Intercom","https://www.bayut.eg/en/property/details-503431547.html","2026-04-27 00:00:00","bayut","2026-05-07 22:47:18.996","2026-05-09 18:58:57.732771"
345,"08dda306c8f2fe474b96a6dd9e47da52",12750000,"Rehab City, New Cairo, Cairo","For sale in Al-Rehab 2 - very special location 211 sqm","3",3,211,"Apartment","Unfurnished","Electricity Meter, Water Meter, Natural Gas, Landline, Balcony or Terrace, Lobby in Building, Completion Year: 2, Security Staff, CCTV Security, View","https://www.bayut.eg/en/property/details-503431396.html","2026-04-27 00:00:00","bayut","2026-05-07 22:47:19.219","2026-05-09 18:58:58.078074"
346,"4e9be28b7584aac62300f8fc96147afb",28000000,"Mivida Compound, 5th Settlement, New Cairo, Cairo","Apartment For Sale, Fully Finished 233SQM Special View RTM in Mivida - New Cairo","3",2,233,"Apartment","","Built in Kitchen Appliances, Balcony or Terrace, Maintenance Staff, Security Staff, CCTV Security, 24 Hours Concierge, Maids Room","https://www.bayut.eg/en/property/details-503234256.html","2026-04-27 00:00:00","bayut","2026-05-07 22:47:19.438","2026-05-09 18:58:58.42558"
347,"1601874818b8d15d2cd1ef8105070077",36000000,"The 101, Mostakbal City, Cairo","للبيع فيلا مستقلة كمبوند 101 العتال أفضل لوكيشن في المستقبل سيتي رقم ١","5",4,260,"Villa","Unfurnished","","https://www.bayut.eg/en/property/details-204415403.html","2026-04-28 00:00:00","bayut","2026-05-07 22:47:19.66","2026-05-09 18:58:58.767319"
348,"cf76e524160f7d7bb781bd3e38db521a",14000000,"Shorouk City, Cairo","Ready to move villa in elshrouk city with private pool","4",4,280,"Townhouse","Unfurnished","Day Care Center, Lawn or Garden, Barbeque Area, Waste Disposal, Maintenance Staff, Cleaning Services, Business Center, Conference Room, Security Staff","https://www.bayut.eg/en/property/details-503483268.html","2026-05-07 00:00:00","bayut","2026-05-07 22:47:19.992","2026-05-09 18:58:59.113893"
349,"bd6e14e29f2207a13bfee87e77d495b0",9500000,"5th Settlement, New Cairo, Cairo","An incredible apartment ready for immediate delivery in a complete compound | 230m with a pool and garden view","3",3,230,"Apartment","Unfurnished","Covered parking, Pets Allowed, Electricity Meter, Water Meter, Natural Gas, Landline, First Aid Medical Center, Gym or Health Club, Facilities for Disabled, Swimming Pool, Jacuzzi, Lawn or Garden, Barbeque Area, Cafeteria or Canteen","https://www.bayut.eg/en/property/details-503437065.html","2026-04-28 00:00:00","bayut","2026-05-07 22:47:20.286","2026-05-09 18:58:59.457235"
350,"244c6cc620d1acff879e141cf5e692e9",3167000,"Shorouk City, Cairo","ِApartment 171sqm² landscape view, Directly on El-Hurriya Road, close to Carrefour and all services ,Third District,Shorouk City","2",3,171,"Apartment","Unfurnished","Covered parking, Pets Allowed, Parking Spaces: 1, Electricity Meter, Natural Gas, Landline, Balcony or Terrace, Elevators in Building: 1, Lawn or Garden, CCTV Security, Broadband Internet, Satellite/Cable TV, Intercom","https://www.bayut.eg/en/property/details-503436668.html","2026-04-28 00:00:00","bayut","2026-05-07 22:47:20.538","2026-05-09 18:58:59.805457"
351,"9440a01ed879899aa23186f9d735c8c2",9000000,"Mountain View 1.1, 5th Settlement, New Cairo, Cairo","LOWEST PRICE OVER 10YRS 3 BEDROOMS APARTMENT FOR SALE 5% DP LAUNCH PHASE ONE IN MOUNTAIN VIEW NEW CAIRO","3",3,140,"Apartment","Unfurnished","Built in Kitchen Appliances, Covered parking, Pets Allowed, Electricity Meter, Water Meter, Natural Gas, Landline, First Aid Medical Center, Gym or Health Club, Facilities for Disabled, Swimming Pool, Jacuzzi, Sauna, Steam Room, Day Care Center, Kids Play Area, Lawn or Garden, Barbeque Area, Cafeteria or Canteen, Shared Kitchen, Laundry Facility","https://www.bayut.eg/en/property/details-503431434.html","2026-04-27 00:00:00","bayut","2026-05-07 22:47:20.765","2026-05-09 18:59:00.154152"
352,"751f284c21a39b375f276aecea55922d",63000000,"Madinaty, Cairo","(villa for sale in madinaty, U, Golf view, immediate delivery, , (980sq","5",5,461,"Villa","Unfurnished","Covered parking, Pets Allowed, Parking Spaces: 3, Electricity Meter, Water Meter, Double Glazed Windows, Storage Areas, Natural Gas, Landline, Study Room, Balcony or Terrace, Lobby in Building, Reception/Waiting Room, Flooring, Total Floors: 3, First Aid Medical Center, Gym or Health Club, Facilities for Disabled, Swimming Pool, Jacuzzi, Sauna, Steam Room, Day Care Center, Kids Play Area, Lawn or Garden, Barbeque Area, Cafeteria or Canteen, Waste Disposal, Maintenance Staff, Cleaning Services, Business Center, Conference Room, Security Staff, Intercom, 24 Hours Concierge, Maids Room, View, Freehold","https://www.bayut.eg/en/property/details-503430732.html","2026-04-27 00:00:00","bayut","2026-05-07 22:47:20.988","2026-05-09 18:59:00.510049"
353,"c6e0217a5e4af42aaa0202231280798d",15130000,"City Gate Compound, 5th Settlement, New Cairo, Cairo","Fully finished Apartment delivery 2027 for sale in City Gate Sapphire Residence New Cairo developed by Qatari Diar","3",3,205,"Apartment","Unfurnished","Balcony or Terrace, Covered parking, Security Staff","https://www.bayut.eg/en/property/details-503403864.html","2026-04-29 00:00:00","bayut","2026-05-07 22:47:21.233","2026-05-09 18:59:00.860257"
354,"65494dabb9cbe00ebb5c8130bf1cee02",42400000,"5th Settlement, New Cairo, Cairo","For sale at the lowest price in the market luxury Standalone for Sale with down payment and installments- View landscape very prime location in City E","4",7,420,"Villa","Unfurnished","Covered parking, Pets Allowed, Electricity Meter, Water Meter, Natural Gas, Landline","https://www.bayut.eg/en/property/details-503304128.html","2026-05-02 00:00:00","bayut","2026-05-07 22:47:21.455","2026-05-09 18:59:01.199266"
355,"fad1cd3ec1a4491c4865050032262bda",7000000,"La Mirada Compound, 5th Settlement, New Cairo, Cairo","Duplex with two floors, garden, and private pool for sale at the lowest price in La Merada compound","3",2,210,"Duplex","Unfurnished","Built in Kitchen Appliances, Covered parking, Electricity Backup, Pets Allowed, Electricity Meter, Centrally Air-Conditioned, Central Heating, Water Meter, Double Glazed Windows, Storage Areas, Natural Gas, Landline, Central A/C & heating, Day Care Center, Kids Play Area, Lawn or Garden, Cafeteria or Canteen, Conference Room, Security Staff, CCTV Security","https://www.bayut.eg/en/property/details-503193972.html","2026-04-27 00:00:00","bayut","2026-05-07 22:47:21.676","2026-05-09 18:59:01.545616"
356,"ebbea902aaedea1119733fc483f8bd2e",5325750,"MORAYA NEW CAPITAL, New Capital City, Cairo","Own Your Fully Finished-Style Apartment in Moraya New Capital","3",3,178,"Apartment","Unfurnished","","https://www.bayut.eg/en/property/details-502954532.html","2026-04-28 00:00:00","bayut","2026-05-07 22:47:21.902","2026-05-09 18:59:01.890369"
357,"f080b66cd737da042a8004ff2ce083c8",10000000,"Privado, Madinaty, Cairo","Opportunity to buy in Privado, first occupancy, lake view, three bedrooms and three bathrooms, fully paid for","3",3,141,"Apartment","Unfurnished","Covered parking, Pets Allowed, Electricity Meter, Water Meter, Natural Gas, Landline, Balcony or Terrace, First Aid Medical Center, Gym or Health Club, Facilities for Disabled, Swimming Pool, Jacuzzi, Sauna, Steam Room, Day Care Center, Kids Play Area, Lawn or Garden, Barbeque Area, Cafeteria or Canteen, Waste Disposal, Maintenance Staff, Cleaning Services, Business Center, Conference Room, Security Staff, CCTV Security","https://www.bayut.eg/en/property/details-503436483.html","2026-04-28 00:00:00","bayut","2026-05-07 22:47:22.124","2026-05-09 18:59:02.228886"
358,"c4f4c676804e2c06d6f6b60105d67f9f",6422000,"IL Bosco, New Capital City, Cairo","A 3-bedroom apartment, ready for immediate delivery, in a fully inhabited and active compound in the New Administrative Capital.","3",3,182,"Apartment","Unfurnished","Covered parking, Pets Allowed, Electricity Meter, Water Meter, Natural Gas, Landline, First Aid Medical Center, Gym or Health Club, Facilities for Disabled, Swimming Pool, Jacuzzi, Steam Room, Day Care Center, Kids Play Area, Lawn or Garden, Barbeque Area, Waste Disposal, Maintenance Staff","https://www.bayut.eg/en/property/details-503436432.html","2026-04-28 00:00:00","bayut","2026-05-07 22:47:22.346","2026-05-09 18:59:02.569365"
359,"3d6b4ab64f01c791f0138f551cc2c1ca",5800000,"Scenario, New Capital City, Cairo","3-bedroom apartment for immediate delivery – in the best location and services in the New Administrative Capital","3",3,194,"Apartment","Unfurnished","Covered parking, Pets Allowed, Electricity Meter, Water Meter, Natural Gas, Landline, Balcony or Terrace, Elevators in Building: 2, Reception/Waiting Room, First Aid Medical Center, Gym or Health Club, Facilities for Disabled, Swimming Pool, Jacuzzi, Sauna, Steam Room, Day Care Center, Kids Play Area, Barbeque Area, Cafeteria or Canteen, Waste Disposal, Maintenance Staff, Cleaning Services, Conference Room, Security Staff, CCTV Security, Shared Kitchen, Broadband Internet, Satellite/Cable TV, Intercom","https://www.bayut.eg/en/property/details-503436428.html","2026-04-28 00:00:00","bayut","2026-05-07 22:47:22.87","2026-05-09 18:59:02.915044"
360,"d7b3265da0a49bc935db636f361de3ac",6374000,"New Garden City, New Capital City, Cairo","A fully finished apartment at the lowest price in front of the iconic tower, near the ring road in the heart of the New Capital in New Garden City.","3",3,180,"Apartment","Unfurnished","Built in Kitchen Appliances, Covered parking, Pets Allowed, Electricity Meter, Water Meter, Natural Gas, Balcony or Terrace, First Aid Medical Center, Gym or Health Club, Jacuzzi, Sauna, Steam Room, Day Care Center, Kids Play Area, Lawn or Garden, Barbeque Area, Cafeteria or Canteen, Security Staff","https://www.bayut.eg/en/property/details-503435148.html","2026-04-28 00:00:00","bayut","2026-05-07 22:47:23.109","2026-05-09 18:59:03.266473"
361,"4429d712162412045cd2dc8c93c24a7c",26500000,"Al Burouj, Shorouk City, Cairo","Lowest price for a detached villa for sale, ready ready to move , fully finished with air conditioning and appliances, at the lowest price in","4",5,480,"Villa","Furnished","Built in Kitchen Appliances, Covered parking, Pets Allowed, Electricity Meter, Water Meter, Natural Gas, Landline, Gym or Health Club, Swimming Pool, Sauna, Kids Play Area, Lawn or Garden, Barbeque Area, Security Staff, CCTV Security","https://www.bayut.eg/en/property/details-503433789.html","2026-04-28 00:00:00","bayut","2026-05-07 22:47:23.33","2026-05-09 18:59:03.615862"
362,"0bef64a076ca7120da71b0a71a22b239",17500000,"Palm Hills New Cairo Compound, 5th Settlement, New Cairo, Cairo","family house finished HOT OFFER cash discount price with installments | palm hills new cairo","4",4,199,"Villa","Unfurnished","Built in Kitchen Appliances, Furnished, Covered parking, Electricity Backup, Pets Allowed, Electricity Meter, Centrally Air-Conditioned, Sea view, Central Heating, Water Meter, Double Glazed Windows, Storage Areas, Natural Gas, Landline, Study Room, Central A/C & heating, Balcony or Terrace, Lobby in Building, Service Elevators, Prayer Room, Reception/Waiting Room, First Aid Medical Center, Gym or Health Club, Facilities for Disabled, Swimming Pool, Jacuzzi, Sauna, Steam Room, Day Care Center, Kids Play Area, Lawn or Garden, Barbeque Area, Cafeteria or Canteen, Waste Disposal, Maintenance Staff, Cleaning Services, Business Center, Conference Room, Security Staff, CCTV Security, Shared Kitchen, Laundry Room, Laundry Facility, Broadband Internet, Satellite/Cable TV, Intercom, ATM Facility, 24 Hours Concierge, Maids Room, Freehold","https://www.bayut.eg/en/property/details-503430631.html","2026-04-27 00:00:00","bayut","2026-05-07 22:47:23.55","2026-05-09 18:59:03.955724"
363,"c025fdf07601f309f73745569a55de5e",10118500,"Sarai, Mostakbal City, Cairo","lowest price for the large roof villa in sarai with installments","4",4,239,"Villa","Unfurnished","Built in Kitchen Appliances, Furnished, Covered parking, Electricity Backup, Pets Allowed, Electricity Meter, Centrally Air-Conditioned, Sea view, Central Heating, Water Meter, Double Glazed Windows, Storage Areas, Natural Gas, Landline, Study Room, Central A/C & heating, Balcony or Terrace, Lobby in Building, Service Elevators, Prayer Room, Reception/Waiting Room, First Aid Medical Center, Gym or Health Club, Facilities for Disabled, Swimming Pool, Jacuzzi, Sauna, Steam Room, Day Care Center, Kids Play Area, Lawn or Garden, Barbeque Area, Cafeteria or Canteen, Waste Disposal, Maintenance Staff, Cleaning Services, Business Center, Conference Room, Security Staff, CCTV Security, Shared Kitchen, Laundry Room, Laundry Facility, Broadband Internet, Satellite/Cable TV, Intercom, ATM Facility, 24 Hours Concierge, Maids Room, Freehold","https://www.bayut.eg/en/property/details-503430437.html","2026-04-27 00:00:00","bayut","2026-05-07 22:47:23.774","2026-05-09 18:59:04.300655"
364,"a22a297d20897d672bca6a87c877748f",14000000,"Mountain View iCity Compound, 5th Settlement, New Cairo, Cairo","NEW OFFER I VILLA FOR SALE SPECIAL OFFER IN NEW LAUNCH WITH ONLY 5%DP FROM MOUNTAIN VIEW","4",4,250,"iVilla","","Built in Kitchen Appliances, Covered parking, Pets Allowed, Electricity Meter, Water Meter, Natural Gas, Landline, First Aid Medical Center, Gym or Health Club, Swimming Pool, Jacuzzi, Sauna, Steam Room, Day Care Center, Kids Play Area, Lawn or Garden, Barbeque Area, Cafeteria or Canteen","https://www.bayut.eg/en/property/details-503430310.html","2026-04-27 00:00:00","bayut","2026-05-07 22:47:23.997","2026-05-09 18:59:04.672378"
365,"e4c141463ee03888913168c104e960e9",12300000,"Privado, Madinaty, Cairo","Apartment 178m² for sale at a very special price in Privado Compound, Madinaty, with a direct view of large lakes, steps away from the mosque, service","3",3,178,"Apartment","Unfurnished","Balcony or Terrace, Covered parking, Waste Disposal, Security Staff, CCTV Security, 24 Hours Concierge","https://www.bayut.eg/en/property/details-503430014.html","2026-04-27 00:00:00","bayut","2026-05-07 22:47:24.223","2026-05-09 18:59:05.013817"
366,"056df2ea4d5113ea6e192916d44f9dae",35008688,"Mivida Compound, 5th Settlement, New Cairo, Cairo","With a prime View Fully Finished Luxury Villa For Sale in Mivida - New Cairo","4",3,250,"Villa","","Built in Kitchen Appliances, Covered parking, Pets Allowed, Electricity Meter, Water Meter, Natural Gas, Landline, Balcony or Terrace, Lobby in Building, Lawn or Garden, Maintenance Staff, Cleaning Services, Business Center, Security Staff, CCTV Security","https://www.bayut.eg/en/property/details-503284968.html","2026-04-27 00:00:00","bayut","2026-05-07 22:47:24.445","2026-05-09 18:59:05.353039"
367,"35fd80e6d80b067e87bf4f7bb96ba604",28000000,"El Patio Compound, 5th Settlement, New Cairo, Cairo","Standalone villa for sale very prime location in golden square patio lavista cash 28000.000","4",4,300,"Villa","","Built in Kitchen Appliances, First Aid Medical Center, Gym or Health Club, Swimming Pool, Jacuzzi, Sauna, Steam Room, Day Care Center, Kids Play Area, Lawn or Garden, Barbeque Area, Cafeteria or Canteen, Shared Kitchen, Laundry Room, Laundry Facility","https://www.bayut.eg/en/property/details-503472828.html","2026-05-06 00:00:00","bayut","2026-05-07 22:47:24.666","2026-05-09 18:59:05.692779"
381,"480fbe36c7e3ed2d1c0f5ea5e2b5899a",36700000,"Stone Park Compound, Katameya, Cairo","owest Price Standalone in Stone Park Direct on Pool Fully Finished with ACs, Kitchen and Appliances","3",3,370,"Villa","Unfurnished","Built in Kitchen Appliances, Pets Allowed, Electricity Meter, Centrally Air-Conditioned, Water Meter, Natural Gas, Landline, Central A/C & heating, Balcony or Terrace, Lawn or Garden, Waste Disposal, Maintenance Staff, Cleaning Services, Security Staff, CCTV Security","https://www.bayut.eg/en/property/details-503433378.html","2026-04-28 00:00:00","bayut","2026-05-07 22:47:28.046","2026-05-09 18:59:10.744283"
368,"719f8c252fc4bf776e8cc3c6fdeb593c",7400000,"Mountain View iCity Compound, 5th Settlement, New Cairo, Cairo","Lowest price in market ready to move prime location direct on the club apartment sky loft for sale in Mountain view Icity compound new cairo","3",3,165,"Penthouse","Unfurnished","Built in Kitchen Appliances, Covered parking, Pets Allowed, Electricity Meter, Water Meter, Natural Gas, Landline, First Aid Medical Center, Gym or Health Club, Facilities for Disabled, Swimming Pool, Jacuzzi, Sauna, Steam Room, Day Care Center, Kids Play Area, Lawn or Garden, Barbeque Area, Cafeteria or Canteen, Shared Kitchen, Laundry Room, Laundry Facility","https://www.bayut.eg/en/property/details-503430424.html","2026-04-27 00:00:00","bayut","2026-05-07 22:47:24.969","2026-05-09 18:59:06.045114"
369,"8bd47f3fc148611b822db1037f91baec",10500000,"Mountain View iCity Compound, 5th Settlement, New Cairo, Cairo","NEW LAUNCH 3 BEDROOMS APARTMENT FOR SALE 5% DP IN MOUNTAIN VIEW NEW CAIRO OVER 10 YRS FIIRST PRICE","3",3,175,"Apartment","Unfurnished","Built in Kitchen Appliances, Covered parking, Pets Allowed, Electricity Meter, Water Meter, Natural Gas, Landline, First Aid Medical Center, Gym or Health Club, Swimming Pool, Day Care Center, Kids Play Area, Lawn or Garden, Barbeque Area, Cafeteria or Canteen","https://www.bayut.eg/en/property/details-503430325.html","2026-04-27 00:00:00","bayut","2026-05-07 22:47:25.312","2026-05-09 18:59:06.389927"
370,"d346628f734ffa9f020b8f1b03454de6",15000000,"Mountain View iCity Compound, 5th Settlement, New Cairo, Cairo","Best location in Mountain View iCity Apartment with garden immediately in New Cairo, with installments over 9 years.","3",2,141,"Apartment","Unfurnished","Built in Kitchen Appliances, Covered parking, Pets Allowed, Electricity Meter, Sea view, Water Meter, Natural Gas, Landline, First Aid Medical Center, Gym or Health Club, Facilities for Disabled, Swimming Pool, Jacuzzi, Sauna, Steam Room, Day Care Center, Kids Play Area, Lawn or Garden, Barbeque Area, Cafeteria or Canteen","https://www.bayut.eg/en/property/details-503430028.html","2026-04-27 00:00:00","bayut","2026-05-07 22:47:25.547","2026-05-09 18:59:06.915516"
371,"ac8f1d21b607a052467c3e17dd5777af",20000000,"La Vista City, New Capital City, Cairo","With a Prime View Luxury Villa for Sale in La Vista City - New Capital","4",4,245,"Villa","","Built in Kitchen Appliances, Covered parking, Pets Allowed, Electricity Meter, Water Meter, Natural Gas, Landline, Balcony or Terrace, Lobby in Building, Lawn or Garden, Maintenance Staff, Cleaning Services, Business Center, Security Staff, CCTV Security","https://www.bayut.eg/en/property/details-503280429.html","2026-04-27 00:00:00","bayut","2026-05-07 22:47:25.783","2026-05-09 18:59:07.256397"
372,"1dae9058e129c94a82ba5b81aa91183d",17500000,"layan Compound, 5th Settlement, New Cairo, Cairo","With a Prime View and Special price Luxury Villa for Sale in Layan Compound, New Cairo","5",4,267,"Villa","","Built in Kitchen Appliances, Covered parking, Pets Allowed, Electricity Meter, Water Meter, Natural Gas, Landline, Balcony or Terrace, Lobby in Building, Lawn or Garden, Maintenance Staff, Cleaning Services, Business Center, Security Staff, CCTV Security, Maids Room","https://www.bayut.eg/en/property/details-503280102.html","2026-04-27 00:00:00","bayut","2026-05-07 22:47:26.022","2026-05-09 18:59:07.598687"
373,"3c503091a0e2a691efee2a3325810eb1",30900000,"Sodic East, New Heliopolis, Cairo","Best Investment Opportunity Villa Standalone at Price of apartment for sale in Sodic East - El Sherouk City","5",3,360,"Villa","","Built in Kitchen Appliances, Covered parking, Gym or Health Club, Lawn or Garden, Barbeque Area","https://www.bayut.eg/en/property/details-503193883.html","2026-04-28 00:00:00","bayut","2026-05-07 22:47:26.242","2026-05-09 18:59:07.940792"
374,"637aaed67330cb8bded96b8fe773d1ac",36000000,"Uptown Cairo, Mokattam, Cairo","Fully Finished and Furnished Luxury villa With a Private Pool in Uptown Cairo - New Cairo","4",4,496,"Villa","Furnished","Built in Kitchen Appliances, Covered parking, Pets Allowed, Electricity Meter, Water Meter, Natural Gas, Landline, Balcony or Terrace, Lobby in Building, Lawn or Garden, Maintenance Staff, Cleaning Services, Business Center, Security Staff, CCTV Security","https://www.bayut.eg/en/property/details-503124858.html","2026-04-27 00:00:00","bayut","2026-05-07 22:47:26.466","2026-05-09 18:59:08.280273"
375,"fa6d730d92801d7c35aeda4c4b359e32",18000000,"Mivida Compound, 5th Settlement, New Cairo, Cairo","Under market price fully finished with Acs and kitchen 3 bedrooms apartment for sale in Mivida compound Emaar new cairo","3",3,200,"Apartment","Unfurnished","Built in Kitchen Appliances, Covered parking, Pets Allowed, Electricity Meter, Water Meter, Natural Gas, Landline, First Aid Medical Center, Gym or Health Club, Facilities for Disabled, Swimming Pool, Jacuzzi, Sauna, Steam Room, Day Care Center, Kids Play Area, Lawn or Garden, Barbeque Area, Cafeteria or Canteen, Shared Kitchen, Laundry Room, Laundry Facility","https://www.bayut.eg/en/property/details-503040460.html","2026-04-27 00:00:00","bayut","2026-05-07 22:47:26.686","2026-05-09 18:59:08.620213"
376,"6e586e84702d6626fa2df9f5dca92d33",19800000,"Mountain View Hyde Park Compound, 5th Settlement, New Cairo, Cairo","With a Prime View Luxury Fully Finished Villa for Sale in Mountain View Hyde Park - New Cairo","3",2,280,"Villa","","Built in Kitchen Appliances, Covered parking, Pets Allowed, Electricity Meter, Water Meter, Natural Gas, Landline, Balcony or Terrace, Lobby in Building, Lawn or Garden, Maintenance Staff, Cleaning Services, Business Center, Security Staff, CCTV Security","https://www.bayut.eg/en/property/details-503086039.html","2026-04-27 00:00:00","bayut","2026-05-07 22:47:26.938","2026-05-09 18:59:08.964859"
377,"cbbb7dfeb8c6b1f9e3e5a531cd7eb3c6",13200000,"Mountain View Hyde Park Compound, 5th Settlement, New Cairo, Cairo","Best price in the market I Villa ground in Mountain View Hyde park prime location Ready to move","3",3,277,"Duplex","Unfurnished","Pets Allowed, Balcony or Terrace, Completion Year, First Aid Medical Center, Lawn or Garden, Security Staff, Maids Room","https://www.bayut.eg/en/property/details-502785799.html","2026-04-27 00:00:00","bayut","2026-05-07 22:47:27.16","2026-05-09 18:59:09.303515"
378,"bacdb10e9ca0824ed4f4410580f32ae2",22000000,"Noor City, New Capital City, Cairo","Townhouse villa, model Q2, for sale in Noor City. Commercial use, quick sale, large land area.","3",3,213,"Villa","Unfurnished","Covered parking, Electricity Backup, Pets Allowed, Double Glazed Windows, Balcony or Terrace, Completion Year, Flooring, Kids Play Area, Lawn or Garden, Waste Disposal, Maintenance Staff, Cleaning Services, Security Staff, CCTV Security, Shared Kitchen, Satellite/Cable TV, Intercom, 24 Hours Concierge, Freehold","https://www.bayut.eg/en/property/details-503428641.html","2026-04-27 00:00:00","bayut","2026-05-07 22:47:27.377","2026-05-09 18:59:09.644454"
379,"d832034336040a17de6ad1f22d2e286d",10000000,"Taj City Compound, 1st Settlement, New Cairo, Cairo","Apartment for sale, resale,Ready to move, ultra-super-lux finishing, with kitchen, open view, at the lowest price in Taj City Compound.","2",3,150,"Apartment","Unfurnished","Built in Kitchen Appliances, Covered parking, Pets Allowed, Electricity Meter, Water Meter, Natural Gas, Landline, Day Care Center, Kids Play Area, Lawn or Garden, Barbeque Area, Cafeteria or Canteen","https://www.bayut.eg/en/property/details-503428606.html","2026-04-27 00:00:00","bayut","2026-05-07 22:47:27.606","2026-05-09 18:59:09.989558"
380,"380d571b0133a513bb24b7d7eaf7a693",21500000,"layan Compound, 5th Settlement, New Cairo, Cairo","Resale twinhouse for immediate delivery for sale at a special price in the heart of Fifth Settlement prime location in Layan Al Ahly Sabbour","3",3,255,"Twin House","Unfurnished","Balcony or Terrace, Covered parking, Gym or Health Club, Kids Play Area, Security Staff, Freehold","https://www.bayut.eg/en/property/details-503406227.html","2026-04-27 00:00:00","bayut","2026-05-07 22:47:27.826","2026-05-09 18:59:10.330025"
382,"bbae8a8882faeef4bcd3e908c8ab6cc4",11100000,"Mountain View iCity Compound, 5th Settlement, New Cairo, Cairo","Hot Offer Garden Apartment For Sale in A prime Location New Cairo Ready To move","3",3,130,"Apartment","Unfurnished","Built in Kitchen Appliances, Covered parking, Pets Allowed, Electricity Meter, Water Meter, Natural Gas, Landline, First Aid Medical Center, Day Care Center, Kids Play Area, Lawn or Garden, Cafeteria or Canteen","https://www.bayut.eg/en/property/details-503428347.html","2026-04-27 00:00:00","bayut","2026-05-07 22:47:28.29","2026-05-09 18:59:11.09315"
383,"e922b07f2b4c5e513a6aa4f32c6e89a5",8500000,"Al Burouj, Shorouk City, Cairo","Apartment for sale in Al Burouj Compound – Clubside Phase","4",4,235,"Apartment","Unfurnished","Covered parking, Pets Allowed, Parking Spaces: 2, Electricity Meter, Water Meter, Double Glazed Windows, Storage Areas, Natural Gas, Landline, Balcony or Terrace, Lobby in Building, Elevators in Building: 2, Service Elevators, Completion Year: 3, Reception/Waiting Room, Total Floors: 6, First Aid Medical Center, Gym or Health Club, Facilities for Disabled, Swimming Pool, Jacuzzi, Sauna, Steam Room, Day Care Center, Kids Play Area, Lawn or Garden, Barbeque Area, Cafeteria or Canteen, Waste Disposal, Maintenance Staff, Cleaning Services, Business Center, Conference Room, Security Staff, CCTV Security, Laundry Room, Broadband Internet, Satellite/Cable TV, Intercom, ATM Facility, 24 Hours Concierge, Maids Room, Nearby Shopping Malls, View, Freehold","https://www.bayut.eg/en/property/details-503428265.html","2026-04-27 00:00:00","bayut","2026-05-07 22:47:28.51","2026-05-09 18:59:11.432742"
384,"0b294decc8afb055d1e5ce656cc109a8",15000000,"Madinaty, Cairo","Exceptional Rare Opportunity for Sale in Madinaty B3 – Model 600 (Ground Floor with Private Garden","4",3,243,"Apartment","Unfurnished","Built in Kitchen Appliances, Electricity Backup, Pets Allowed, Electricity Meter, Centrally Air-Conditioned, Sea view, Central Heating, Water Meter, Double Glazed Windows, Storage Areas, Natural Gas, Central A/C & heating, Completion Year, Reception/Waiting Room, Facilities for Disabled, Waste Disposal, Maintenance Staff, Cleaning Services, Business Center, Security Staff, Broadband Internet, Satellite/Cable TV, Intercom, 24 Hours Concierge, Nearby Shopping Malls, View, Freehold","https://www.bayut.eg/en/property/details-503428374.html","2026-04-27 00:00:00","bayut","2026-05-07 22:47:28.729","2026-05-09 18:59:11.772884"
385,"3e6169fc745a63b6a7d7175ea35c98f7",22000000,"Mivida Compound, 5th Settlement, New Cairo, Cairo","For sale, an independent villa in the heart of the New Cairo area with a private swimming pool next to مفيدا and the American University.","6",5,686,"Villa","","Covered parking, Pets Allowed, Electricity Meter, Water Meter, Natural Gas, Landline, First Aid Medical Center, Gym or Health Club, Swimming Pool, Jacuzzi, Sauna, Steam Room, Day Care Center, Kids Play Area, Lawn or Garden, Barbeque Area, Cafeteria or Canteen, 24 Hours Concierge","https://www.bayut.eg/en/property/details-503423948.html","2026-04-27 00:00:00","bayut","2026-05-07 22:47:28.961","2026-05-09 18:59:12.130336"
386,"2729d575cfb8708e058cde2e7a4ecad8",4300000,"Al Andalous, 5th Settlement, New Cairo, Cairo","apartment for sale 160m first floor al andalous 5th settlement new cairo","3",2,160,"Apartment","","Balcony or Terrace, Completion Year: 1, Security Staff","https://www.bayut.eg/en/property/details-503474888.html","2026-05-06 00:00:00","bayut","2026-05-07 22:47:29.183","2026-05-09 18:59:12.482176"
387,"b0851bad7c3715947ebffdd8afe3e9fc",4650000,"Shorouk City, Cairo","Apartment for sale in the fourth district west of Al-Shorouk City - immediate delivery - semi-finished - 250 m - with an open garden view","3",3,250,"Apartment","Unfurnished","Covered parking, Parking Spaces: 1, Electricity Meter, Water Meter, Completion Year, Lawn or Garden, ATM Facility, Freehold","https://www.bayut.eg/en/property/details-503427730.html","2026-04-28 00:00:00","bayut","2026-05-07 22:47:29.414","2026-05-09 18:59:12.821227"
388,"562b7cb98543ade74f249c8b4c924933",8200000,"Mountain View Hyde Park Compound, 5th Settlement, New Cairo, Cairo","special Apartment For Sale Ready to Move In Mountain View Hyde park - New Cairo","2",2,141,"Apartment","Unfurnished","","https://www.bayut.eg/en/property/details-502664850.html","2026-04-30 00:00:00","bayut","2026-05-07 22:47:29.642","2026-05-09 18:59:13.163407"
389,"27915bab77ed1aa36a38d9fc790ee9ac",40000000,"Mountain View 1.1, 5th Settlement, New Cairo, Cairo","villa for sale in mountain view 1.1 fully finished and ready now cash 40.000. 000","5",4,280,"Villa","","Built in Kitchen Appliances, Covered parking, Electricity Meter, Balcony or Terrace, First Aid Medical Center, Gym or Health Club, Jacuzzi, Sauna, Steam Room, Day Care Center, Kids Play Area, Lawn or Garden, Barbeque Area, Cafeteria or Canteen, Shared Kitchen, Laundry Room, Laundry Facility","https://www.bayut.eg/en/property/details-503472823.html","2026-05-06 00:00:00","bayut","2026-05-07 22:47:29.906","2026-05-09 18:59:13.500767"
390,"2c8bea3d2f8f53bce698dc56e280aaa7",24000000,"El Shorouk 2000, Shorouk City, Cairo","Villa for sale with private pool ready to move total area 484 meter cash 24000.000","5",4,484,"Villa","","Built in Kitchen Appliances, Covered parking, Electricity Meter, Balcony or Terrace, First Aid Medical Center, Gym or Health Club, Swimming Pool, Jacuzzi, Sauna, Steam Room, Day Care Center, Kids Play Area, Lawn or Garden, Barbeque Area, Cafeteria or Canteen, Shared Kitchen, Laundry Room, Laundry Facility","https://www.bayut.eg/en/property/details-503472834.html","2026-05-06 00:00:00","bayut","2026-05-07 22:47:30.238","2026-05-09 18:59:13.845548"
391,"6f32cf91c531d9d58c9f7f7a06b090b7",6434000,"Taj City Compound, 1st Settlement, New Cairo, Cairo","Apartment for Sale in the Heart of New Cairo – Taj City Compound by Madinet Masr for Housing & Development","3",2,133,"Apartment","Unfurnished","","https://www.bayut.eg/en/property/details-503431319.html","2026-04-27 00:00:00","bayut","2026-05-07 22:47:30.457","2026-05-09 18:59:14.190711"
392,"629b302ca23e1d714a390a20cc946e77",25000000,"EL Patio 5, Shorouk City, Cairo","Twin house ultra super lux finishing and private pool with furniture and ac's in El patio 5 compound","4",4,314,"Twin House","Furnished","Built in Kitchen Appliances, Covered parking, Electricity Meter, Natural Gas, Balcony or Terrace, Reception/Waiting Room, Gym or Health Club, Swimming Pool, Lawn or Garden, Security Staff","https://www.bayut.eg/en/property/details-503427604.html","2026-04-27 00:00:00","bayut","2026-05-07 22:47:30.684","2026-05-09 18:59:14.529363"
393,"4d2b2f1919f5303f762882f36a7b88c1",18000000,"Eastown Compound, 5th Settlement, New Cairo, Cairo","Ready to move Triplex with prime location for sale in compound Sodic Eastown in golden square in the heart of New cairo","4",4,282,"Duplex","Unfurnished","","https://www.bayut.eg/en/property/details-503196662.html","2026-04-30 00:00:00","bayut","2026-05-07 22:47:30.908","2026-05-09 18:59:14.873189"
394,"dd55f092cd6c1a1dfd2cacf0526f57f6",15410000,"Sarai, Mostakbal City, Cairo","Standalone Villa for Sale in Sarai Rai Valleys with Private Pool – Best Price","3",3,198,"Villa","Unfurnished","Security Staff, CCTV Security","https://www.bayut.eg/en/property/details-503429352.html","2026-04-27 00:00:00","bayut","2026-05-07 22:47:31.147","2026-05-09 18:59:15.214017"
395,"f6f131e3374ad47de6c1886f1247169c",15500000,"Palm Hills New Cairo Compound, 5th Settlement, New Cairo, Cairo","Resale townhouse corner for sale in Palm Hills New Cairo semi finished and ready for immediate delivery at the lowest market price","3",3,187,"Townhouse","Unfurnished","Covered parking, Pets Allowed, Balcony or Terrace, Gym or Health Club, Lawn or Garden, Security Staff, CCTV Security","https://www.bayut.eg/en/property/details-503425690.html","2026-04-26 00:00:00","bayut","2026-05-07 22:47:31.376","2026-05-09 18:59:15.5563"
396,"f20ef886e7510188e676d5821d509418",12800000,"Fifth Square Compound, 5th Settlement, New Cairo, Cairo","Fully-Finished penthouse for sale in fifth square","3",3,175,"Penthouse","Unfurnished","Balcony or Terrace, Built in Kitchen Appliances, Maintenance Staff, Security Staff","https://www.bayut.eg/en/property/details-503427711.html","2026-04-27 00:00:00","bayut","2026-05-07 22:47:31.597","2026-05-09 18:59:15.909006"
397,"4e8fed7add5e0b2bb7a297411ee79158",14000000,"Madinaty, Cairo","Appartment 245m for sale in madinaty with widw garden view","3",3,245,"Apartment","Unfurnished","Furnished, Pets Allowed, Parking Spaces: 2, Electricity Meter, Central Heating, Water Meter, Storage Areas, Natural Gas, Landline, Balcony or Terrace, Lobby in Building, Elevators in Building: 1, Completion Year: 3, Reception/Waiting Room, Total Floors: 6, First Aid Medical Center, Gym or Health Club, Facilities for Disabled, Swimming Pool, Jacuzzi, Sauna, Steam Room, Day Care Center, Kids Play Area, Lawn or Garden, Barbeque Area, Cafeteria or Canteen, Waste Disposal, Maintenance Staff, Cleaning Services, Business Center, Conference Room, Security Staff, CCTV Security, Shared Kitchen, Laundry Room, Laundry Facility, Broadband Internet, Satellite/Cable TV, Intercom, ATM Facility, 24 Hours Concierge, Maids Room, View, Freehold","https://www.bayut.eg/en/property/details-503427042.html","2026-04-26 00:00:00","bayut","2026-05-07 22:47:31.815","2026-05-09 18:59:16.250903"
398,"3a5c4e327086e8d3e2c0134362c8c849",19500000,"La Vista City, New Capital City, Cairo","Premium Twin House for Sale in La Vista City | Prime Location & Stunning View","4",4,280,"Twin House","Unfurnished","","https://www.bayut.eg/en/property/details-503477209.html","2026-05-06 00:00:00","bayut","2026-05-07 22:47:32.047","2026-05-09 18:59:16.596073"
399,"97d9c48176a72b6a3c0c2193d6efbc29",21731650,"City Gate Compound, 5th Settlement, New Cairo, Cairo","Penthouse for sale with installments till 2031","4",4,330,"Penthouse","Unfurnished","Balcony or Terrace, Covered parking, Maintenance Staff, Security Staff","https://www.bayut.eg/en/property/details-503424418.html","2026-04-26 00:00:00","bayut","2026-05-07 22:47:32.276","2026-05-09 18:59:16.935311"
400,"5eabaa975a92c7c8c33b4dbe757b14f9",25750000,"City Gate Compound, 5th Settlement, New Cairo, Cairo","For sale in City Gate Aven Villas New Cairo developed by Qatari Diar Old Contract Town House middle delivery 2027 in a very prime location","3",4,290,"Townhouse","Unfurnished","Balcony or Terrace, Jacuzzi, Sauna, Covered parking, Gym or Health Club, Security Staff","https://www.bayut.eg/en/property/details-503430398.html","2026-04-27 00:00:00","bayut","2026-05-07 22:47:32.497","2026-05-09 18:59:17.273875"
401,"e890b998bc82c987f2f402b03516ff96",25000000,"Villette Compound, 5th Settlement, New Cairo, Cairo","Ground 4 Beds with Garden in V Residence Delivered finished with ACs Kitchen Cabinets and Shutters Prime Location With Down Payment and Installments","4",4,211,"Apartment","Unfurnished","Pets Allowed, Electricity Meter, Water Meter, Central A/C & heating, Balcony or Terrace, Gym or Health Club, Kids Play Area, Lawn or Garden, Barbeque Area, Maintenance Staff, Business Center, Security Staff, CCTV Security, Laundry Facility, Satellite/Cable TV","https://www.bayut.eg/en/property/details-503172539.html","2026-04-29 00:00:00","bayut","2026-05-07 22:47:32.723","2026-05-09 18:59:17.627698"
402,"2ec37b567494fa1de8523a1de0784ad1",27000000,"City Gate Compound, 5th Settlement, New Cairo, Cairo","Town house Corner 290m core and shell for sale in City Gate Sapphire A New Cairo developed by Qatari Diar","3",3,290,"Townhouse","Unfurnished","Covered parking, Balcony or Terrace, Reception/Waiting Room, Gym or Health Club, Jacuzzi, Sauna, Security Staff","https://www.bayut.eg/en/property/details-503429710.html","2026-04-27 00:00:00","bayut","2026-05-07 22:47:32.953","2026-05-09 18:59:17.969254"
403,"2c43040aca266382b35a79272dd1a5e0",32350000,"City Gate Compound, 5th Settlement, New Cairo, Cairo","Twin house 3 bedrooms core and shell for sale in City Gate Phase Aven New Cairo developed by Qatari Diar","3",3,267,"Twin House","Unfurnished","Covered parking, Balcony or Terrace, Reception/Waiting Room, Gym or Health Club, Jacuzzi, Sauna, Security Staff","https://www.bayut.eg/en/property/details-503429362.html","2026-04-27 00:00:00","bayut","2026-05-07 22:47:33.176","2026-05-09 18:59:18.32112"
404,"deb20feb68855309d2e354f18242fa60",31000000,"City Gate Compound, 5th Settlement, New Cairo, Cairo","Twin house core and shell 267m for sale in City Gate Phase Aven New Cairo developed by Qatari Diar with installments","3",3,267,"Twin House","Unfurnished","Balcony or Terrace, Covered parking, Reception/Waiting Room, Gym or Health Club, Security Staff","https://www.bayut.eg/en/property/details-503429216.html","2026-04-27 00:00:00","bayut","2026-05-07 22:47:33.402","2026-05-09 18:59:18.665271"
405,"814299d533fd962f347cd4baa987c00b",34000000,"Bellagio Compound, 5th Settlement, New Cairo, Cairo","Super Lux Twinhouse For Sale In Bellagio - New Cairo , Ready To Move","6",4,517,"Twin House","Furnished","Pets Allowed, Electricity Meter, Water Meter, Natural Gas, Landline, Barbeque Area","https://www.bayut.eg/en/property/details-503425765.html","2026-04-26 00:00:00","bayut","2026-05-07 22:47:33.621","2026-05-09 18:59:19.00959"
406,"0ff2c8bcc1f25410bc5bb2e4928dd5ad",7500000,"West Arabella Compound, 3rd Settlement, New Cairo, Cairo","Prime 220 sqm Apartment for Sale – First Floor – 3 Bedrooms & 3 Bathrooms – 4-Piece Reception – West Arabella, New Cairo .","3",3,220,"Apartment","Unfurnished","Balcony or Terrace, Electricity Meter, Water Meter, Natural Gas, Landline","https://www.bayut.eg/en/property/details-503279017.html","2026-04-27 00:00:00","bayut","2026-05-07 22:47:33.84","2026-05-09 18:59:19.350444"
407,"d950d5552f409b68391a0d6c669d0428",10387844,"Mountain View iCity Compound, 5th Settlement, New Cairo, Cairo","Ready to move 3 bedrooms Ivilla garden downpayment and installments for sale in Mountain view Icity compound 5th settlement new cairo","3",3,235,"Duplex","Unfurnished","Built in Kitchen Appliances, Covered parking, Pets Allowed, Electricity Meter, Water Meter, Natural Gas, Landline, First Aid Medical Center, Gym or Health Club, Facilities for Disabled, Swimming Pool, Jacuzzi, Sauna, Steam Room, Day Care Center, Kids Play Area, Lawn or Garden, Barbeque Area, Cafeteria or Canteen, Shared Kitchen, Laundry Room, Laundry Facility","https://www.bayut.eg/en/property/details-503425128.html","2026-04-26 00:00:00","bayut","2026-05-07 22:47:34.059","2026-05-09 18:59:19.694991"
408,"bc15613d6e41b028ff0296ac2ce675b7",30000000,"Cairo Festival City, 5th Settlement, New Cairo, Cairo","Villa For Sale Cairo Festival New Cairo Fully Finished By Installments","3",3,253,"Villa","Furnished","","https://www.bayut.eg/en/property/details-503424956.html","2026-04-26 00:00:00","bayut","2026-05-07 22:47:34.287","2026-05-09 18:59:20.038898"
409,"5affed3972dd35777ff629aeda6a0212",40800000,"Golden Heights Compound, 1st Settlement, New Cairo, Cairo","villa in GoldenHeights NewCairo in front Rehab with installment plans","6",6,617,"Villa","Unfurnished","Built in Kitchen Appliances, Covered parking, Pets Allowed, Electricity Meter, Sea view, Water Meter, Natural Gas, Landline, First Aid Medical Center, Gym or Health Club, Facilities for Disabled, Swimming Pool, Jacuzzi, Sauna, Steam Room, Day Care Center, Kids Play Area, Lawn or Garden, Barbeque Area, Cafeteria or Canteen","https://www.bayut.eg/en/property/details-503432096.html","2026-04-27 00:00:00","bayut","2026-05-07 22:47:34.524","2026-05-09 18:59:20.381453"
410,"ddf5c01cd30006b5a726967d0ed6503f",16000000,"Hyde Park New Cairo Compound, 5th Settlement, New Cairo, Cairo","Twin House in a unique location, ready for immediate occupancy with a golf view in the Hyde Park compound in New Cairo, just minutes from AUC.","5",5,305,"Twin House","Unfurnished","Covered parking, Pets Allowed, Electricity Meter, Water Meter, Double Glazed Windows, Natural Gas, Landline, Balcony or Terrace, First Aid Medical Center, Gym or Health Club, Facilities for Disabled, Swimming Pool, Jacuzzi, Sauna, Steam Room, Day Care Center, Kids Play Area, Lawn or Garden, Barbeque Area, Cafeteria or Canteen, Waste Disposal, Maintenance Staff, Cleaning Services, Security Staff, Broadband Internet, Satellite/Cable TV, Intercom, 24 Hours Concierge, Maids Room","https://www.bayut.eg/en/property/details-503424092.html","2026-04-26 00:00:00","bayut","2026-05-07 22:47:34.758","2026-05-09 18:59:20.722423"
1268,"0329280903594e09323acc637d3a0890",1771000,"Hurghada, Red Sea","","2",1,77,"Apartment","Unfurnished","Private Garden, Security, Pool, Water Meter, Elevator","https://www.dubizzle.com.eg/en/ad/77-sqm-fully-finished-apartment-on-al-hegaz-main-st-3-year-installments-ID503485896.html","2026-05-09 13:55:51.922","dubizzle","2026-05-09 13:55:51.922","2026-05-09 20:33:57.646808"
411,"a34c96c7a26429033529afbd628e9903",18000000,"5th Settlement, New Cairo, Cairo","Town House for sale in Mountain View i City 5th Settelement","3",3,290,"Villa","Unfurnished","Covered parking, Pets Allowed, Electricity Meter, Water Meter, Balcony or Terrace, Lobby in Building, Total Floors: -6, Gym or Health Club, Day Care Center, Kids Play Area, Lawn or Garden, Barbeque Area, Security Staff, Laundry Room, Maids Room","https://www.bayut.eg/en/property/details-503319161.html","2026-05-05 00:00:00","bayut","2026-05-07 22:47:35.097","2026-05-09 18:59:21.070517"
412,"9bec8ede3a662a1c2075d63fc052a798",12500000,"Sodic East, New Heliopolis, Cairo","ready to move - prime location - Townhouse middle in Sodic East - New Cairo","4",3,235,"Townhouse","Unfurnished","Built in Kitchen Appliances, Covered parking, Pets Allowed, Electricity Meter, Water Meter, Natural Gas, Landline, Day Care Center, Lawn or Garden, Barbeque Area","https://www.bayut.eg/en/property/details-503162865.html","2026-04-26 00:00:00","bayut","2026-05-07 22:47:35.386","2026-05-09 18:59:21.41329"
413,"efe3f2bb9f5b0bd4e6fc82b3eb75e386",65000000,"Mirage City Compound, 1st Settlement, New Cairo, Cairo","Amazing Furnished Stand Alone with pool For Sale in Mirage City - New Cairo","5",6,570,"Villa","Furnished","Built in Kitchen Appliances, Furnished, Pets Allowed, Parking Spaces: 3, Electricity Meter, Centrally Air-Conditioned, Water Meter, Natural Gas, Landline, Balcony or Terrace, Lobby in Building, Reception/Waiting Room, First Aid Medical Center, Gym or Health Club, Swimming Pool, Lawn or Garden, Maintenance Staff, Security Staff, Laundry Room, Satellite/Cable TV, 24 Hours Concierge, Maids Room","https://www.bayut.eg/en/property/details-500769225.html","2026-04-26 00:00:00","bayut","2026-05-07 22:47:35.618","2026-05-09 18:59:21.760906"
414,"8175580cd88784b95e384412f405fb20",23000000,"Aliva mostakbal city, Mostakbal City, Cairo","I villa garden dierct on lagoon for big sale cash 23000.000 only","3",4,230,"iVilla","","Built in Kitchen Appliances, Covered parking, Electricity Meter, Balcony or Terrace, Lobby in Building, First Aid Medical Center, Gym or Health Club, Swimming Pool, Jacuzzi, Steam Room, Day Care Center, Kids Play Area, Lawn or Garden, Barbeque Area, Cafeteria or Canteen, Shared Kitchen, Laundry Room, Laundry Facility","https://www.bayut.eg/en/property/details-503472819.html","2026-05-06 00:00:00","bayut","2026-05-07 22:47:35.84","2026-05-09 18:59:22.10783"
415,"c26a757429959109a537dc74a7fe1f8b",30630000,"Stone Park Compound, Katameya, Cairo","cheapest resale standalone villa in installment for quick sale view lagoon and Landscape in Stone Park compound","4",4,540,"Villa","Unfurnished","","https://www.bayut.eg/en/property/details-503439560.html","2026-04-29 00:00:00","bayut","2026-05-07 22:47:36.066","2026-05-09 18:59:22.449649"
416,"f74d457da7b79d339212c87d2ad17e0f",4700000,"High City, Obour City, Cairo","Apartment fully finished for sale at high city compound","3",2,160,"Apartment","Unfurnished","Electricity Meter, Water Meter, Natural Gas, Landline, Balcony or Terrace, Lobby in Building, Elevators in Building: 1, Service Elevators, Completion Year: 2, Total Floors: 3, Swimming Pool, Kids Play Area, Maintenance Staff, Cleaning Services, Security Staff, CCTV Security, Broadband Internet, Satellite/Cable TV, Intercom, 24 Hours Concierge, Freehold","https://www.bayut.eg/en/property/details-502009169.html","2026-04-27 00:00:00","bayut","2026-05-07 22:47:36.295","2026-05-09 18:59:22.789022"
417,"04ff7a1fe8e9c148f45da071fa9d8e52",32500000,"Cairo Festival City, 5th Settlement, New Cairo, Cairo","Lowest Price Resale Quatro Villa Ready to Move for Sale at Cairo Festival City CFC","3",4,282,"Villa","Unfurnished","Pets Allowed, First Aid Medical Center, Gym or Health Club, Swimming Pool, Day Care Center, Kids Play Area, Lawn or Garden, Barbeque Area, Waste Disposal, Maintenance Staff, Cleaning Services, Security Staff, CCTV Security, Maids Room","https://www.bayut.eg/en/property/details-503483008.html","2026-05-07 00:00:00","bayut","2026-05-07 22:47:36.516","2026-05-09 18:59:23.12923"
418,"d32e9323e61921640abfddc61c6b7015",36000000,"Madinaty, Cairo","Fully finished stand alone villa for sale in Madinaty New Cairo with very prime location","3",4,360,"Villa","","Covered parking, Pets Allowed, Electricity Meter, Water Meter, Natural Gas, Landline, Balcony or Terrace, Lobby in Building, Gym or Health Club, Swimming Pool, Sauna, Kids Play Area, Lawn or Garden","https://www.bayut.eg/en/property/details-503422310.html","2026-04-27 00:00:00","bayut","2026-05-07 22:47:36.739","2026-05-09 18:59:23.482883"
419,"80f834846e642a183b43a07c793796ef",11600000,"Hyde Park New Cairo Compound, 5th Settlement, New Cairo, Cairo","Apartment for sale Ready to move Hyde park 5th settlement new cairo","3",3,221,"Apartment","Unfurnished","Covered parking, Pets Allowed, Natural Gas, Lawn or Garden","https://www.bayut.eg/en/property/details-502449680.html","2026-05-07 00:00:00","bayut","2026-05-07 22:47:36.966","2026-05-09 18:59:23.827308"
420,"9e816a173babcafb22ce8b5e2ccb98a6",3000000,"5th Settlement, New Cairo, Cairo","Apartment for sale in the heart of the Fifth Settlement Bahri in double view next to Hyde Park the American University and Direct on 90th Street","2",2,110,"Apartment","Unfurnished","Covered parking, Electricity Backup, Pets Allowed, Electricity Meter, Centrally Air-Conditioned, Central Heating, Water Meter, Double Glazed Windows, Storage Areas, Natural Gas, Landline, Study Room, Central A/C & heating, Balcony or Terrace, Lobby in Building, Service Elevators, Prayer Room, Reception/Waiting Room, First Aid Medical Center, Gym or Health Club, Facilities for Disabled, Swimming Pool, Jacuzzi, Sauna, Steam Room, Day Care Center, Kids Play Area, Lawn or Garden, Barbeque Area, Cafeteria or Canteen, Waste Disposal, Maintenance Staff, Cleaning Services, Business Center, Conference Room, Security Staff, CCTV Security, Broadband Internet, Satellite/Cable TV, Intercom, ATM Facility, 24 Hours Concierge, Freehold","https://www.bayut.eg/en/property/details-503420812.html","2026-04-25 00:00:00","bayut","2026-05-07 22:47:37.201","2026-05-09 18:59:24.166376"
421,"fa6c41845e56b63706f6d3e563630ebf",13000000,"Palm Hills New Cairo Compound, 5th Settlement, New Cairo, Cairo","Lowest downpayment and installments early delivery typical floor very prime location overlooking greenery and water features bahary","3",3,173,"Apartment","Unfurnished","Balcony or Terrace, Swimming Pool, Gym or Health Club, Lawn or Garden, Security Staff","https://www.bayut.eg/en/property/details-503404685.html","2026-04-27 00:00:00","bayut","2026-05-07 22:47:37.426","2026-05-09 18:59:24.515197"
422,"78911e960b17ea38473b69446dfd7f40",9500000,"The Address East Compound, 5th Settlement, New Cairo, Cairo","Attractive Price A very prime Fully finished ground apartment in The Adress East - New Cairo","3",2,163,"Apartment","Unfurnished","Balcony or Terrace, Covered parking, Pets Allowed, Completion Year, Lawn or Garden, Security Staff","https://www.bayut.eg/en/property/details-503041922.html","2026-04-26 00:00:00","bayut","2026-05-07 22:47:37.647","2026-05-09 18:59:24.854289"
423,"431a1f3cc892ecaeaa46639d8f36ae47",13617000,"Fifth Square Compound, 5th Settlement, New Cairo, Cairo","Fully Finished Apartment in a very prime location in Fifth Square Al Marasem","3",3,167,"Apartment","Unfurnished","Covered parking, Sea view, Storage Areas, Balcony or Terrace, Lobby in Building, First Aid Medical Center, Gym or Health Club, Facilities for Disabled, Swimming Pool, Jacuzzi, Sauna, Steam Room, Day Care Center, Kids Play Area, Lawn or Garden, Barbeque Area, Cafeteria or Canteen, Waste Disposal, Maintenance Staff, Cleaning Services, Business Center, Conference Room, Security Staff","https://www.bayut.eg/en/property/details-503421363.html","2026-04-25 00:00:00","bayut","2026-05-07 22:47:37.87","2026-05-09 18:59:25.199922"
437,"4a4ef770443eb937ff6fbfbada3be93b",20000000,"Eastown Compound, 5th Settlement, New Cairo, Cairo","Unique penthouse for sale - prime location A truly unique unit — no similar penthouse available in the entire project Very Prime Location – Jacaranda","3",4,288,"Penthouse","Unfurnished","Balcony or Terrace, Covered parking, Gym or Health Club, Lawn or Garden, Security Staff","https://www.bayut.eg/en/property/details-503197891.html","2026-04-29 00:00:00","bayut","2026-05-07 22:47:41.572","2026-05-09 18:59:30.05251"
424,"4e4430d7755e8993ae5ef181fecb5023",3800000,"Taj City Compound, 1st Settlement, New Cairo, Cairo","Own Now in Taj City at the Most Competitive Price","3",2,140,"Apartment","Unfurnished","Covered parking, Pets Allowed, Electricity Meter, Water Meter, Natural Gas, Balcony or Terrace, First Aid Medical Center, Gym or Health Club, Swimming Pool, Kids Play Area, Lawn or Garden, Barbeque Area, Security Staff, CCTV Security","https://www.bayut.eg/en/property/details-503419497.html","2026-04-25 00:00:00","bayut","2026-05-07 22:47:38.096","2026-05-09 18:59:25.546952"
425,"ed2517818af25d086136050b8d0c460f",4500000,"Sarai, Mostakbal City, Cairo","ground apartment with garden for sale at Sarai compound delivered 2 master bedrooms livable phase S1","2",3,126,"Apartment","Unfurnished","Electricity Meter, Water Meter, Central A/C & heating, Gym or Health Club, Lawn or Garden, Maintenance Staff, Laundry Facility, Satellite/Cable TV","https://www.bayut.eg/en/property/details-502951869.html","2026-04-29 00:00:00","bayut","2026-05-07 22:47:38.318","2026-05-09 18:59:25.903646"
426,"554d8dc72ad215b42023bfa2d783b12c",11000000,"Cleopatra Palace, Shorouk City, Cairo","Townhouse villa for sale, ready for viewing in Al-Nadi Al-Shorouk neighborhood","5",2,328,"Villa","Unfurnished","Built in Kitchen Appliances, Covered parking, Electricity Backup, Pets Allowed, Electricity Meter, Centrally Air-Conditioned, Central Heating, Water Meter, Double Glazed Windows, Storage Areas, Natural Gas, Landline, Central A/C & heating, Waste Disposal, Maintenance Staff, Cleaning Services, Business Center, Conference Room, Security Staff, CCTV Security","https://www.bayut.eg/en/property/details-502712428.html","2026-04-26 00:00:00","bayut","2026-05-07 22:47:38.542","2026-05-09 18:59:26.254223"
427,"b5f7a5ca38673cf1a8d88bd9fe398a86",11000000,"Sarai, Mostakbal City, Cairo","A villa for sale in Saray, remaining installments","3",3,212,"Villa","Unfurnished","Electricity Meter, Centrally Air-Conditioned, Water Meter, Central A/C & heating, Balcony or Terrace, Gym or Health Club, Lawn or Garden, Maintenance Staff, Business Center, Laundry Facility, Satellite/Cable TV","https://www.bayut.eg/en/property/details-503122869.html","2026-04-28 00:00:00","bayut","2026-05-07 22:47:38.955","2026-05-09 18:59:26.607698"
428,"ed5857a7ada18e220de07c5de0828d4a",25512000,"Katameya Gardens Compound, 5th Settlement, New Cairo, Cairo","Villa in New Cairo for sale with a private swimming pool at the lowest price on the market.","7",8,971,"Villa","","Built in Kitchen Appliances, Covered parking, Electricity Backup, Pets Allowed, Electricity Meter, Centrally Air-Conditioned, Central Heating, Water Meter, Double Glazed Windows, Storage Areas, Natural Gas, Landline, Central A/C & heating, First Aid Medical Center, Gym or Health Club, Swimming Pool, Jacuzzi, Sauna, Steam Room, Day Care Center, Kids Play Area, Lawn or Garden, Barbeque Area, Cafeteria or Canteen, Waste Disposal, Maintenance Staff, Cleaning Services, Business Center, Conference Room, Security Staff, CCTV Security, 24 Hours Concierge, Maids Room","https://www.bayut.eg/en/property/details-503420540.html","2026-04-25 00:00:00","bayut","2026-05-07 22:47:39.175","2026-05-09 18:59:26.94993"
429,"ecd2ec3991a09d42d9f1f736c9f3bde9",3528000,"Shorouk City, Cairo","176m apartment in Shorouk City, behind Maadi View Compound","3",3,196,"Apartment","Unfurnished","Balcony or Terrace, Electricity Meter, Water Meter, Natural Gas, Landline, Elevators in Building: 1, Completion Year: 4","https://www.bayut.eg/en/property/details-502492107.html","2026-04-24 00:00:00","bayut","2026-05-07 22:47:39.395","2026-05-09 18:59:27.290628"
430,"cf25217118cda25f4ddb0fb6ad170ed1",8700000,"The MarQ Compound, 5th Settlement, New Cairo, Cairo","Villa at the old price, immediate delivery for sale in the compound Mark Gardens","3",2,245,"Villa","Unfurnished","Built in Kitchen Appliances, Covered parking, Pets Allowed, Electricity Meter, Water Meter, Natural Gas, Landline, Waste Disposal, Maintenance Staff, Cleaning Services, Business Center, Conference Room, Security Staff, CCTV Security, Shared Kitchen, Laundry Room, Laundry Facility","https://www.bayut.eg/en/property/details-502735209.html","2026-05-07 00:00:00","bayut","2026-05-07 22:47:39.639","2026-05-09 18:59:27.634466"
431,"89282c84a5bf7c32cfe3255a8cc4a3aa",12000000,"Madinaty, Cairo","Apartment for Sale in B15 – Ready for Immediate Move-In 131 sqm apartment with super deluxe finishing,","3",2,131,"Apartment","Unfurnished","Covered parking, Electricity Meter, Study Room, Balcony or Terrace, Facilities for Disabled, Waste Disposal, Maintenance Staff, Cleaning Services, Freehold","https://www.bayut.eg/en/property/details-503481868.html","2026-05-07 00:00:00","bayut","2026-05-07 22:47:39.89","2026-05-09 18:59:27.980762"
432,"3ace7abdf139e7fc3f1020f834b51ba2",16500000,"Cairo Festival City, 5th Settlement, New Cairo, Cairo","Resale 2BD+Nanny Prime Location Ready to Move in CFC Cairo Festival City New Cairo","2",3,168,"Apartment","Unfurnished","Covered parking, Pets Allowed, Electricity Meter, Water Meter, First Aid Medical Center, Gym or Health Club, Swimming Pool, Barbeque Area, Maids Room","https://www.bayut.eg/en/property/details-503414749.html","2026-04-27 00:00:00","bayut","2026-05-07 22:47:40.232","2026-05-09 18:59:28.320151"
433,"71bfd0e2c129c285e6702461a7ea8483",13350000,"Sodic East, New Heliopolis, Cairo","Townhouse middle For sale ready to move bahary Sodic East New Cairo","3",4,234,"Townhouse","Unfurnished","Built in Kitchen Appliances, Covered parking, Pets Allowed, Electricity Meter, Water Meter, Natural Gas, Balcony or Terrace, Gym or Health Club, Lawn or Garden, Security Staff","https://www.bayut.eg/en/property/details-503322793.html","2026-05-04 00:00:00","bayut","2026-05-07 22:47:40.522","2026-05-09 18:59:28.65937"
434,"899da2d0438a247f5d0fb69c41385310",14950000,"Hyde Park New Cairo Compound, 5th Settlement, New Cairo, Cairo","Luxury Villa With a Special Price for Sale in Hyde Park - New Cairo","5",4,210,"Villa","","Built in Kitchen Appliances, Covered parking, Pets Allowed, Electricity Meter, Water Meter, Natural Gas, Landline, Balcony or Terrace, Lobby in Building, Lawn or Garden, Maintenance Staff, Cleaning Services, Business Center, Security Staff, CCTV Security","https://www.bayut.eg/en/property/details-503429273.html","2026-04-27 00:00:00","bayut","2026-05-07 22:47:40.816","2026-05-09 18:59:28.999091"
435,"e10549c08e1afeb16ffe1ba3f56a9aa9",17782940,"Palm Hills New Cairo Compound, 5th Settlement, New Cairo, Cairo","Luxury standalone villa, 809 sq m, for sale in Palm Hills, Fifth Settlement, New Cairo – very prime location – 6 bedrooms","6",7,809,"Villa","Unfurnished","Built in Kitchen Appliances, Covered parking, Electricity Backup, Pets Allowed, Electricity Meter, Centrally Air-Conditioned, Central Heating, Water Meter, Double Glazed Windows, Storage Areas, Natural Gas, Landline, Central A/C & heating, Balcony or Terrace, Lobby in Building, First Aid Medical Center, Gym or Health Club, Facilities for Disabled, Jacuzzi, Sauna, Steam Room, Day Care Center, Kids Play Area, Lawn or Garden, Barbeque Area, Cafeteria or Canteen, Waste Disposal, Maintenance Staff, Cleaning Services, Business Center, Conference Room, Security Staff, Shared Kitchen, Laundry Room, Laundry Facility, Broadband Internet, Intercom","https://www.bayut.eg/en/property/details-503410616.html","2026-04-30 00:00:00","bayut","2026-05-07 22:47:41.098","2026-05-09 18:59:29.34669"
436,"4de812a9f0501593239a4f5d253e2331",20750000,"Fifth Square Compound, 5th Settlement, New Cairo, Cairo","Villa with landscape view and private swimming pool, ready to move in","5",5,360,"Villa","","Built in Kitchen Appliances, Covered parking, Electricity Backup, Pets Allowed, Electricity Meter, Centrally Air-Conditioned, Central Heating, Water Meter, Double Glazed Windows, Storage Areas, Natural Gas, Landline, Central A/C & heating, First Aid Medical Center, Gym or Health Club, Swimming Pool, Jacuzzi, Sauna, Steam Room, Day Care Center, Kids Play Area, Lawn or Garden, Barbeque Area, Cafeteria or Canteen, Waste Disposal, Maintenance Staff, Cleaning Services, Business Center, Conference Room, Security Staff, CCTV Security, 24 Hours Concierge, Maids Room","https://www.bayut.eg/en/property/details-503416116.html","2026-04-23 00:00:00","bayut","2026-05-07 22:47:41.332","2026-05-09 18:59:29.703736"
440,"1edebb6e17664b0d401d6c54693ed455",22000000,"Mostakbal City, Cairo","Villa for sale big area classic design total area 300 5 bedrooms &5 bathrooms avilble elevator cash 22000.000","5",5,300,"Villa","","Built in Kitchen Appliances, Covered parking, Pets Allowed, Electricity Meter, Water Meter, Natural Gas, Landline, Day Care Center, Kids Play Area, Lawn or Garden, Barbeque Area, Cafeteria or Canteen","https://www.bayut.eg/en/property/details-503454010.html","2026-05-02 00:00:00","bayut","2026-05-07 22:47:42.323","2026-05-09 18:59:31.074779"
441,"13fe484e3e2f1427251653a48da788c4",7000000,"Fifth Square Compound, 5th Settlement, New Cairo, Cairo","Resale studio with garden for sale fully finished ready for immediate delivery in Fifth Square Compound Marasem New Cairo","Studio",2,90,"Apartment","Unfurnished","Covered parking, Balcony or Terrace, Gym or Health Club, Day Care Center, Kids Play Area, Lawn or Garden, Barbeque Area, Cafeteria or Canteen, Security Staff, Freehold","https://www.bayut.eg/en/property/details-503411879.html","2026-04-24 00:00:00","bayut","2026-05-07 22:47:42.543","2026-05-09 18:59:31.423115"
442,"318a35a93f35e9d585355a84bea6f593",6000000,"Sarai, Mostakbal City, Cairo","Ground floor chalet with garden, fully finished. Total price 3,588,000 and down payment 3,554,200.","3",3,182,"Apartment","Unfurnished","Built in Kitchen Appliances, Covered parking, Electricity Meter, Water Meter, Balcony or Terrace, Lobby in Building, Prayer Room, Gym or Health Club, Swimming Pool, Jacuzzi, Sauna, Kids Play Area, Lawn or Garden, Barbeque Area, Cafeteria or Canteen, Maintenance Staff, Cleaning Services","https://www.bayut.eg/en/property/details-503446409.html","2026-04-30 00:00:00","bayut","2026-05-07 22:47:42.769","2026-05-09 18:59:31.770376"
443,"d168fd30133620a597160db040de80d8",4841188,"La Reva, New Capital City, Cairo","Own a luxury duplex in the heart of the New Administrative Capital with installments over 10 years.","4",4,294,"Duplex","Unfurnished","Covered parking, Electricity Meter, Natural Gas, Gym or Health Club, Swimming Pool, Jacuzzi, Sauna, Kids Play Area, Lawn or Garden, Barbeque Area, Cafeteria or Canteen, Waste Disposal, Maintenance Staff, Cleaning Services, Security Staff","https://www.bayut.eg/en/property/details-503440428.html","2026-04-29 00:00:00","bayut","2026-05-07 22:47:43.063","2026-05-09 18:59:32.123542"
444,"9a01b9781d0d4d3d52b8cf4e2a74d366",10379000,"Lake View Residence 2, 5th Settlement, New Cairo, Cairo","Under Market Price Apartment with prime location in Lake View Residence New Cairo","2",2,143,"Apartment","","Covered parking, Pets Allowed, Electricity Meter, Water Meter, Natural Gas, Landline, First Aid Medical Center, Gym or Health Club, Facilities for Disabled, Swimming Pool, Jacuzzi, Sauna, Steam Room, Day Care Center, Kids Play Area, Lawn or Garden, Barbeque Area, Cafeteria or Canteen, Waste Disposal, Maintenance Staff, Cleaning Services","https://www.bayut.eg/en/property/details-503444784.html","2026-04-30 00:00:00","bayut","2026-05-07 22:47:43.306","2026-05-09 18:59:32.470681"
445,"fbe62c114d8426d2ac1dd7dc02b765ad",23575000,"Uptown Cairo, Mokattam, Cairo","Fully Furnished Apartment for sale in Uptown Cairo with very prime location","3",3,225,"Apartment","Furnished","Built in Kitchen Appliances, Covered parking, Pets Allowed, Electricity Meter, Natural Gas, Landline, Gym or Health Club, Swimming Pool, Kids Play Area, Lawn or Garden, Barbeque Area","https://www.bayut.eg/en/property/details-503416809.html","2026-04-23 00:00:00","bayut","2026-05-07 22:47:43.527","2026-05-09 18:59:32.813551"
446,"f6ff4a2499135b2dab755243a3eb2a4d",6000000,"Banafsag Omarat, 5th Settlement, New Cairo, Cairo","165 sqm Apartment for Sale in , New Cairo | 2nd Floor with Elevator | 3 Bedrooms | Near Bedaya School, North 90 & Carrefour | From EGP 6","3",2,165,"Apartment","Unfurnished","Electricity Meter, Natural Gas, Balcony or Terrace, Elevators in Building: 1, Completion Year: 2, Security Staff, CCTV Security","https://www.bayut.eg/en/property/details-503416659.html","2026-04-23 00:00:00","bayut","2026-05-07 22:47:43.77","2026-05-09 18:59:33.157834"
447,"2a76eed56332995df7e0ce07ea4248c6",69000000,"City Gate Compound, 5th Settlement, New Cairo, Cairo","Villa 356 m2 in New Cairo in a liveable compound with payment up to 8 years","4",4,356,"Villa","Unfurnished","Covered parking, Storage Areas, Balcony or Terrace, Elevators in Building: 1, Reception/Waiting Room, Lawn or Garden, Maintenance Staff, Cleaning Services, Security Staff","https://www.bayut.eg/en/property/details-503415691.html","2026-04-23 00:00:00","bayut","2026-05-07 22:47:44.112","2026-05-09 18:59:33.498867"
448,"213d2269d27d486814ee15255fad0245",18000000,"Fifth Square Compound, 5th Settlement, New Cairo, Cairo","Luxurious furnished apartment with air conditioning from Al Marasem next to the American University and Mivida in AL MARASEM FIFTH SQUARE","5",5,508,"Villa","","Covered parking, Pets Allowed, Electricity Meter, Water Meter, Natural Gas, Balcony or Terrace, Day Care Center, Kids Play Area, Lawn or Garden, Barbeque Area, Cafeteria or Canteen, Security Staff, Laundry Room, Maids Room","https://www.bayut.eg/en/property/details-503414469.html","2026-04-23 00:00:00","bayut","2026-05-07 22:47:44.358","2026-05-09 18:59:33.837723"
449,"3c70c8ff18681369d7ab996fdc5d77be",29000000,"Cairo Festival City, 5th Settlement, New Cairo, Cairo","Specail Apartment for sale fully finished with prime location in Cairo festival city new cairo","3",3,219,"Apartment","Furnished","","https://www.bayut.eg/en/property/details-503480525.html","2026-05-07 00:00:00","bayut","2026-05-07 22:47:44.578","2026-05-09 18:59:34.191345"
450,"d1ab0b3852d6d1189dba6be49daa6d11",10000000,"District 5 Compound, 5th Settlement, New Cairo, Cairo","A 224 sqm apartment, finished and ready for immediate delivery in District 5 – a prime location in the heart of New Cairo.","4",4,224,"Apartment","","Covered parking, Balcony or Terrace, Gym or Health Club, Swimming Pool, Lawn or Garden, Barbeque Area, Security Staff, Maids Room","https://www.bayut.eg/en/property/details-503413521.html","2026-04-23 00:00:00","bayut","2026-05-07 22:47:44.807","2026-05-09 18:59:34.548923"
451,"38323df3a7e25e8ea7f5a6c6c11bf611",10577801,"Sodic East, New Heliopolis, Cairo","Ready to move corner penthouse in Sodic East prime location, north facing, landscape view, semi finished, huge open terrace","3",3,195,"Penthouse","Unfurnished","Pets Allowed, Electricity Meter, Water Meter, Natural Gas, Balcony or Terrace, First Aid Medical Center, Security Staff, Laundry Room","https://www.bayut.eg/en/property/details-503404606.html","2026-04-23 00:00:00","bayut","2026-05-07 22:47:45.161","2026-05-09 18:59:34.889976"
452,"b9125593429c05f56422e90f9085e3c1",11400000,"Lake view Residence Compound, 5th Settlement, New Cairo, Cairo","Apartment for sale in Lake View Residence, fully finished and ready to move in – Fifth Settlement","2",2,144,"Apartment","Furnished","Built in Kitchen Appliances, Covered parking, Pets Allowed, Electricity Meter, Sea view, Water Meter, Natural Gas, Landline, First Aid Medical Center, Gym or Health Club, Facilities for Disabled, Swimming Pool, Jacuzzi, Sauna, Steam Room, Day Care Center, Kids Play Area, Lawn or Garden, Barbeque Area, Cafeteria or Canteen","https://www.bayut.eg/en/property/details-503434160.html","2026-04-28 00:00:00","bayut","2026-05-07 22:47:45.423","2026-05-09 18:59:35.230296"
453,"bbfcf8f3b150d0f049176d5900383d64",27500000,"Katameya Gardens Compound, 5th Settlement, New Cairo, Cairo","Standalone villa in Katameya Gardens, with a built-up area of 892 sqm on a land area of 1,000 sqm. Immediate delivery in Katamya gardens","7",7,892,"Villa","Unfurnished","Built in Kitchen Appliances, Covered parking, Pets Allowed, Electricity Meter, Water Meter, Storage Areas, Natural Gas, Landline, Study Room, Total Floors: 4, First Aid Medical Center, Gym or Health Club, Facilities for Disabled, Swimming Pool, Day Care Center, Kids Play Area, Lawn or Garden, Barbeque Area, Cafeteria or Canteen, Shared Kitchen, Laundry Room, Laundry Facility, Maids Room","https://www.bayut.eg/en/property/details-503180680.html","2026-04-26 00:00:00","bayut","2026-05-07 22:47:45.682","2026-05-09 18:59:35.582592"
455,"dbf2d6a3ff8db64ea329f14283c2000c",4108000,"Defaf, R8, New Capital City, Cairo","3-bedroom apartment overlooking the Green River with a monthly installment of 23,000, next to a 5-star hotel and facing the largest Central Park in a","3",3,155,"Apartment","Unfurnished","Gym or Health Club, Swimming Pool, Jacuzzi, Steam Room, Day Care Center, Kids Play Area, Lawn or Garden, Barbeque Area","https://www.bayut.eg/en/property/details-503407038.html","2026-04-22 00:00:00","bayut","2026-05-07 22:47:46.209","2026-05-09 18:59:36.270833"
456,"5ff70093f10c36146e1eddec8dd9623a",65000,"District 5 Compound, 5th Settlement","","3",3,178,"Apartment","Furnished","Balcony, Built in Kitchen Appliances, Private Garden, Central A/C & heating, Security, Covered Parking, Pets Allowed, Pool, Electricity Meter, Water Meter, Natural Gas, Landline","https://www.dubizzle.com.eg/en/ad/luxury-apartment-for-rent-kitchen-air-conditioning-prime-location-in-district-5-fifth-settlement-new-cairo-ID503264333.html","2026-05-09 09:26:28.268","dubizzle","2026-05-09 09:26:28.269","2026-05-09 18:59:36.631653"
457,"ce5c39cd88c8a51d5abc07514dcb1d5a",5750000,"Mountain View iCity Compound, 6th of October","","3",3,155,"Apartment","Unfurnished","Balcony, Security, Covered Parking, Pets Allowed, Electricity Meter, Landline","https://www.dubizzle.com.eg/en/ad/ready-to-move-apartment-for-sale-in-mountain-view-icity-new-cairo-ID503485795.html","2026-05-09 09:26:29.096","dubizzle","2026-05-09 09:26:29.096","2026-05-09 18:59:36.986794"
458,"05aedf5a8de4e53e764a3f31478a6be6",20000000,"City Gate Compound, 5th Settlement","","4",4,256,"Town House","Unfurnished","Balcony, Security, Covered Parking, Pool, Electricity Meter, Landline","https://www.dubizzle.com.eg/en/ad/ready-to-move-twin-house-in-city-gate-new-cairo-prime-location-premium-amenities-ID502972205.html","2026-05-09 09:26:29.324","dubizzle","2026-05-09 09:26:29.324","2026-05-09 18:59:37.328792"
459,"2c275df9840e3d766c9e73c838720c9d",28190000,"Noor City, New Capital City","","4",4,295,"Stand Alone Villa","Unfurnished","","https://www.dubizzle.com.eg/en/ad/detached-villa-for-sale-in-noor-city-at-a-very-special-price-without-finishing-ID503485615.html","2026-05-09 09:26:29.557","dubizzle","2026-05-09 09:26:29.557","2026-05-09 18:59:37.667586"
460,"7ddf2593d2771a6b2bb221c5c2446ec3",6500000,"Park Valley Compound, Sheikh Zayed","","4",3,215,"Stand Alone Villa","Unfurnished","Built in Kitchen Appliances, Security, Covered Parking, Pets Allowed, Pool, Electricity Meter, Water Meter, Natural Gas","https://www.dubizzle.com.eg/en/ad/exclusive-offer-villa-for-sale-at-apartment-price-largest-area-at-the-lowest-price-in-new-sheikh-zayed-with-the-lowest-down-payment-ID501946565.html","2026-05-09 09:26:29.796","dubizzle","2026-05-09 09:26:29.796","2026-05-09 18:59:38.006985"
461,"2b7a937e39e6fff659fed16b906cfc70",8000000,"Park Valley Compound, Sheikh Zayed","","3",3,213,"Stand Alone Villa","","Built in Kitchen Appliances, Private Garden, Security, Covered Parking, Pool","https://www.dubizzle.com.eg/en/ad/own-a-villa-next-to-the-new-city-of-sheikh-zayed-payment-plan-over-13-years-park-valley-new-zayed-compound-ID502882666.html","2026-05-09 09:26:30.027","dubizzle","2026-05-09 09:26:30.027","2026-05-09 18:59:38.345897"
462,"9be6b74992f3598053ddc93755ab9181",8500000,"Sheikh Zayed, Giza","","5",4,208,"Town House","Unfurnished","Private Garden, Pets Allowed, Pool","https://www.dubizzle.com.eg/en/ad/zg-developments-announces-its-new-project-in-sheikh-zayed-townhouse-starting-from-8500000-egp-with-10-down-payment-and-installments-over-8-years-ID503203315.html","2026-05-09 09:26:30.261","dubizzle","2026-05-09 09:26:30.261","2026-05-09 18:59:38.683958"
463,"15afb4fdffa82d80b0ce8bfd325b2f08",6000000,"Obour City, Cairo","","","",85,"Office Space","Unfurnished","Security","https://www.dubizzle.com.eg/en/ad/administrative-and-medical-office-for-sale-in-obour-city-district-9-near-airport-and-carrefour-ultra-super-lux-finishing-ready-to-operate-now-ID503485687.html","2026-05-09 09:26:30.49","dubizzle","2026-05-09 09:26:30.49","2026-05-09 18:59:39.020051"
464,"46ba7c4a84a87784ce6ba5f69c643721",5200000,"Madinaty, Cairo","","2",2,96,"Apartment","Unfurnished","Security, Pool, Natural Gas","https://www.dubizzle.com.eg/en/ad/apartment-for-sale-madinaty-wide-garden-b7-ID503485626.html","2026-05-09 09:26:30.721","dubizzle","2026-05-09 09:26:30.721","2026-05-09 18:59:39.361832"
465,"9f12f17552d00f182a77a3470e2b309b",16280000,"The Wonder MarQ, Mostakbal City","","3",3,175,"Stand Alone Villa","Unfurnished","Private Garden, Covered Parking, Electricity Meter","https://www.dubizzle.com.eg/en/ad/villa-for-sale-at-the-lowest-price-with-a-private-garden-3-bedrooms-prime-location-in-the-wonder-mark-compound-mostakbal-city-ID503480481.html","2026-05-09 09:26:30.953","dubizzle","2026-05-09 09:26:30.953","2026-05-09 18:59:39.699358"
466,"9108cb62b4bc0b82c76c8f5df11e0ba9",25000000,"Rehab City, New Cairo","","3",3,300,"Stand Alone Villa","Unfurnished","Balcony, Private Garden, Covered Parking, Maids Room, Pets Allowed, Pool, Electricity Meter, Water Meter, Natural Gas, Landline","https://www.dubizzle.com.eg/en/ad/standalone-villa-for-sale-in-al-rehab-city-model-i-phase-3-area-buildings-300-square-meters-land-420-square-meters-location-close-to-gate-9-ID503195116.html","2026-05-09 09:26:31.191","dubizzle","2026-05-09 09:26:31.191","2026-05-09 18:59:40.037073"
467,"7db8ad47bc7f441e00be46835c9fe01d",8000,"Rehab City, New Cairo","","4",1,107,"Room","Furnished","Balcony, Central A/C & heating, Security, Electricity Meter, Natural Gas, Landline","https://www.dubizzle.com.eg/en/ad/furnished-room-for-rent-in-a-shared-apartment-in-al-rehab-city-first-phase-next-to-the-administrative-building-banks-the-old-market-ID503007941.html","2026-05-09 09:26:31.426","dubizzle","2026-05-09 09:26:31.426","2026-05-09 18:59:40.381104"
468,"9356596c07b5b3c950f6735ad044081f",55000,"Hyde Park New Cairo Compound, 5th Settlement","","3",3,270,"Duplex","Furnished","Balcony, Built in Kitchen Appliances, Private Garden, Central A/C & heating, Security, Covered Parking, Pets Allowed, Pool, Electricity Meter, Water Meter, Natural Gas, Landline","https://www.dubizzle.com.eg/en/ad/duplex-for-rent-lowest-market-price-first-use-kitchen-air-conditioning-in-hyde-park-fifth-settlement-new-cairo-ID503485824.html","2026-05-09 09:26:31.662","dubizzle","2026-05-09 09:26:31.662","2026-05-09 18:59:40.723627"
469,"85f5e6681e3a8ba9dc7304d2ab492d4d",5300000,"Beit Al Watan, 5th Settlement","","3",2,266,"Apartment","Furnished","","https://www.dubizzle.com.eg/en/ad/%D8%B4%D9%82%D8%A9-%D9%84%D9%84%D8%A8%D9%8A%D8%B9-266%D9%85-%D8%A8%D9%8A%D8%AA-%D8%A7%D9%84%D9%88%D8%B7%D9%86-%D8%A7%D9%84%D8%AA%D8%AC%D9%85%D8%B9-%D8%A7%D9%84%D8%AE%D8%A7%D9%85%D8%B3-%D9%85%D9%86-%D8%A7%D9%84%D9%85%D8%A7%D9%84%D9%83-ID207739397.html","2026-05-09 09:26:31.901","dubizzle","2026-05-09 09:26:31.901","2026-05-09 18:59:41.06387"
470,"011286955baca37ea1dd1d7345c9d7cf",95000000,"Madinaty, Cairo","","5",5,1030,"Stand Alone Villa","Unfurnished","Balcony, Private Garden, Central A/C & heating, Security, Covered Parking, Maids Room, Pets Allowed, Pool, Electricity Meter, Water Meter, Natural Gas, Landline","https://www.dubizzle.com.eg/en/ad/luxury-villa-in-madinaty-ID207889365.html","2026-05-09 09:26:32.16","dubizzle","2026-05-09 09:26:32.16","2026-05-09 18:59:41.417614"
471,"d289c14b9c15aaf685186b96bd8018ae",17000000,"Grand Heights, 6th of October","","5",4,287,"Stand Alone Villa","Unfurnished","Balcony, Built in Kitchen Appliances, Private Garden, Security, Covered Parking, Maids Room, Pets Allowed, Pool, Electricity Meter, Water Meter, Natural Gas, Landline","https://www.dubizzle.com.eg/en/ad/im-selling-my-villa-in-grand-heights-due-to-travel-its-turnkey-and-includes-a-swimming-pool-ID503485818.html","2026-05-09 09:26:32.392","dubizzle","2026-05-09 09:26:32.392","2026-05-09 18:59:41.866067"
472,"7dae4c7898524d3981376b2a2f048467",10000000,"Alamein Towers, Alamein","","3",2,205,"Chalet","Unfurnished","Balcony, Built in Kitchen Appliances, Private Garden, Central A/C & heating, Security, Sea View, Gym, Pool, Electricity Meter, Water Meter, Elevator","https://www.dubizzle.com.eg/en/ad/a-fully-furnished-chalet-with-appliances-and-air-conditioning-ready-for-immediate-occupancy-located-on-the-beach-ID503485820.html","2026-05-09 09:26:32.641","dubizzle","2026-05-09 09:26:32.641","2026-05-09 18:59:42.255199"
474,"c7e4599d32c9b0550955655485a9ae4a",20000000,"The Crown Compound, 6th of October","","5",4,475,"Stand Alone Villa","Unfurnished","Balcony, Built in Kitchen Appliances, Private Garden, Security, Covered Parking, Maids Room, Pets Allowed, Pool, Electricity Meter, Landline","https://www.dubizzle.com.eg/en/ad/i-am-the-owner-and-i-am-selling-my-villa-for-resale-in-the-crown-palm-hills-heart-of-sheikh-zayed-ID503485748.html","2026-05-09 09:26:33.107","dubizzle","2026-05-09 09:26:33.107","2026-05-09 18:59:42.952715"
475,"d8832eb87fc7d7b4a429512757d2c9a7",9000000,"Sukoon, New Zayed","","3",2,250,"Twin House","Unfurnished","Balcony, Private Garden, Security, Covered Parking, Pets Allowed, Pool, Electricity Meter, Natural Gas","https://www.dubizzle.com.eg/en/ad/villa-with-garden-for-sale-in-zayed-at-the-first-phase-price-for-only-900000-egp-with-the-cheapest-monthly-installment-exactly-5-minutes-from-the-d-ID503178485.html","2026-05-09 09:26:33.426","dubizzle","2026-05-09 09:26:33.426","2026-05-09 18:59:43.313265"
476,"851124d11816a25d9ead2a9652935410",5500000,"LA Joie Havre, New Zayed","","3",2,160,"Stand Alone Villa","Unfurnished","Balcony, Security, Covered Parking, Pets Allowed, Pool, Electricity Meter, Water Meter, Natural Gas","https://www.dubizzle.com.eg/en/ad/cheapest-villa-for-sale-in-zayed-with-a-down-payment-of-550000-160m2-93m2-roof-at-the-lowest-price-and-lowest-monthly-installment-ID503261755.html","2026-05-09 09:26:33.714","dubizzle","2026-05-09 09:26:33.714","2026-05-09 18:59:43.663272"
477,"cbb9bfd4a4c7ae0ffcec107978390025",2700000,"Nakheel, Shorouk City","","1",1,77,"Studio","Unfurnished","Balcony, Security, Covered Parking, Pets Allowed, Pool, Electricity Meter, Water Meter, Natural Gas","https://www.dubizzle.com.eg/en/ad/studio-apartment-for-sale-in-the-first-phase-of-the-compound-next-to-the-british-university-with-a-down-payment-of-only-135000-egp-directly-opposi-ID503255868.html","2026-05-09 09:26:33.945","dubizzle","2026-05-09 09:26:33.945","2026-05-09 18:59:44.025661"
478,"aca3a355c2ae79d1b48c2b2084605b26",12900000,"Dose, North Coast","","2",2,88,"Chalet","Unfurnished","Balcony, Security, Sea View, Gym, Pool, Electricity Meter, Water Meter","https://www.dubizzle.com.eg/en/ad/chalet-on-the-coast-with-a-30-discount-88m2-super-deluxe-finishing-with-air-conditioning-for-sale-in-installments-with-the-cheapest-monthly-paymen-ID503464267.html","2026-05-09 09:26:34.178","dubizzle","2026-05-09 09:26:34.178","2026-05-09 18:59:44.365906"
479,"5b22ae2713cabbe091dcad3cea22791d",6500000,"Sidi Heneish, North Coast","","1",1,64,"Chalet","Unfurnished","Balcony, Security, Sea View, Gym, Pool, Electricity Meter, Water Meter","https://www.dubizzle.com.eg/en/ad/the-cheapest-fully-finished-studio-with-a-private-garden-for-sale-on-the-north-coast-with-a-down-payment-of-only-650000-and-the-cheapest-monthly-ins-ID503332572.html","2026-05-09 09:26:34.412","dubizzle","2026-05-09 09:26:34.413","2026-05-09 18:59:44.730484"
480,"314134075720a7f91d34c72c3a63b19f",1390000,"Faisal, Giza","","3",2,140,"Apartment","Unfurnished","Balcony, Electricity Meter, Natural Gas, Elevator","https://www.dubizzle.com.eg/en/ad/%D8%B4%D9%82%D9%87-%D8%A7%D9%84%D8%AA%D8%B1%D8%A7-%D9%84%D9%88%D9%83%D8%B3-3-%D8%BA%D8%B1%D9%81-2-%D8%AD%D9%85%D8%A7%D9%85-%D8%AC%D8%A7%D9%86%D8%A8%D9%8A-%D9%85%D9%86-%D8%B4-%D9%83%D9%81%D8%B1-%D8%B7%D9%87%D8%B1%D9%85%D8%B3-%D8%A7%D9%84%D8%B9%D9%85%D9%88%D9%85%D9%8A-ID206427080.html","2026-05-09 09:26:34.698","dubizzle","2026-05-09 09:26:34.698","2026-05-09 18:59:45.071699"
481,"58ae1daa5a1aa90fd1eeb29755aa1997",20000,"Zahraa Al Maadi, Cairo","","2",1,105,"Apartment","Furnished","Balcony, Built in Kitchen Appliances, Private Garden, Security, Electricity Meter, Natural Gas, Landline, Elevator","https://www.dubizzle.com.eg/en/ad/furnished-apartment-for-rent-in-beach-american-zahraa-el-maadi-ID503485834.html","2026-05-09 09:26:34.938","dubizzle","2026-05-09 09:26:34.938","2026-05-09 18:59:45.425974"
482,"eea5a882468a9600fb059c9310183bbb",4500000,"Sheraton, Cairo","","3",1,110,"Apartment","Furnished","Security, Electricity Meter, Water Meter, Natural Gas, Landline","https://www.dubizzle.com.eg/en/ad/apartment-for-sale-at-the-best-price-facade-elevator-next-to-radisson-blu-hotel-sheraton-ID503485831.html","2026-05-09 09:26:35.182","dubizzle","2026-05-09 09:26:35.182","2026-05-09 18:59:45.84839"
483,"b2af7062f0bde089c53fc660c217aa8e",25000,"El Mearag City, Zahraa Al Maadi","","3",2,160,"Apartment","Furnished","Balcony, Built in Kitchen Appliances, Private Garden, Security, Pets Allowed, Electricity Meter, Water Meter, Landline, Elevator","https://www.dubizzle.com.eg/en/ad/furnished-apartment-for-rent-in-merag-elelwy-ID502740787.html","2026-05-09 09:26:35.432","dubizzle","2026-05-09 09:26:35.432","2026-05-09 18:59:46.548738"
484,"27ce9ea1324463abe461234d29ca0204",28000000,"Villette Compound, 5th Settlement","","3",4,298,"Duplex","Unfurnished","Balcony, Built in Kitchen Appliances, Private Garden, Central A/C & heating, Security, Covered Parking, Maids Room, Pets Allowed, Electricity Meter, Water Meter, Natural Gas, Landline","https://www.dubizzle.com.eg/en/ad/outer-duplex-for-sale-with-garden-and-4-bathrooms-ID503485829.html","2026-05-09 09:26:35.665","dubizzle","2026-05-09 09:26:35.665","2026-05-09 18:59:46.889156"
485,"df72f44c99f386996f45dfce24f08147",25000,"Sheraton, Cairo","","4",2,125,"Apartment","Furnished","Security, Electricity Meter, Water Meter, Natural Gas, Landline","https://www.dubizzle.com.eg/en/ad/furnished-apartment-for-rent-at-the-best-price-spacious-area-elevator-facade-sheraton-egypt-for-construction-ID503485828.html","2026-05-09 09:26:35.908","dubizzle","2026-05-09 09:26:35.908","2026-05-09 18:59:47.226512"
486,"f42bbcc0f6d92057013fa837b12a9a7b",6000000,"Sheraton, Cairo","","3",2,175,"Apartment","Furnished","Security, Electricity Meter, Water Meter, Natural Gas, Landline","https://www.dubizzle.com.eg/en/ad/apartment-for-sale-at-the-best-price-elevator-super-lux-sheraton-square-of-ministers-ID503485827.html","2026-05-09 09:26:36.147","dubizzle","2026-05-09 09:26:36.147","2026-05-09 18:59:47.565651"
487,"5c129a04de9141a485bba3d1e7957c6c",4000000,"Mokattam, Cairo","","3",2,165,"Apartment","Unfurnished","","https://www.dubizzle.com.eg/en/ad/%D8%B4%D9%82%D8%A9-160%D9%85-%D8%A8%D8%A7%D9%84%D9%85%D9%82%D8%B7%D9%85-%D9%84%D9%84%D8%A8%D9%8A%D8%B9-%D8%A3%D9%88-%D8%A7%D9%84%D8%A8%D8%AF%D9%84-%D8%A8%D8%B2%D9%87%D8%B1%D8%A7%D8%A1-%D8%A7%D9%84%D9%85%D8%B9%D8%A7%D8%AF%D9%8A-ID207889505.html","2026-05-09 09:26:36.379","dubizzle","2026-05-09 09:26:36.379","2026-05-09 18:59:47.90565"
488,"730562cc10530ec971c76c9a52fd2c36",12980000,"Gaia, Ras Al Hekma","","4",4,180,"Duplex","Unfurnished","Private Garden, Security, Pets Allowed, Pool","https://www.dubizzle.com.eg/en/ad/duplex-with-garden-for-sale-in-gaia-ras-el-hekma-north-coast-sea-view-ID503485826.html","2026-05-09 09:26:36.612","dubizzle","2026-05-09 09:26:36.612","2026-05-09 18:59:48.246819"
489,"25bff829836c7b88f0b4613724c7aa63",140000,"Madinaty, Cairo","","3",4,1000,"Stand Alone Villa","Furnished","Balcony, Built in Kitchen Appliances, Private Garden, Central A/C & heating, Security, Covered Parking, Maids Room, Pets Allowed, Electricity Meter, Water Meter, Natural Gas, Landline","https://www.dubizzle.com.eg/en/ad/direct-owner-luxury-villa-in-madinaty-golf-view-ID503485825.html","2026-05-09 09:26:36.851","dubizzle","2026-05-09 09:26:36.851","2026-05-09 18:59:48.586906"
490,"f4e136df9564d655058a5861bc6cd18a",10500,"Gesr Al Suez, Cairo","","3",2,200,"Apartment","Unfurnished","Balcony, Electricity Meter, Water Meter, Landline, Elevator","https://www.dubizzle.com.eg/en/ad/%D9%84%D9%84%D8%B9%D8%A7%D8%A6%D9%84%D8%A7%D8%AA-%D9%88%D8%A7%D9%84%D9%85%D9%83%D8%A7%D8%AA%D8%A8-%D8%A8%D9%85%D8%B3%D8%A7%D8%AD%D8%A9-%D9%A2%D9%A0%D9%A0%D9%85-%D9%81%D9%8A-%D9%85%D9%88%D9%82%D8%B9-%D9%85%D8%AA%D9%85%D9%8A%D8%B2-%D8%A3%D9%85%D8%A7%D9%85-%D9%86%D8%A7%D8%AF%D9%8A-%D8%A7%D9%84%D8%B4%D9%85%D8%B3-ID190735723.html","2026-05-09 09:26:37.087","dubizzle","2026-05-09 09:26:37.087","2026-05-09 18:59:48.929839"
1309,"ee960f3c837ef2074ae9fa60165531d7",4342343,"Lumia Lagoons, New Capital City","","3",2,148,"Apartment","Unfurnished","","https://www.dubizzle.com.eg/en/ad/live-the-maldives-experience-everyday-in-the-heart-of-the-new-capital-ID503483050.html","2026-05-09 13:56:02.006","dubizzle","2026-05-09 13:56:02.006","2026-05-09 20:34:14.277238"
491,"078b977f5ee01b5e3e0ecb40a62712d0",7920000,"Mountain View iCity Compound, 5th Settlement","","3",3,150,"Apartment","Unfurnished","Balcony, Private Garden, Security, Covered Parking, Pets Allowed, Pool, Electricity Meter, Water Meter, Natural Gas, Landline","https://www.dubizzle.com.eg/en/ad/resale-apartment-for-sale-in-mountain-view-icity-new-cairo-north-park-inside-mv-park-prime-north-facing-location-150-sqm-ID503485823.html","2026-05-09 09:26:37.438","dubizzle","2026-05-09 09:26:37.438","2026-05-09 18:59:49.269659"
492,"e8a7d99cbb5ecd11fbdf51f7ad6fb4b0",27500000,"Gaia, Ras Al Hekma","","4",5,245,"Twin House","Furnished","Built in Kitchen Appliances, Private Garden, Security, Covered Parking, Pets Allowed, Pool, Electricity Meter, Water Meter","https://www.dubizzle.com.eg/en/ad/twin-house-for-sale-in-gaia-ras-el-hekma-panoramic-sea-view-fully-finished-and-furnished-brand-new-ID503442206.html","2026-05-09 09:26:37.684","dubizzle","2026-05-09 09:26:37.684","2026-05-09 18:59:49.624262"
493,"2237cc5a3657797119bf403aeaa471d0",25000,"New Cairo, Cairo","","","",75,"Restaurant & Cafe","Unfurnished","Covered Parking, Security","https://www.dubizzle.com.eg/en/ad/%D8%B7%D8%B1%D8%AD-%D9%85%D8%AD%D9%84-%D8%AA%D8%AC%D8%A7%D8%B1%D9%8A-%D9%84%D9%84%D8%A7%D9%8A%D8%AC%D8%A7%D8%B1-%D9%81%D9%8A-%D8%A7%D9%85%D9%8A%D8%B2-%D9%84%D9%88%D9%83%D9%8A%D8%B4%D9%8A%D9%86-%D9%81%D9%8A-%D8%A7%D9%84%D8%B9%D8%A7%D8%B4%D8%B1-%D9%85%D9%86-%D8%B1%D9%85%D8%B6%D8%A7%D9%86-ID207880659.html","2026-05-09 09:26:38.255","dubizzle","2026-05-09 09:26:38.255","2026-05-09 18:59:49.968167"
494,"855cf5de2baace62056f7037bf52cb6f",2550000,"2nd District, 6th of October","","3",1,120,"Apartment","Furnished","","https://www.dubizzle.com.eg/en/ad/%D8%B4%D9%82%D8%A9-%D9%84%D9%84%D8%A8%D9%8A%D8%B9-%D8%A7%D9%84%D8%AD%D9%8A-%D8%A7%D9%84%D8%AA%D8%A3%D9%86%D9%8A-%D9%A6-%D8%A7%D9%83%D8%AA%D9%88%D8%A8%D8%B1-%D8%A7%D9%84%D8%AD%D8%B5%D8%B1%D9%8A-6-october-city-ID203697370.html","2026-05-09 09:26:38.504","dubizzle","2026-05-09 09:26:38.505","2026-05-09 18:59:50.314813"
495,"e5e1d604a2acedbb3057f16fe3922d88",24500000,"EL Patio 5, Shorouk City","","4",4,299,"Twin House","Unfurnished","Balcony, Private Garden, Security, Maids Room, Pool","https://www.dubizzle.com.eg/en/ad/a-twin-villa-at-elpatio-5-esat-ID207450851.html","2026-05-09 09:26:38.834","dubizzle","2026-05-09 09:26:38.834","2026-05-09 18:59:50.659972"
496,"a2421f76bf36b7554c391b05c99c5c6a",5550000,"Degla Gardens, Hadayek October","","","",56,"Retail","Unfurnished","","https://www.dubizzle.com.eg/en/ad/commercial-store-in-dajla-mall-delivery-finished-ID503484102.html","2026-05-09 09:26:39.106","dubizzle","2026-05-09 09:26:39.106","2026-05-09 18:59:51.003288"
497,"6191788006a5858bf3eaa68665f805cd",25000,"Rehab City, New Cairo","","3",3,168,"Apartment","Unfurnished","","https://www.dubizzle.com.eg/en/ad/an-apartment-168m-2nd-floor-for-rent-in-rehab-ID503485760.html","2026-05-09 09:26:39.363","dubizzle","2026-05-09 09:26:39.363","2026-05-09 18:59:51.341943"
498,"3fdb6a7e8134e6e4ff3fc3a32b7be62a",4200000,"Mountain View Ras Al Hekma, Ras Al Hekma","","2",2,86,"Chalet","Unfurnished","Built in Kitchen Appliances, Private Garden, Security, Gym, Pool, Water Meter","https://www.dubizzle.com.eg/en/ad/1st-row-sea-dp-50-off-with-8yr-plan-next-mountain-view-ras-al-hekma-strategic-location-near-modon-emirates-fouka-bay-june-cali-coast-ID503485676.html","2026-05-09 09:26:39.705","dubizzle","2026-05-09 09:26:39.705","2026-05-09 18:59:51.692159"
499,"48ac507d39a4d2094b7b2eea0825d8a6",8900000,"Madinaty, Cairo","","3",3,175,"Apartment","Unfurnished","Balcony, Built in Kitchen Appliances, Private Garden, Security, Pets Allowed, Pool, Electricity Meter, Water Meter, Natural Gas, Landline, Elevator","https://www.dubizzle.com.eg/en/ad/apartment-for-sale-cash-175-sqm-in-b1-ID503480761.html","2026-05-09 09:26:39.968","dubizzle","2026-05-09 09:26:39.968","2026-05-09 18:59:52.200077"
500,"58bef9862b33400bf7d63d1fa4018fc5",9105000,"Lasirena Palm Beach, Ain Sukhna","","2",2,115,"Chalet","Unfurnished","Balcony, Security, Sea View, Gym, Pool, Electricity Meter, Water Meter","https://www.dubizzle.com.eg/en/ad/cheapest-price-chalet-115m2-with-private-roof-ready-for-viewing-and-immediate-occupancy-for-sale-in-ain-sokhna-with-a-10-down-payment-and-the-cheap-ID503427004.html","2026-05-09 09:26:40.287","dubizzle","2026-05-09 09:26:40.287","2026-05-09 18:59:52.53926"
501,"652b3c6b8e1f745df9d9005bb4b8bbc8",2600000,"Beit Al Watan, 5th Settlement","","3",3,160,"Apartment","Unfurnished","Balcony, Electricity Meter, Elevator","https://www.dubizzle.com.eg/en/ad/apartment-for-sale-160-sqm-in-beit-el-watan-ID503485839.html","2026-05-09 09:34:33.008","dubizzle","2026-05-09 09:34:33.008","2026-05-09 18:59:52.879312"
502,"bab5011f40c6f154839c29d0cc4373b2",20000,"Arena Mall, Shorouk City","","3",2,250,"Apartment","Unfurnished","Balcony, Pets Allowed, Electricity Meter, Water Meter, Natural Gas, Landline","https://www.dubizzle.com.eg/en/ad/%D8%B4%D9%82%D8%A9-%D8%A8%D9%85%D9%88%D8%A7%D8%B5%D9%81%D8%A7%D8%AA-%D8%AE%D8%A7%D8%B5%D8%A9-%D9%82%D8%B1%D9%8A%D8%A8%D8%A9-%D9%85%D9%86-%D8%A7%D9%84%D8%AC%D8%A7%D9%85%D8%B9%D8%A9-%D8%A7%D9%84%D8%A8%D8%B1%D8%B7%D8%A7%D9%86%D9%8A%D8%A9-ID207858644.html","2026-05-09 09:34:33.843","dubizzle","2026-05-09 09:34:33.843","2026-05-09 18:59:53.218171"
503,"dc14c1207db2bb426f059ccb03cecabc",6500000,"Bavaria Town, Zahraa Al Maadi","","3",2,220,"Apartment","Unfurnished","Landline","https://www.dubizzle.com.eg/en/ad/for-sale-a-220m-ultra-luxurious-apartment-in-bavaria-town-compound-next-to-modern-academy-on-maadi-ring-road-fully-paid-for-and-maintenance-ID503485842.html","2026-05-09 09:34:34.111","dubizzle","2026-05-09 09:34:34.111","2026-05-09 18:59:53.56156"
504,"08405fcb2c573a510f077797b5ee0050",7600000,"Stone Park Compound, Katameya","","2",2,90,"Apartment","Unfurnished","Balcony, Built in Kitchen Appliances, Private Garden, Central A/C & heating, Security, Covered Parking, Pets Allowed, Electricity Meter, Water Meter, Natural Gas, Landline","https://www.dubizzle.com.eg/en/ad/affordable-luxury-apartment-in-stone-park-compound-ID503485841.html","2026-05-09 09:34:34.386","dubizzle","2026-05-09 09:34:34.386","2026-05-09 18:59:53.903213"
505,"12bf6df999aae2a9fcea6e070e9747ca",20000,"One Katameya, Katameya","","3",3,160,"Apartment","Unfurnished","Balcony, Private Garden, Security, Pets Allowed, Pool, Electricity Meter, Water Meter, Landline, Elevator","https://www.dubizzle.com.eg/en/ad/new-apartment-for-rent-in-one-katameya-compound-by-memaar-al-morshedy-ID503424601.html","2026-05-09 09:34:34.612","dubizzle","2026-05-09 09:34:34.612","2026-05-09 18:59:54.241887"
506,"cf76a736794dc4d793df0c953256d97b",98000,"Eastown Compound, 5th Settlement","","3",3,235,"Duplex","Unfurnished","Balcony, Private Garden, Central A/C & heating, Security, Covered Parking, Maids Room, Pets Allowed, Pool, Electricity Meter, Water Meter, Natural Gas, Landline","https://www.dubizzle.com.eg/en/ad/duplex-for-rent-in-eastown-prime-location-with-spacious-layout-and-nanny-room-ID503370765.html","2026-05-09 09:34:34.847","dubizzle","2026-05-09 09:34:34.847","2026-05-09 18:59:54.582651"
507,"4225a04843ce51d1955a4d295d96bb27",77000,"Lake view Residence Compound, 5th Settlement","","3",2,215,"Apartment","Unfurnished","Balcony, Built in Kitchen Appliances, Private Garden, Central A/C & heating, Security, Covered Parking, Maids Room, Pets Allowed, Pool, Electricity Meter, Water Meter, Natural Gas, Landline","https://www.dubizzle.com.eg/en/ad/apartment-for-rent-in-lake-view-lake-view-and-modern-design-ID503287838.html","2026-05-09 09:34:35.077","dubizzle","2026-05-09 09:34:35.077","2026-05-09 18:59:54.921463"
508,"6ac7b5529a251800f0ba3f59edc55882",135000,"Mivida Compound, 5th Settlement","","4",4,280,"Town House","Furnished","Balcony, Built in Kitchen Appliances, Private Garden, Central A/C & heating, Security, Covered Parking, Maids Room, Pets Allowed, Pool, Electricity Meter, Water Meter, Natural Gas, Landline","https://www.dubizzle.com.eg/en/ad/premium-middle-unit-townhouse-for-rent-in-mivida-ultra-super-lux-finish-with-fully-furnished-interiors-ID503270784.html","2026-05-09 09:34:35.307","dubizzle","2026-05-09 09:34:35.307","2026-05-09 18:59:55.264705"
509,"de0791558f3a8ad56c0950f2f01a161c",75000,"Cairo Festival City, 5th Settlement","","3",3,190,"Apartment","Unfurnished","Balcony, Built in Kitchen Appliances, Private Garden, Central A/C & heating, Security, Covered Parking, Maids Room, Pets Allowed, Pool, Electricity Meter, Water Meter, Natural Gas, Landline","https://www.dubizzle.com.eg/en/ad/luxury-190-sqm-apartment-for-rent-in-cfc-ultra-super-lux-finishing-at-an-attractive-price-ID503254882.html","2026-05-09 09:34:35.535","dubizzle","2026-05-09 09:34:35.535","2026-05-09 18:59:55.604991"
510,"c809d8164f9132e2d33f879b8649e2fd",170000,"Lake view Residence Compound, 5th Settlement","","4",5,350,"Penthouse","Furnished","Balcony, Built in Kitchen Appliances, Private Garden, Central A/C & heating, Security, Covered Parking, Maids Room, Pets Allowed, Pool, Electricity Meter, Water Meter, Natural Gas, Landline","https://www.dubizzle.com.eg/en/ad/exceptional-penthouse-with-spacious-layout-and-private-roof-pool-ID503232966.html","2026-05-09 09:34:35.782","dubizzle","2026-05-09 09:34:35.782","2026-05-09 18:59:55.942317"
511,"a65b655334fabe9b2fc32920105050d9",25000,"Nerko Al Maadi, Maadi","","2",2,130,"Apartment","Furnished","Security, Landline","https://www.dubizzle.com.eg/en/ad/furnished-apartment-for-rent-in-upscale-housing-in-a-prime-location-in-nirko-zahra-al-maadi-after-hasab-allah-al-kafrawi-bridge-near-the-satellite-and-close-to-the-nile-and-all-services-ID503485832.html","2026-05-09 09:34:36.026","dubizzle","2026-05-09 09:34:36.026","2026-05-09 18:59:56.282825"
512,"f37c84522f4309ffe98ea7f13f5e226e",23000,"6th Sector, Zahraa Al Maadi","","3",1,140,"Apartment","Furnished","Security, Natural Gas, Landline","https://www.dubizzle.com.eg/en/ad/furnished-apartment-for-rent-for-upscale-living-in-a-prime-location-in-zahraa-el-maadi-sixth-sector-close-to-all-services-and-near-the-fifty-mall-and-hasab-allah-el-kafrawy-bridge-ID503485838.html","2026-05-09 09:34:36.272","dubizzle","2026-05-09 09:34:36.272","2026-05-09 18:59:56.619557"
513,"3b8ec749336d28d5143f9fa93c381788",750000,"Ain Shams, Cairo","","3",1,80,"Apartment","Unfurnished","Balcony, Electricity Meter, Water Meter, Natural Gas, Elevator","https://www.dubizzle.com.eg/en/ad/%D8%B4%D9%82%D8%A9-%D9%84%D9%84%D8%A8%D9%8A%D8%B9-%D8%A8%D8%B9%D9%8A%D9%86-%D8%B4%D9%85%D8%B3-ID207872451.html","2026-05-09 09:34:36.504","dubizzle","2026-05-09 09:34:36.504","2026-05-09 18:59:56.959438"
514,"e587a3f443b8079e8de19d87aa5f733f",28000,"El Mearag City, Zahraa Al Maadi","","3",2,180,"Apartment","Furnished","Balcony, Built in Kitchen Appliances, Private Garden, Security, Electricity Meter, Water Meter, Landline, Elevator","https://www.dubizzle.com.eg/en/ad/furnished-apartment-for-rent-in-al-maaraj-zahraa-al-maadi-ID503485837.html","2026-05-09 09:34:36.753","dubizzle","2026-05-09 09:34:36.754","2026-05-09 18:59:57.299248"
515,"dd960b1488a26d61ab74a952b3e756da",3250000,"Al Namees St., Asyut City","","4",2,205,"Apartment","Unfurnished","Elevator","https://www.dubizzle.com.eg/en/ad/%D8%A8%D8%B1%D8%AC-%D8%A7%D9%84%D8%B3%D9%84%D8%A7%D9%85-ID207872441.html","2026-05-09 09:34:37.019","dubizzle","2026-05-09 09:34:37.019","2026-05-09 18:59:57.637392"
516,"08a888554af0e7a686e5a07eb371496d",9000000,"Heliopolis Residence, Shorouk City","","3",2,217,"Apartment","Furnished","Built in Kitchen Appliances, Central A/C & heating, Security, Covered Parking, Electricity Meter, Water Meter, Natural Gas, Landline, Elevator","https://www.dubizzle.com.eg/en/ad/%D8%B4%D9%82%D8%A9-%D9%A2%D9%A1%D9%A7%D9%85-%D9%81%D8%A7%D8%AE%D8%B1%D8%A9-%D9%84%D9%84%D8%A8%D9%8A%D8%B9-%D9%85%D9%86-%D8%A7%D9%84%D9%85%D9%84%D9%83-%D8%A7%D9%85%D8%A7%D9%85-%D9%86%D8%A7%D8%AF%D9%8A-%D9%87%D9%84%D9%8A%D9%88%D8%A8%D9%88%D9%84%D9%8A%D8%B3-%D8%A7%D9%84%D8%B4%D8%B1%D9%88%D9%82-ID205536486.html","2026-05-09 09:34:37.279","dubizzle","2026-05-09 09:34:37.279","2026-05-09 18:59:57.981927"
1033,"8d495daf4b6cf26468cdbbba95e55f00",10000000,"Mountain View iCity Compound, 5th Settlement","","4",3,280,"Stand Alone Villa","Unfurnished","Built in Kitchen Appliances, Private Garden, Covered Parking, Pets Allowed, Electricity Meter, Water Meter, Landline","https://www.dubizzle.com.eg/en/ad/immediate-delivery-a-280m2-villa-213m2-garden-for-sale-in-fifth-settlement-next-to-shorouk-city-ID503426148.html","2026-05-09 10:05:30.954","dubizzle","2026-05-09 10:05:30.954","2026-05-09 20:32:23.552739"
1034,"95c761c31a172c62e4c99060f6c99601",5000000,"Stoda Residence, Sheraton","","2",1,110,"Apartment","Unfurnished","Balcony, Built in Kitchen Appliances, Private Garden, Central A/C & heating, Security, Covered Parking, Pets Allowed, Pool, Electricity Meter, Water Meter, Natural Gas, Landline","https://www.dubizzle.com.eg/en/ad/immediate-delivery-finished-ground-floor-apartment-with-garden-for-sale-in-sheraton-near-nasr-road-al-saqaa-street-and-lotfia-al-nadi-axis-ID503419823.html","2026-05-09 10:05:31.742","dubizzle","2026-05-09 10:05:31.742","2026-05-09 20:32:23.919664"
1035,"8a5b4235824d55740f7b277496c65723",4550000,"Al Burouj, Shorouk City","","3",2,226,"Apartment","Unfurnished","Balcony, Built in Kitchen Appliances, Private Garden, Central A/C & heating, Security, Covered Parking, Maids Room, Pets Allowed, Pool, Electricity Meter, Water Meter, Natural Gas, Landline","https://www.dubizzle.com.eg/en/ad/immediate-delivery-finished-apartment-for-sale-226-square-meters-3-bedrooms-in-new-cairo-on-the-ismailia-desert-road-10-minutes-to-mostakbal-and-ID503382709.html","2026-05-09 10:05:31.991","dubizzle","2026-05-09 10:05:31.991","2026-05-09 20:32:24.301759"
1036,"822da60d53c1171d9ccef2941cb5c116",35000,"6th of October, Giza","","","",250,"Other","Unfurnished","Security","https://www.dubizzle.com.eg/en/ad/%D9%84%D9%84%D8%A7%D9%8A%D8%AC%D8%A7%D8%B1275-%D9%85%D8%AA%D8%B1-%D8%AA%D8%B5%D9%84%D8%AD-%D9%84%D9%83%D8%A7%D9%81%D8%A9%D8%A7%D9%84%D8%A7%D9%86%D8%B4%D8%B7%D9%87-%D8%A7%D8%AF%D8%A7%D8%B1%D9%89-%D8%AA%D8%AC%D8%A7%D8%B1%D9%8A-%D8%A7%D9%84%D8%AD%D8%B5%D8%B1%D9%89-%D8%A7%D9%83%D8%AA%D9%88%D8%A8%D8%B1-ID202024166.html","2026-05-09 10:05:32.232","dubizzle","2026-05-09 10:05:32.232","2026-05-09 20:32:24.661403"
1037,"459a59ee7c8e6d1c21c9840152d75609",55000,"Giza District, Giza","","","",750,"Full Commercial Building","Unfurnished","Covered Parking, Security, Storage","https://www.dubizzle.com.eg/en/ad/750-square-meters-for-rent-in-a-commercial-mall-near-al-hosary-square-in-october-suitable-for-all-activities-exhibition-furniture-or-educational-center-or-gym-or-restaurant-or-hospital-ID502922419.html","2026-05-09 10:05:32.477","dubizzle","2026-05-09 10:05:32.477","2026-05-09 20:32:25.021983"
1038,"dc5affed9d08fdbae2b5db99c1d93e08",23000,"Asafra, Alexandria","","3",2,140,"Apartment","Furnished","Balcony, Security","https://www.dubizzle.com.eg/en/ad/furnished-apartment-for-rent-reception-with-direct-sea-view-ID503485848.html","2026-05-09 10:05:32.722","dubizzle","2026-05-09 10:05:32.722","2026-05-09 20:32:25.391878"
1039,"54730bff8b9950f06f466a6c340900ee",7000,"Sayed Abou Al Naga Lane, Ain Shams","","2",1,125,"Apartment","Unfurnished","Elevator","https://www.dubizzle.com.eg/en/ad/%D8%B4%D9%82%D9%87-%D8%A7%D9%8A%D8%AC%D8%A7%D8%B1-%D9%81%D9%8A-%D8%B4%D8%A7%D8%B1%D8%B9-%D8%B3%D9%8A%D8%AF-%D8%A7%D8%A8%D9%88-%D8%A7%D9%84%D9%86%D8%AC%D8%A7-%D8%AC%D8%B3%D8%B1-%D8%A7%D9%84%D8%B3%D9%88%D9%8A%D8%B3-ID207856392.html","2026-05-09 10:05:32.962","dubizzle","2026-05-09 10:05:32.962","2026-05-09 20:32:25.773902"
1040,"0aa71711e7a4dbb7af86549dda791a53",12708000,"Talala, New Heliopolis","","5",3,246,"Stand Alone Villa","","Balcony, Private Garden, Covered Parking, Pets Allowed, Pool, Electricity Meter, Water Meter, Natural Gas, Landline","https://www.dubizzle.com.eg/en/ad/fully-finished-villa-246m-for-sale-at-talala-compound-new-heliopolis-ID503342454.html","2026-05-09 10:05:33.215","dubizzle","2026-05-09 10:05:33.215","2026-05-09 20:32:26.141697"
1041,"0b338ddd1dd0c5c62a86575bfbfbac22",7260000,"Stoda Residence, Sheraton","","3",2,153,"Apartment","","Balcony, Private Garden, Security, Covered Parking, Pets Allowed, Pool, Electricity Meter, Water Meter, Natural Gas, Landline, Elevator","https://www.dubizzle.com.eg/en/ad/apartment-for-sale-in-stoda-sheraton-compound-immediate-delivery-ID503340113.html","2026-05-09 10:05:33.473","dubizzle","2026-05-09 10:05:33.473","2026-05-09 20:32:26.514242"
1043,"5f4942b82142c6761272e5185f743fa9",12000000,"Masaya, Sidi Abdel Rahman","","3",3,156,"Chalet","Unfurnished","Balcony, Security, Pool","https://www.dubizzle.com.eg/en/ad/%D8%B4%D8%A7%D9%84%D9%8A%D9%87-%D9%84%D9%84%D8%A8%D9%8A%D8%B9-%D9%81%D9%8A%D9%88-%D8%B9%D9%84%D9%8A-%D8%A7%D9%84%D9%84%D8%A7%D8%AC%D9%88%D9%86-%D9%85%D8%B3%D8%A7%D9%8A%D8%A7-%D8%A7%D9%84%D8%B3%D8%A7%D8%AD%D9%84-%D8%A7%D9%84%D8%B4%D9%85%D8%A7%D9%84%D9%8A-masaya-north-coast-ID204024114.html","2026-05-09 10:05:33.949","dubizzle","2026-05-09 10:05:33.949","2026-05-09 20:32:27.271979"
1044,"2c71621ce0486e304572edc92b797410",25000,"Al Mostathmir El Saghir, Sheikh Zayed","","3",1,170,"Apartment","Furnished","Built in Kitchen Appliances, Security, Electricity Meter","https://www.dubizzle.com.eg/en/ad/for-the-quick-rental-of-a-furnished-apartment-in-the-small-investor-area-eighth-district-sheikh-zayed-newly-finished-fully-furnished-and-air-conditioned-with-a-distinctive-view-third-floor-with-an-elevator-for-families-only-ID503485847.html","2026-05-09 10:05:34.195","dubizzle","2026-05-09 10:05:34.195","2026-05-09 20:32:27.642163"
1045,"aa1e42dd1e78caa1ccd3080a8d2ea547",12606000,"Valore El-Thawra, Heliopolis","","3",2,178,"Hotel Apartment","","","https://www.dubizzle.com.eg/en/ad/hotel-apartment-for-sale-in-valore-elthawra-helipolis-ID503236336.html","2026-05-09 10:05:34.429","dubizzle","2026-05-09 10:05:34.429","2026-05-09 20:32:28.012032"
1046,"b7a15f13f234ebeb2f19517ac896f3be",6000000,"Sheraton, Cairo","","2",2,103,"Apartment","Unfurnished","Balcony, Security, Covered Parking, Pets Allowed, Electricity Meter, Water Meter, Landline","https://www.dubizzle.com.eg/en/ad/apartment-for-sale-sheraton-ready-to-move-almaza-avenue-compound-ID503232382.html","2026-05-09 10:05:34.662","dubizzle","2026-05-09 10:05:34.662","2026-05-09 20:32:28.382047"
1047,"7e919cee4829cd078bb924de12ec1dfc",18000,"2nd Sector, Zahraa Al Maadi","","2",1,120,"Apartment","Furnished","Security, Natural Gas, Landline","https://www.dubizzle.com.eg/en/ad/furnished-apartment-for-rent-for-upscale-living-in-a-prime-location-in-zahraa-al-maadi-second-district-near-all-services-transportation-a-school-complex-and-wadi-degla-club-ID503485844.html","2026-05-09 10:05:34.898","dubizzle","2026-05-09 10:05:34.898","2026-05-09 20:32:28.751761"
1048,"cc3cd49a7328c3e63f899154f71adefc",2600000,"Zahraa Madinat Nasr, Nasr City","","3",2,160,"Apartment","Unfurnished","Balcony, Electricity Meter, Water Meter, Natural Gas, Landline, Elevator","https://www.dubizzle.com.eg/en/ad/%D8%B4%D9%82%D9%87-%D9%85%D9%85%D9%8A%D8%B2%D8%A9-%D9%84%D9%84%D8%A8%D9%8A%D8%B9-%D8%A8%D8%B3%D8%B9%D8%B1-%D9%85%D8%BA%D8%B1%D9%89-%D8%AA%D8%B7%D9%84-%D8%B9%D9%84%D9%89-%D8%A7%D9%84%D9%85%D9%8A%D8%AB%D8%A7%D9%82-%D8%A7%D9%84%D8%B1%D8%A6%D9%8A%D8%B3%D9%89-ID207819664.html","2026-05-09 10:05:35.129","dubizzle","2026-05-09 10:05:35.129","2026-05-09 20:32:29.112237"
1049,"27b1117a0c0f74daeb2b3cbb75ece431",8500000,"Naia Bay, Ras Al Hekma","","1",1,65,"Chalet","Unfurnished","Balcony, Built in Kitchen Appliances, Private Garden, Security, Sea View, Gym, Pool, Electricity Meter, Water Meter, Elevator","https://www.dubizzle.com.eg/en/ad/fully-finished-chalet-for-sale-near-delivery-with-10-year-installment-plan-in-naia-bay-ras-el-hekma-ID503341567.html","2026-05-09 10:05:35.366","dubizzle","2026-05-09 10:05:35.366","2026-05-09 20:32:29.472387"
1050,"71a10e9766005fb93b8d1ec5c3b55700",4750000,"Mehwar Plaza Mall, 6th of October","","","",44,"Clinic","Unfurnished","Security","https://www.dubizzle.com.eg/en/ad/fully-finished-clinic-for-sale-in-a-prime-location-inside-mehwar-plaza-sheikh-zayed-city-directly-on-26th-of-july-corridor-near-wadi-degla-club-ID503335398.html","2026-05-09 10:05:35.618","dubizzle","2026-05-09 10:05:35.618","2026-05-09 20:32:29.832431"
1051,"6b2a8f68cc314f7145bec3af863cfe6d",7659000,"O West Compound, 6th of October","","1",1,68,"Apartment","Unfurnished","Balcony, Built in Kitchen Appliances, Private Garden, Security, Covered Parking, Pets Allowed, Pool, Electricity Meter, Water Meter, Natural Gas, Landline","https://www.dubizzle.com.eg/en/ad/apartment-for-sale-in-o-west-compound-by-orascom-october-city-with-installment-plans-ID503340432.html","2026-05-09 10:05:35.85","dubizzle","2026-05-09 10:05:35.85","2026-05-09 20:32:30.202184"
1052,"df2e58582e2310086845e4b82ef0a4e9",5200000,"Telal Sokhna, Ain Sukhna","","1",1,56,"Studio","","Balcony, Private Garden, Security, Covered Parking, Pets Allowed, Pool, Electricity Meter, Water Meter, Natural Gas, Landline, Elevator","https://www.dubizzle.com.eg/en/ad/studio-for-sale-finished-with-air-conditioning-sea-view-installment-over-10-years-in-talal-ain-sokhna-ID503341288.html","2026-05-09 10:05:36.082","dubizzle","2026-05-09 10:05:36.082","2026-05-09 20:32:30.862154"
1053,"ad44db780c7beb950d61776a4391faf9",4000000,"Azha, Ras Al Hekma","","2",2,95,"Chalet","","Balcony, Private Garden, Security, Sea View, Gym, Pool","https://www.dubizzle.com.eg/en/ad/chalet-for-sale-with-sea-view-finished-with-air-conditioning-and-kitchen-in-azha-north-coast-village-ras-el-hekma-next-to-fouka-bay-ID503481126.html","2026-05-09 10:29:52.37","dubizzle","2026-05-09 10:29:52.37","2026-05-09 20:32:31.221761"
1054,"c788efa307d0f9719d47554608e5be6d",17500000,"Madinaty, Cairo","","4",4,235,"Apartment","Unfurnished","Built in Kitchen Appliances, Security, Covered Parking, Electricity Meter, Water Meter, Natural Gas, Landline","https://www.dubizzle.com.eg/en/ad/ground-floor-apartment-with-garden-for-sale-in-b8-madinaty-ID502645211.html","2026-05-09 10:29:53.602","dubizzle","2026-05-09 10:29:53.602","2026-05-09 20:32:31.601662"
1055,"797a15fb3e1eaa56c5b37f6eba366468",28000000,"Sodic East, New Heliopolis","","5",5,219,"Stand Alone Villa","Unfurnished","Private Garden, Pool","https://www.dubizzle.com.eg/en/ad/the-lowest-price-for-a-villa-in-sodic-east-with-a-very-distinctive-division-is-coming-down-from-its-price-ID503485851.html","2026-05-09 10:29:53.844","dubizzle","2026-05-09 10:29:53.844","2026-05-09 20:32:31.971845"
1056,"8ce4f216b10a6255d5b5a0c5947d0a35",5340000,"Taj City Compound, 1st Settlement","","2",1,114,"Apartment","Unfurnished","Balcony, Security, Covered Parking, Pets Allowed, Electricity Meter, Water Meter, Natural Gas, Landline, Elevator","https://www.dubizzle.com.eg/en/ad/two-bedroom-apartment-for-sale-at-a-great-price-for-a-quick-sale-in-taj-city-compound-with-only-a-5-down-payment-and-installments-over-10-years-ID503480454.html","2026-05-09 10:29:54.096","dubizzle","2026-05-09 10:29:54.096","2026-05-09 20:32:32.351804"
1057,"b9293e57e8de430245253a2b62dded74",5800000,"Madinaty, Cairo","","2",1,107,"Apartment","Unfurnished","Balcony, Security, Covered Parking","https://www.dubizzle.com.eg/en/ad/apartment-for-sale-in-cash-at-a-very-special-price-in-madinaty-b3-quiet-and-private-with-a-garden-view-and-special-finishing-ID503446672.html","2026-05-09 10:29:54.386","dubizzle","2026-05-09 10:29:54.386","2026-05-09 20:32:32.721958"
1058,"f799a78d1532459a0b2e9d35211cdc54",75000,"Hyde Park New Cairo Compound, 5th Settlement","","2",2,145,"Apartment","Furnished","Balcony, Built in Kitchen Appliances, Central A/C & heating, Security, Natural Gas, Elevator","https://www.dubizzle.com.eg/en/ad/%D8%B4%D9%82%D8%A9-%D8%BA%D8%B1%D9%81%D8%AA%D9%8A%D9%86-%D9%85%D9%81%D8%B1%D9%88%D8%B4%D8%A9-%D9%84%D9%84%D8%A7%D9%8A%D8%AC%D8%A7%D8%B1-%D9%81%D9%8A-%D9%87%D8%A7%D9%8A%D8%AF-%D8%A8%D8%A7%D8%B1%D9%83-ID207889326.html","2026-05-09 10:29:54.756","dubizzle","2026-05-09 10:29:54.756","2026-05-09 20:32:33.091837"
1059,"43c55e59988e9474e764c668b460fe29",33000,"Village West Compound, Sheikh Zayed","","3",3,163,"Apartment","Unfurnished","Balcony, Security, Covered Parking, Pets Allowed, Pool, Electricity Meter, Water Meter, Elevator","https://www.dubizzle.com.eg/en/ad/for-rent-a-premium-first-occupancy-apartment-with-3-bedrooms-in-village-west-compound-dorra-sheikh-zayed-with-air-conditioning-ID503010597.html","2026-05-09 10:29:55.017","dubizzle","2026-05-09 10:29:55.017","2026-05-09 20:32:33.482017"
1080,"960ecbe6b4a8cb294b9abc034d8b25b9",80000,"Eastown Compound, 5th Settlement","","3",3,191,"Apartment","Unfurnished","Balcony, Built in Kitchen Appliances, Security, Covered Parking, Electricity Meter, Water Meter, Natural Gas","https://www.dubizzle.com.eg/en/ad/an-apartment-for-rent-sodic-eastown-ID503485861.html","2026-05-09 11:07:43.875","dubizzle","2026-05-09 11:07:43.875","2026-05-09 20:32:41.291969"
1060,"7f8ed4dd1d78197c7f2e96c345761a2c",12000000,"October Plaza Sodic Compound, 6th of October","","3",3,236,"Apartment","Unfurnished","Balcony, Private Garden, Security, Covered Parking, Pets Allowed, Pool, Electricity Meter, Water Meter","https://www.dubizzle.com.eg/en/ad/for-sale-a-premium-236-sqm-apartment-with-a-44-sqm-garden-in-october-plaza-compound-sodic-6th-of-october-prime-location-ID502903524.html","2026-05-09 10:29:55.259","dubizzle","2026-05-09 10:29:55.259","2026-05-09 20:32:33.882366"
1061,"b56c8211dfb82139ee807dbfa6f6e106",50000,"Madinaty, Cairo","","3",2,140,"Apartment","Furnished","Private Garden, Security, Pool, Landline","https://www.dubizzle.com.eg/en/ad/furnished-apartment-for-rent-in-madinaty_b10-ID503485815.html","2026-05-09 10:29:55.501","dubizzle","2026-05-09 10:29:55.501","2026-05-09 20:32:34.241739"
1062,"d895f9b96e6ec7160297a0835612cba0",28000,"Madinaty, Cairo","","3",2,130,"Apartment","Furnished","Private Garden, Security, Pool, Landline","https://www.dubizzle.com.eg/en/ad/furnished-apartment-for-rent-in-madinaty_b15-ID503485813.html","2026-05-09 10:29:55.753","dubizzle","2026-05-09 10:29:55.753","2026-05-09 20:32:34.623521"
1063,"4dbc68c8d52fd94eca9eea5f12931807",70000,"Makram Ebeid St., Nasr City","","","",50,"Retail","Unfurnished","","https://www.dubizzle.com.eg/en/ad/%D9%85%D8%AD%D9%84-%D8%AA%D8%AC%D8%A7%D8%B1%D9%8A-%D9%84%D9%84%D8%A5%D9%8A%D8%AC%D8%A7%D8%B1-%D8%B9%D9%84%D9%8A-%D8%B4%D8%A7%D8%B1%D8%B9-%D9%85%D9%83%D8%B1%D9%85-%D8%B9%D8%A8%D9%8A%D8%AF-ID207872629.html","2026-05-09 10:29:56.017","dubizzle","2026-05-09 10:29:56.017","2026-05-09 20:32:35.001802"
1064,"1435e690ed27e0a46295a2864f290025",21000000,"Etapa Compound, Sheikh Zayed","","4",4,394,"Twin House","Unfurnished","Balcony, Private Garden, Security, Covered Parking, Maids Room, Pets Allowed, Electricity Meter, Water Meter","https://www.dubizzle.com.eg/en/ad/for-sale-twin-house-villa-394-sqm-etapa-compound-by-city-edge-sheikh-zayed-very-special-price-ID503127608.html","2026-05-09 10:29:56.263","dubizzle","2026-05-09 10:29:56.263","2026-05-09 20:32:35.371899"
1065,"7d58487caf3bd85a2b21b29a593daaba",5414500,"Mall 1O1, Sheikh Zayed","","","",64,"Office Space","Unfurnished","Covered Parking, Security","https://www.dubizzle.com.eg/en/ad/for-sale-premium-64-sqm-office-mall-101-sheikh-zayed-immediate-delivery-prime-plaza-view-ID503127563.html","2026-05-09 10:29:56.501","dubizzle","2026-05-09 10:29:56.501","2026-05-09 20:32:35.732151"
1066,"24d8c1c4cdc02a92d2b78926c1c190d7",16500000,"Madinaty, Cairo","","","",72,"Restaurant & Cafe","Unfurnished","Covered Parking","https://www.dubizzle.com.eg/en/ad/opportunity-for-investment-shop-for-sale-in-the-crafting-zone-in-madinaty-fb-activity-at-an-excellent-price-72-sqm-ID503432696.html","2026-05-09 10:29:56.741","dubizzle","2026-05-09 10:29:56.741","2026-05-09 20:32:36.101872"
1067,"01dc9eb2cfadd0b6adece12fcbb53a35",35000,"Village West Compound, Sheikh Zayed","","3",3,164,"Apartment","Unfurnished","Balcony, Private Garden, Security, Covered Parking, Pets Allowed, Pool, Electricity Meter, Water Meter","https://www.dubizzle.com.eg/en/ad/for-rent-ground-floor-apartment-164-sqm-with-private-garden-village-west-by-dorra-sheikh-zayed-first-residence-ID503339869.html","2026-05-09 10:29:56.982","dubizzle","2026-05-09 10:29:56.982","2026-05-09 20:32:36.473155"
1068,"64cea752e0d2ed51c76ff80c34d206b9",6300000,"Madinaty, Cairo","","3",2,124,"Apartment","Unfurnished","Balcony, Security","https://www.dubizzle.com.eg/en/ad/apartment-for-sale-in-a-prime-location-in-madinaty-b6-with-an-open-view-of-the-villas-special-finishes-and-just-steps-away-from-the-shopping-center-ID503485856.html","2026-05-09 10:29:57.237","dubizzle","2026-05-09 10:29:57.237","2026-05-09 20:32:36.842557"
1069,"28334d8d44ae2933a31e5314dec87ecd",21000000,"Marsa Baghush, North Coast","","3",3,145,"Chalet","Unfurnished","Private Garden, Gym, Pool","https://www.dubizzle.com.eg/en/ad/the-last-chalet-in-marsa-baghous-at-a-bargain-price-first-row-by-the-lagoon-steps-to-the-beach-finished-see-view-ID503485855.html","2026-05-09 10:29:57.47","dubizzle","2026-05-09 10:29:57.47","2026-05-09 20:32:37.202181"
1070,"188c42c8e9ce54af67ec1d4c555aacad",30288750,"Marsa Baghush, North Coast","","4",3,280,"Chalet","Unfurnished","Balcony, Electricity Meter, Water Meter","https://www.dubizzle.com.eg/en/ad/280m2-chalet-in-marsa-bagoush-4-bedrooms-and-3-bathrooms-fully-finished-no-kitchen-or-air-conditioning-ready-to-move-5-down-payment-and-i-ID503343086.html","2026-05-09 10:29:57.701","dubizzle","2026-05-09 10:29:57.701","2026-05-09 20:32:37.584723"
1071,"91b3a5fb9423def0f2ce40ebfd7c42f9",9324000,"Madinaty, Cairo","","3",2,149,"Apartment","Unfurnished","Security, Electricity Meter, Water Meter, Natural Gas","https://www.dubizzle.com.eg/en/ad/ground-floor-apartment-with-garden-for-sale-in-madinaty-b10-area-149-sq-m-36-sq-m-garden-strategic-location-opposite-first-season-group-104-wid-ID503099034.html","2026-05-09 10:29:57.947","dubizzle","2026-05-09 10:29:57.947","2026-05-09 20:32:37.961152"
1072,"b41663d2107e7eecfd28b5bf4270e718",85000,"The Polygon, Sheikh Zayed","","","",85,"Office Space","Unfurnished","Security","https://www.dubizzle.com.eg/en/ad/fully-finished-office-for-rent-in-the-polygon-by-sodic-ready-for-immediate-delivery-ID503485854.html","2026-05-09 10:29:58.181","dubizzle","2026-05-09 10:29:58.181","2026-05-09 20:32:38.332236"
1073,"edbadc13f6affc57b1813bb398364bec",55350000,"Marsa Baghush, North Coast","","4",3,265,"Stand Alone Villa","Unfurnished","Private Garden, Covered Parking, Pets Allowed","https://www.dubizzle.com.eg/en/ad/in-marsa-bagohush-sidi-heneish-ready-to-move-4-bedrooms-and-4-bathrooms-fully-finished-lagoons-and-gardens-5-down-payment-and-8-year-inst-ID503342471.html","2026-05-09 10:29:58.421","dubizzle","2026-05-09 10:29:58.421","2026-05-09 20:32:38.702033"
1074,"cde6948352ed4eb55bccbae989ef5b0f",11500000,"Madinaty, Cairo","","3",3,211,"Apartment","Unfurnished","Balcony, Security, Covered Parking, Pets Allowed, Electricity Meter, Landline, Elevator","https://www.dubizzle.com.eg/en/ad/apartment-for-sale-in-madinaty-b1-211-sq-m-directly-opposite-the-club-and-one-minute-from-central-park-and-the-white-mosque-fully-finished-to-a-hig-ID503485205.html","2026-05-09 11:07:42.53","dubizzle","2026-05-09 11:07:42.53","2026-05-09 20:32:39.072397"
1075,"5198a2f7dc272eca4cfbc63354b794ad",3750000,"5th District, 6th of October","","4",3,220,"Apartment","Unfurnished","Balcony, Elevator","https://www.dubizzle.com.eg/en/ad/for-sale-a-residential-apartment-in-the-fifth-district-second-contract-area-220-m-4-bedrooms-master-bedroom-with-bathroom-and-dressing-room-3-bathrooms-a-laundry-room-kitchen-and-a-reception-of-3-pieces-ID503464739.html","2026-05-09 11:07:42.764","dubizzle","2026-05-09 11:07:42.764","2026-05-09 20:32:39.442008"
1076,"1b8d69e9d6f780932c75fd8f2dcee7cf",28000000,"Sodic East, New Heliopolis","","5",5,219,"Stand Alone Villa","Unfurnished","Private Garden, Pool","https://www.dubizzle.com.eg/en/ad/the-lowest-price-for-a-villa-in-sodic-east-with-a-very-special-division-down-from-its-price-ID503485851.html","2026-05-09 11:07:42.998","dubizzle","2026-05-09 11:07:42.998","2026-05-09 20:32:39.822152"
1077,"359e91094fadc4f0fadaaec42484f67e",5140800,"Dreamland Compound, 6th of October","","3",2,168,"Apartment","Unfurnished","Balcony, Built in Kitchen Appliances, Private Garden, Security, Covered Parking, Pets Allowed, Pool, Electricity Meter, Water Meter, Natural Gas, Landline","https://www.dubizzle.com.eg/en/ad/apartment-for-sale-in-dreamland-crescent-october-prime-location-at-a-special-price-ID503231069.html","2026-05-09 11:07:43.215","dubizzle","2026-05-09 11:07:43.215","2026-05-09 20:32:40.191745"
1078,"5c5fa98e0b00322c27e0b75dccbbb3e2",1850000,"Haram, Giza","","3",2,155,"Apartment","Unfurnished","","https://www.dubizzle.com.eg/en/ad/155-meter-apartment-eighth-floor-super-lux-finishing-at-a-great-price-in-al-libini-harem-near-awlad-ragab-ID502640951.html","2026-05-09 11:07:43.436","dubizzle","2026-05-09 11:07:43.436","2026-05-09 20:32:40.562148"
1079,"bcbeb112c495f285f7b62d43848db94c",9620000,"Haram, Giza","","","",260,"Full Commercial Building","","","https://www.dubizzle.com.eg/en/ad/commercial-scale-licensed-area-260m-in-the-best-location-in-el-labiny-street-main-pyramid-scale-corner-in-front-of-awlad-ragab-ID502613977.html","2026-05-09 11:07:43.658","dubizzle","2026-05-09 11:07:43.658","2026-05-09 20:32:40.922218"
1081,"c81dd42eb84428d82769fd2dc4e86a8a",2431000,"Valencia Valley Compound, 5th Settlement","","1",1,55,"Studio","Unfurnished","Security, Pets Allowed, Pool, Electricity Meter, Water Meter, Natural Gas, Elevator","https://www.dubizzle.com.eg/en/ad/%D9%84%D9%84%D8%A8%D9%8A%D8%B9-%D9%81%D9%8A-%D8%A7%D9%84%D8%AA%D8%AC%D9%85%D8%B9-%D8%A7%D9%84%D8%AE%D8%A7%D9%85%D8%B3-%D8%B4%D9%82%D8%A9-%D9%A5%D9%A5-%D9%85%D8%AA%D8%B1-%D8%A8%D8%AC%D9%88%D8%A7%D8%B1-%D9%87%D8%A7%D9%8A%D8%AF-%D8%A8%D8%A7%D8%B1%D9%83-ID207857493.html","2026-05-09 11:07:44.097","dubizzle","2026-05-09 11:07:44.097","2026-05-09 20:32:41.671706"
1082,"cb0750efffe7154d37b155d3cfceebef",1200000,"El Lebeny Axis, Haram","","2",2,130,"Apartment","Unfurnished","","https://www.dubizzle.com.eg/en/ad/a-130-sqm-apartment-on-the-third-floor-ultra-super-lux-building-2-elevator-fully-equipped-in-el-libini-harem-awlad-rajab-20-meters-street-ID503333514.html","2026-05-09 11:07:44.32","dubizzle","2026-05-09 11:07:44.32","2026-05-09 20:32:42.041891"
1083,"7ef800c82725269c7c4cd67ad45a9a75",2800000,"El Lebeny Axis, Haram","","3",2,171,"Apartment","Unfurnished","","https://www.dubizzle.com.eg/en/ad/171m-apartment-seventh-floor-on-the-main-road-fully-equipped-super-lux-finishing-%D8%A8%D8%B1%D8%AC-elevator-going-down-to-the-garage-ID503130546.html","2026-05-09 11:07:44.557","dubizzle","2026-05-09 11:07:44.557","2026-05-09 20:32:42.422201"
1084,"faf6d7d671b45b4c5c6f06314ff61615",2200000,"El Lebeny Axis, Haram","","3",2,175,"Apartment","Unfurnished","Balcony, Security, Pets Allowed, Electricity Meter, Water Meter, Natural Gas, Landline","https://www.dubizzle.com.eg/en/ad/apartment-175-meters-34-finishing-al-meriyotya-main-pyramid-ID502860588.html","2026-05-09 11:07:44.778","dubizzle","2026-05-09 11:07:44.778","2026-05-09 20:32:42.782125"
1085,"1dac521a040fc006a5b88cfb790cb271",7650000,"The Address, Sheikh Zayed","","3",2,134,"Apartment","Unfurnished","Balcony, Private Garden, Security, Covered Parking, Pets Allowed, Electricity Meter, Water Meter","https://www.dubizzle.com.eg/en/ad/for-sale-prime-apartment-134-sqm-with-100-sqm-garden-in-the-address-compound-dorra-sheikh-zayed-ID502288286.html","2026-05-09 11:07:44.997","dubizzle","2026-05-09 11:07:44.997","2026-05-09 20:32:43.172151"
1086,"499fc220ee7691dee10411ca91c56afe",5250000,"Mountain View iCity Compound, 6th of October","","3",3,155,"Apartment","Unfurnished","Balcony, Security, Covered Parking, Pets Allowed, Pool, Electricity Meter, Water Meter, Elevator","https://www.dubizzle.com.eg/en/ad/for-sale-apartment-155-sqm-in-mountain-view-icity-6th-october-northern-expansions-at-a-very-attractive-price-ID502158306.html","2026-05-09 11:07:45.218","dubizzle","2026-05-09 11:07:45.218","2026-05-09 20:32:43.552081"
1087,"297a9dc5f1d165c2a09afda8467b366a",4000000,"Gate 1 - Khofo, Hadayek al-Ahram","","3",2,192,"Apartment","","Balcony, Built in Kitchen Appliances, Security, Electricity Meter, Water Meter, Natural Gas, Elevator","https://www.dubizzle.com.eg/en/ad/%D8%B4%D9%82%D8%A9-%D9%85%D8%AA%D9%85%D9%8A%D8%B2%D8%A9-%D8%A8%D8%AD%D8%AF%D8%A7%D8%A6%D9%82-%D8%A7%D9%84%D8%A7%D9%87%D8%B1%D8%A7%D9%85-%D9%85%D8%B3%D8%AC%D9%84%D8%A9-%D9%85%D9%86-%D8%A7%D9%84%D9%85%D8%A7%D9%84%D9%83-%D9%85%D8%A8%D8%A7%D8%B4%D8%B1%D8%A9-ID207792046.html","2026-05-09 11:07:45.435","dubizzle","2026-05-09 11:07:45.435","2026-05-09 20:32:43.922298"
1088,"3ba01d5a932279cdfc03319266ee0f6a",1950000,"El Lebeny Axis, Haram","","3",2,165,"Apartment","Unfurnished","","https://www.dubizzle.com.eg/en/ad/apartment-165-sqm-first-balcony-reception-3-rooms-2-bathrooms-american-kitchen-a-tower-very-close-to-the-main-road-ID503344628.html","2026-05-09 11:07:45.655","dubizzle","2026-05-09 11:07:45.655","2026-05-09 20:32:44.282156"
1089,"f1b46dada0ec70ef6a3e064fa3509991",20000000,"Walk of Cairo, Sheikh Zayed","","","",100,"Office Space","Unfurnished","Security","https://www.dubizzle.com.eg/en/ad/fully-finished-office-for-sale-with-air-conditioning-ready-to-move-available-on-installments-with-a-cash-discount-in-beverly-hills-ID503332576.html","2026-05-09 11:07:45.88","dubizzle","2026-05-09 11:07:45.88","2026-05-09 20:32:44.66201"
1090,"d88e19ca58184b3f5d0669752319c22b",140000,"Cairo Festival City, 5th Settlement","","4",4,359,"Duplex","Unfurnished","Maids Room","https://www.dubizzle.com.eg/en/ad/duplex-for-rent-in-cairo-festival-city-4-bedrooms-with-private-garden-fully-equipped-kitchen-prime-location-ID503330489.html","2026-05-09 11:07:46.108","dubizzle","2026-05-09 11:07:46.108","2026-05-09 20:32:45.042378"
1091,"8037a6bbe7da3fb06f30895000759ec9",135000,"Cairo Festival City, 5th Settlement","","3",3,214,"Apartment","Furnished","","https://www.dubizzle.com.eg/en/ad/fully-furnished-apartment-for-rent-in-cairo-festival-city-3-bedrooms-prime-location-high-end-finishing-ready-to-move-in-ideal-for-families-ID503329789.html","2026-05-09 11:07:46.324","dubizzle","2026-05-09 11:07:46.324","2026-05-09 20:32:45.422176"
1092,"5ff7f920de452b4b30f3116faae52c26",11830000,"5th Settlement, New Cairo","","","",88,"Retail","Unfurnished","","https://www.dubizzle.com.eg/en/ad/office-space-for-sale-immediate-occupancy-on-90th-street-in-fifth-settlement-with-a-significant-discount-on-the-cash-price-ID503485605.html","2026-05-09 11:07:46.553","dubizzle","2026-05-09 11:07:46.553","2026-05-09 20:32:45.802031"
1093,"cf9e5171ad58807207d00ff20c431e74",22000000,"Obour City, Cairo","","10",9,1400,"Stand Alone Villa","Unfurnished","Balcony, Built in Kitchen Appliances, Private Garden, Security, Covered Parking, Maids Room, Pets Allowed, Electricity Meter, Water Meter, Natural Gas, Landline, Elevator","https://www.dubizzle.com.eg/en/ad/villa-for-sale-in-a-prime-location-in-obour-city-1400-sq-m-a-great-opportunity-for-living-or-investment-with-a-high-return-ID503313979.html","2026-05-09 11:07:46.772","dubizzle","2026-05-09 11:07:46.772","2026-05-09 20:32:46.181847"
1094,"247605c8b14366c679931a548117f415",6000000,"Obour City, Cairo","","","",85,"Office Space","Unfurnished","Security","https://www.dubizzle.com.eg/en/ad/administrative-and-medical-office-for-sale-in-obour-city-district-9-near-airport-and-carrefour-ultra-super-lux-finishing-ready-to-operate-now-ID503485586.html","2026-05-09 11:07:46.995","dubizzle","2026-05-09 11:07:46.995","2026-05-09 20:32:46.56168"
1095,"052a2a7057302da5f82b02d0a3df5515",30000,"South Investors, 5th Settlement","","2",1,120,"Apartment","Furnished","","https://www.dubizzle.com.eg/en/ad/full-furnished-apartment-for-rent-in-south-investors-infront-of-american-university-5th-settlement-at-new-cairo-ID503472087.html","2026-05-09 11:07:47.21","dubizzle","2026-05-09 11:07:47.21","2026-05-09 20:32:46.942054"
1096,"c288f0a85c7ab3cf197e0680b2a50b17",35000,"Zahraa Al Maadi, Cairo","","","",100,"Office Space","Unfurnished","Air Conditioning, Security, Storage","https://www.dubizzle.com.eg/en/ad/administrative-office-for-rent-in-a-prime-location-in-zahraa-el-maadi-ultra-super-lux-finishing-glass-facade-ID503323884.html","2026-05-09 11:07:47.428","dubizzle","2026-05-09 11:07:47.428","2026-05-09 20:32:47.312155"
1097,"1715c36a1cece64c049afc1a122805be",250000,"Sarayat El Maadi, Maadi","","","",1100,"Full Commercial Building","Unfurnished","Security","https://www.dubizzle.com.eg/en/ad/administrative-villa-for-rent-sarayat-maadi-1100-sqm-8-plus-rooms-spacious-layout-ideal-for-companies-embassies-prime-location-ID503485545.html","2026-05-09 11:07:47.656","dubizzle","2026-05-09 11:07:47.656","2026-05-09 20:32:47.711639"
1098,"803bb16d3b942058f2c62f1e8e97fd79",128250,"Hyde Park New Cairo Compound, 5th Settlement","","","",133,"Office Space","Unfurnished","","https://www.dubizzle.com.eg/en/ad/finished-office-at-hyde-park-135m-for-rent-new-cairo-ID503326394.html","2026-05-09 11:07:47.886","dubizzle","2026-05-09 11:07:47.886","2026-05-09 20:32:48.082261"
1099,"eb4d8a865e6a9d939e265b07f00d9d50",6000000,"Beverly Hills Compound, Sheikh Zayed","","4",4,200,"Apartment","","Balcony, Private Garden, Security, Covered Parking, Pool","https://www.dubizzle.com.eg/en/ad/fully-finished-apartment-garden-in-allegria-residence-inside-beverly-hills-ID503479784.html","2026-05-09 11:07:48.104","dubizzle","2026-05-09 11:07:48.104","2026-05-09 20:32:48.441569"
1227,"c40a1e8c0808b51635648e6e58a6477c",1900000,"Al Nasr St., Smoha","","2",1,85,"Apartment","Unfurnished","Balcony","https://www.dubizzle.com.eg/en/ad/apartment-for-sale-licensed-apartment-ID503485850.html","2026-05-09 11:08:17.276","dubizzle","2026-05-09 11:08:17.276","2026-05-09 20:33:36.385442"
1100,"272019aaf1010a8cc4ad835a3602223c",4100000,"Sheikh Zayed, Giza","","2",1,100,"Apartment","Unfurnished","Balcony, Security, Covered Parking, Pets Allowed, Pool, Electricity Meter, Water Meter, Natural Gas","https://www.dubizzle.com.eg/en/ad/the-cheapest-price-for-an-apartment-next-to-al-ahly-club-in-sheikh-zayed-for-sale-with-the-cheapest-monthly-installment-and-a-down-payment-of-only-410-ID502626620.html","2026-05-09 11:07:48.323","dubizzle","2026-05-09 11:07:48.323","2026-05-09 20:32:48.811657"
1101,"690fd938b998d6ddf9ee72eadce37141",4000000,"Bella Romance, Ain Sukhna","","2",1,65,"Chalet","Unfurnished","Balcony, Security, Sea View, Gym, Pool, Electricity Meter, Water Meter","https://www.dubizzle.com.eg/en/ad/showcase-the-cheapest-price-for-a-furnished-and-finished-chalet-with-two-rooms-for-sale-next-to-al-galala-resort-in-ain-sokhna-with-cash-payment-only-ID502235406.html","2026-05-09 11:07:48.549","dubizzle","2026-05-09 11:07:48.549","2026-05-09 20:32:49.181911"
1102,"2b53f54032f587fa531e42c08895115d",2800000,"FLW Residence, 6th of October","","2",2,92,"Apartment","Unfurnished","Balcony, Security, Covered Parking, Pets Allowed, Pool, Electricity Meter, Water Meter, Natural Gas","https://www.dubizzle.com.eg/en/ad/20-discount-on-a-great-apartment-opposite-msa-university-with-a-down-payment-of-only-140000-egp-for-sale-in-hadayek-october-at-the-lowest-price-ID503255837.html","2026-05-09 11:07:48.772","dubizzle","2026-05-09 11:07:48.772","2026-05-09 20:32:49.542148"
1103,"6e1d567ab1d258d742e88d674b66255a",3135000,"Pyramids Wales Compound, 6th of October","","1",1,57,"Apartment","Unfurnished","Security, Covered Parking, Pool, Electricity Meter, Water Meter, Elevator","https://www.dubizzle.com.eg/en/ad/a-one-bedroom-apartment-for-only-35currently-rented-in-dollars-is-for-sale-in-an-existing-compound-opposite-the-oasis-hotel-and-near-the-pyramids-ID500615892.html","2026-05-09 11:07:48.994","dubizzle","2026-05-09 11:07:48.994","2026-05-09 20:32:49.912257"
1104,"17ecc0dcb72f61c2776c4dd12ca00baa",1800000,"Badr City, Cairo","","3",2,140,"Apartment","Unfurnished","Electricity Meter, Water Meter, Natural Gas","https://www.dubizzle.com.eg/en/ad/%D9%82%D8%B7%D8%B9%D8%A9-%D9%A3%D9%A9%D9%A7-%D8%AD%D9%8A-%D8%AA%D8%A7%D9%86%D9%8A-%D9%85%D8%AC%D8%A7%D9%88%D8%B1%D8%A9-%D8%A3%D9%88%D9%84%D9%8A-ID207863724.html","2026-05-09 11:07:49.216","dubizzle","2026-05-09 11:07:49.216","2026-05-09 20:32:50.281815"
1105,"17b8a61c38253c8789c3778c56e5a4a6",4176000,"Nyoum October Compound, 6th of October","","1",1,72,"Studio","Unfurnished","Balcony, Security, Covered Parking, Pets Allowed, Pool, Electricity Meter, Water Meter, Natural Gas","https://www.dubizzle.com.eg/en/ad/next-to-mountain-view-with-monthly-installments-of-3500-down-payment-of-209000-a-great-studio-apartment-for-sale-in-october-at-the-lowest-price-ID503185617.html","2026-05-09 11:07:49.432","dubizzle","2026-05-09 11:07:49.432","2026-05-09 20:32:50.652223"
1106,"3eac59efede79a2d2436776e94c0091a",230000,"Cairo Festival City, 5th Settlement","","5",7,368,"Stand Alone Villa","Unfurnished","","https://www.dubizzle.com.eg/en/ad/standalone-villa-for-rent-in-cairo-festival-city-5-bedrooms-fully-equipped-kitchen-fully-air-conditioned-prime-location-ID503329146.html","2026-05-09 11:07:49.648","dubizzle","2026-05-09 11:07:49.648","2026-05-09 20:32:51.032053"
1107,"1a2bf53a3d5542c7767c991edf4a280d",103000,"Cairo Festival City, 5th Settlement","","2",3,146,"Apartment","Furnished","","https://www.dubizzle.com.eg/en/ad/fully-furnished-apartment-for-rent-in-cairo-festival-city-2-bedrooms-fully-air-conditioned-prime-location-ready-to-move-in-ID503329038.html","2026-05-09 11:07:49.865","dubizzle","2026-05-09 11:07:49.865","2026-05-09 20:32:51.391762"
1108,"554e61b0ecbe1204a8197c340a34d38d",162000,"Cairo Festival City, 5th Settlement","","4",5,400,"Penthouse","Unfurnished","","https://www.dubizzle.com.eg/en/ad/penthouse-for-rent-in-cairo-festival-city-at-a-special-price-4-bedrooms-fully-air-conditioned-prime-location-spacious-layout-with-open-view-ID503328801.html","2026-05-09 11:07:50.084","dubizzle","2026-05-09 11:07:50.084","2026-05-09 20:32:51.752344"
1109,"2923e0014d36efe764d423734fabfeed",85000,"Cairo Festival City, 5th Settlement","","2",3,150,"Apartment","Furnished","","https://www.dubizzle.com.eg/en/ad/luxury-furnished-apartment-for-rent-in-cairo-festival-city-prime-location-2-bedrooms-modern-high-end-finishing-open-landscape-view-ID503328739.html","2026-05-09 11:07:50.306","dubizzle","2026-05-09 11:07:50.306","2026-05-09 20:32:52.123687"
1110,"111aa6c71ba3aca50b0a67517a9d9411",95000,"Cairo Festival City, 5th Settlement","","2",4,166,"Apartment","Furnished","","https://www.dubizzle.com.eg/en/ad/garden-apartment-for-rent-in-cairo-festival-city-fully-equipped-kitchen-smart-home-system-wifi-open-landscape-view-parking-slot-ID503329217.html","2026-05-09 11:07:50.527","dubizzle","2026-05-09 11:07:50.527","2026-05-09 20:32:52.491934"
1111,"f4565f2b7148e271ce0ff9cd13d7591a",5000000,"Ismailia City, Ismailia","","3",1,125,"Apartment","Unfurnished","Balcony, Security, Electricity Meter, Water Meter, Natural Gas, Elevator","https://www.dubizzle.com.eg/en/ad/%D8%B9%D9%85%D8%B1%D8%A7%D8%AA-%D8%A7%D9%84%D8%AA%D8%AE%D8%B7%D9%8A%D8%B7-%D8%A7%D9%84%D8%B9%D9%85%D8%B1%D8%A7%D9%86%D9%8A-%D8%A7%D8%B1%D8%B6-%D8%A7%D9%84%D9%85%D8%B3%D8%B1%D8%AD-%D8%A7%D9%84%D8%B1%D9%88%D9%85%D8%A7%D9%86%D9%89-%D8%A8%D8%AC%D9%88%D8%A7%D8%B1-%D8%A7%D9%84%D9%85%D8%AC%D9%85%D8%B9-%D8%A7%D9%84%D8%B7%D8%A8%D9%89-%D8%B9%D9%85%D8%A7%D8%B1%D9%87-%D8%A8-ID207228488.html","2026-05-09 11:07:50.747","dubizzle","2026-05-09 11:07:50.747","2026-05-09 20:32:52.871997"
1112,"8ef82c899308f5e50bc46a8e022c6739",11150000,"Grand Heights, 6th of October","","4",3,283,"Town House","Unfurnished","Built in Kitchen Appliances, Private Garden, Security, Covered Parking, Pets Allowed, Pool, Electricity Meter, Water Meter, Natural Gas, Landline","https://www.dubizzle.com.eg/en/ad/for-sale-fully-finished-townhouse-immediate-delivery-in-grand-heights-compound-october-ID503123503.html","2026-05-09 11:07:50.971","dubizzle","2026-05-09 11:07:50.971","2026-05-09 20:32:53.264288"
1113,"0865659af1898db53ae9b9fab23f7327",4950000,"Sun Capital, Hadayek October","","2",1,104,"Apartment","Unfurnished","Built in Kitchen Appliances, Private Garden, Security, Covered Parking, Pets Allowed, Pool, Electricity Meter, Water Meter, Natural Gas, Landline","https://www.dubizzle.com.eg/en/ad/apartment-with-garden-for-sale-immediate-delivery-in-october-sun-capital-compound-ID503123559.html","2026-05-09 11:07:51.195","dubizzle","2026-05-09 11:07:51.195","2026-05-09 20:32:53.632175"
1114,"02274d6f37835f0914b61d7721cd44a6",17800000,"El Patio Zahraa Compound, Sheikh Zayed","","3",3,220,"Twin House","Unfurnished","Balcony, Private Garden, Security, Covered Parking, Pets Allowed, Electricity Meter, Water Meter, Natural Gas","https://www.dubizzle.com.eg/en/ad/for-sale-220-sqm-twin-house-in-el-patio-zahraa-compound-by-la-vista-sheikh-zayed-ID502573643.html","2026-05-09 11:07:51.418","dubizzle","2026-05-09 11:07:51.418","2026-05-09 20:32:53.990236"
1115,"a7249b0807692341a5addda46886a311",5500000,"Madinaty, Cairo","","3",2,124,"Apartment","Unfurnished","Balcony, Security, Pets Allowed, Elevator","https://www.dubizzle.com.eg/en/ad/124-m-apartment-for-sale-in-my-city-b6-at-the-lowest-market-price-ID503485859.html","2026-05-09 11:07:51.634","dubizzle","2026-05-09 11:07:51.634","2026-05-09 20:32:54.362352"
1116,"20e8bcb4bf9c9d68cf8236e7698f85a6",10000000,"Casa Compound, Sheikh Zayed","","2",2,137,"Apartment","Unfurnished","Balcony, Built in Kitchen Appliances, Private Garden, Security, Pool, Landline","https://www.dubizzle.com.eg/en/ad/resale-apartment-for-sale-with-full-finishing-and-immediate-delivery-in-casa-beverly-hills-by-sodic-ID503485858.html","2026-05-09 11:07:51.854","dubizzle","2026-05-09 11:07:51.854","2026-05-09 20:32:54.802251"
1117,"5f156b4aba64bd527e475097ea481125",108000,"Mivida Compound, 5th Settlement","","2",3,148,"Apartment","Furnished","","https://www.dubizzle.com.eg/en/ad/modern-apartment-for-rent-in-mivida-new-cairo-prime-location-quiet-view-high-end-modern-finishing-fully-furnished-with-elegant-furniture-ID503340768.html","2026-05-09 11:07:52.074","dubizzle","2026-05-09 11:07:52.074","2026-05-09 20:32:55.172226"
1118,"11e5d8d43e107f0d746fc6787c1995dc",145000,"Mivida Compound, 5th Settlement","","4",5,354,"Stand Alone Villa","Furnished","Security","https://www.dubizzle.com.eg/en/ad/villa-for-rent-in-mivida-new-cairo-in-a-prime-location-within-the-compound-featuring-a-wide-open-view-and-fully-finished-to-a-high-standard-ID503340629.html","2026-05-09 11:07:52.299","dubizzle","2026-05-09 11:07:52.299","2026-05-09 20:32:55.53263"
1119,"9a3a8d25b224c3755a13674d1d7318f4",227000,"Mivida Compound, 5th Settlement","","4",4,277,"Stand Alone Villa","Furnished","Security, Maids Room, Pool","https://www.dubizzle.com.eg/en/ad/luxury-villa-for-rent-in-mivida-new-cairo-prime-location-modern-kitchen-with-new-appliances-ID503340495.html","2026-05-09 11:07:52.516","dubizzle","2026-05-09 11:07:52.516","2026-05-09 20:32:55.903777"
1120,"9df48b3983e1c6c989357051c324385f",235500,"Cairo Festival City, 5th Settlement","","4",3,340,"Stand Alone Villa","Furnished","","https://www.dubizzle.com.eg/en/ad/villa-for-rent-in-cairo-festival-city-featuring-a-prime-location-within-the-compound-fully-furnished-and-fully-finished-to-a-high-standard-ID503338066.html","2026-05-09 11:07:52.741","dubizzle","2026-05-09 11:07:52.741","2026-05-09 20:32:56.261867"
1121,"073268c8b2b94d667a6731767b21f90f",25000000,"Hyde Park New Cairo Compound, 5th Settlement","","3",3,250,"Stand Alone Villa","Unfurnished","","https://www.dubizzle.com.eg/en/ad/first-time-in-hyde-park-ready-to-move-villa-with-double-view-only-5-down-payment-ID503285915.html","2026-05-09 11:07:52.96","dubizzle","2026-05-09 11:07:52.96","2026-05-09 20:32:56.643284"
1122,"29468934e7ae4487c9c4c6b14840b989",47000000,"Hyde Park New Cairo Compound, 5th Settlement","","5",4,420,"Stand Alone Villa","Furnished","Private Garden, Security, Covered Parking, Pets Allowed","https://www.dubizzle.com.eg/en/ad/for-sale-at-the-old-price-a-420-sqm-villa-with-ultra-super-lux-finishing-in-hyde-park-new-cairo-ready-for-viewing-and-occupancy-ID503211200.html","2026-05-09 11:07:53.176","dubizzle","2026-05-09 11:07:53.176","2026-05-09 20:32:57.012258"
1123,"9917ad690c5bb06c1625334d743a573c",77000000,"Mivida Compound, 5th Settlement","","6",6,500,"Stand Alone Villa","Unfurnished","Private Garden, Security, Covered Parking, Pets Allowed","https://www.dubizzle.com.eg/en/ad/lowest-price-villa-500-sq-m-ultra-super-lux-finishing-immediate-resale-in-mivida-fifth-settlement-with-a-private-layout-very-prime-location-ID503229743.html","2026-05-09 11:07:53.396","dubizzle","2026-05-09 11:07:53.396","2026-05-09 20:32:57.381928"
1124,"6107592868e800120556986a090d3daf",40000000,"Mivida Compound, 5th Settlement","","4",4,340,"Twin House","Unfurnished","Private Garden","https://www.dubizzle.com.eg/en/ad/twin-house-for-sale-with-ultra-modern-finishing-in-parcel29-mivida-fifth-settlement-near-madinaty-ready-for-viewing-and-handover-ID503476830.html","2026-05-09 11:07:53.628","dubizzle","2026-05-09 11:07:53.628","2026-05-09 20:32:57.74249"
1125,"21a1f3ed805100ba5dca0f0b973f9cf4",85000,"Lake view Residence Compound, 5th Settlement","","2",2,150,"Apartment","Furnished","Balcony, Built in Kitchen Appliances, Central A/C & heating, Covered Parking, Electricity Meter, Water Meter, Landline","https://www.dubizzle.com.eg/en/ad/first-use-luxury-apartment-for-rent-in-lake-view-residence-ultra-modern-apartment-for-rent-in-lake-view-residence-offering-stylish-interiors-ID503485357.html","2026-05-09 11:07:53.844","dubizzle","2026-05-09 11:07:53.844","2026-05-09 20:32:58.102302"
1126,"735bebc403de51a9a77c03dfaf66747b",4727400,"Beverly Hills Compound, Sheikh Zayed","","3",3,200,"Apartment","","Balcony, Security, Covered Parking, Maids Room, Electricity Meter, Natural Gas, Landline","https://www.dubizzle.com.eg/en/ad/fully-finished-apartment-with-sodic-in-beverly-hills-allegria-ready-for-immediate-occupancy-ID502709766.html","2026-05-09 11:07:54.063","dubizzle","2026-05-09 11:07:54.063","2026-05-09 20:32:58.46405"
1127,"f3a1d540e72570be44ae9fad822afef6",25000000,"New Damietta, Damietta","","","",85,"Pharmacy","Unfurnished","","https://www.dubizzle.com.eg/en/ad/licensed-pharmacy-opportunity-85m-corner-on-a-main-street-in-the-central-area-a-unique-location-that-will-not-be-repeated-in-new-damietta-ID503485303.html","2026-05-09 11:07:54.29","dubizzle","2026-05-09 11:07:54.29","2026-05-09 20:32:58.843057"
1128,"e74780860e79abd7d069531c034fc9a4",30000000,"North Coast, Matruh","","4",4,520,"Stand Alone Villa","Unfurnished","Balcony, Built in Kitchen Appliances, Private Garden, Covered Parking, Pets Allowed, Pool, Electricity Meter, Water Meter, Natural Gas","https://www.dubizzle.com.eg/en/ad/villa-for-sale-in-the-north-coast-first-row-finished-with-air-conditioning-and-immediate-delivery-ID503453106.html","2026-05-09 11:07:54.517","dubizzle","2026-05-09 11:07:54.517","2026-05-09 20:32:59.202572"
1129,"e08eed48f750cdabbe166246ed244555",30000000,"5th Settlement, New Cairo","","10",10,928,"Stand Alone Villa","","","https://www.dubizzle.com.eg/en/ad/%D8%A7%D9%81%D8%AE%D9%85-%D9%82%D8%B5%D8%B1-vip-%D9%81%D9%8A-%D8%A7%D9%84%D8%AA%D8%AC%D9%85%D8%B9-%D8%A7%D9%84%D8%AE%D8%A7%D9%85%D8%B3-%D8%AC%D8%A7%D9%87%D8%B2-%D9%84%D9%84%D9%85%D8%B9%D8%A7%D9%8A%D9%86%D9%87-%D8%A8%D8%A7%D9%82%D9%84-%D8%B3%D8%B9%D8%B1-ID503485268.html","2026-05-09 11:07:54.74","dubizzle","2026-05-09 11:07:54.74","2026-05-09 20:32:59.572212"
1130,"37bc80b1ff8b617de60b84346e9afdb4",30000000,"Marassi, Sidi Abdel Rahman","","3",2,145,"Chalet","Furnished","Balcony, Built in Kitchen Appliances, Security, Elevator","https://www.dubizzle.com.eg/en/ad/lagoon-view-chalet-with-garden-3-bedrooms-fully-furnished-marassi-ID503485273.html","2026-05-09 11:07:54.963","dubizzle","2026-05-09 11:07:54.963","2026-05-09 20:32:59.931948"
1131,"2980a15b32d7e9f57208b18af575f836",2990000,"New Capital City, Cairo","","2",2,100,"Apartment","Unfurnished","Balcony, Security, Covered Parking, Pets Allowed, Pool, Electricity Meter, Water Meter, Natural Gas","https://www.dubizzle.com.eg/en/ad/apartment-for-sale-near-the-diplomatic-quarter-with-a-down-payment-of-only-150000-two-bedrooms-reception-installment-plan-available-over-12-years-ID503364333.html","2026-05-09 11:07:55.186","dubizzle","2026-05-09 11:07:55.186","2026-05-09 20:33:00.302298"
1132,"7dd443cb671df53bec5643b920048810",2100000,"Genista Compound, Sheikh Zayed","","1",1,50,"Studio","Unfurnished","Balcony, Security, Covered Parking, Pets Allowed, Pool, Electricity Meter, Water Meter, Natural Gas","https://www.dubizzle.com.eg/en/ad/only-210000-down-payment-for-a-50m-studio-in-old-sheikh-zayed-next-to-al-ahly-club-for-sale-in-installments-over-10-years-opposite-al-rabwa-compou-ID503281948.html","2026-05-09 11:07:55.403","dubizzle","2026-05-09 11:07:55.403","2026-05-09 20:33:00.662996"
1133,"e8ef43024fb80df2323ad2f627e08f43",4372000,"The Capital Way, New Capital City","","2",2,90,"Apartment","","Balcony, Security, Covered Parking, Pets Allowed, Pool, Electricity Meter, Water Meter, Natural Gas, Landline","https://www.dubizzle.com.eg/en/ad/for-sale-at-resale-price-a-finished-two-bedroom-apartment-ready-for-immediate-viewing-selling-for-half-price-with-the-cheapest-installment-plan-in-ID503077652.html","2026-05-09 11:07:55.623","dubizzle","2026-05-09 11:07:55.623","2026-05-09 20:33:01.03284"
1134,"122028c236cc653e4c4384ec66f39cf8",55000,"5th Settlement, New Cairo","","","",190,"Factory","Unfurnished","","https://www.dubizzle.com.eg/en/ad/rawa-factory-is-suitable-for-all-activities-food-engineering-chemical-clothing-medical-for-rent-in-al-tagamoa-the-industrial-area-of-alif-factory-in-tagamoa-with-all-valid-licenses-ksa-ID502695944.html","2026-05-09 11:07:55.842","dubizzle","2026-05-09 11:07:55.842","2026-05-09 20:33:01.432813"
1135,"d650aef8c585588f1b0f2d5cfabee391",25000,"Dar Misr, Sheikh Zayed","","3",2,130,"Apartment","Furnished","","https://www.dubizzle.com.eg/en/ad/for-rent-a-furnished-apartment-in-dar-misr-compound-area-12-sheikh-zayed-ID503483999.html","2026-05-09 11:07:56.063","dubizzle","2026-05-09 11:07:56.063","2026-05-09 20:33:01.792841"
1228,"7a4ebb2c71eda70922481a0eec3028d9",79000000,"Sheikh Zayed, Giza","","","",453,"Full Commercial Building","Unfurnished","Security","https://www.dubizzle.com.eg/en/ad/the-last-commercial-building-in-o9-with-near-delivery-and-installments-a-strong-investment-opportunity-ID503485849.html","2026-05-09 11:08:17.49","dubizzle","2026-05-09 11:08:17.49","2026-05-09 20:33:36.785412"
1136,"02bf6c664d8965a48a30f3108d20b5bf",3920000,"La Vista 6, Ain Sukhna","","3",2,140,"Chalet","Unfurnished","Balcony, Built in Kitchen Appliances, Private Garden, Security, Sea View, Gym, Pool, Electricity Meter, Water Meter, Elevator","https://www.dubizzle.com.eg/en/ad/ready-to-move-a-fully-sea-view-chalet-for-sale-in-ain-sokhna-in-the-sokhna-village-la-vista-6-located-next-to-telal-sokhna-ID503343154.html","2026-05-09 11:07:56.282","dubizzle","2026-05-09 11:07:56.282","2026-05-09 20:33:02.171856"
1137,"6977894870fea2fffe07f0b2a61af16f",17500000,"Tanta, Gharbia","","","",104,"Retail","Furnished","","https://www.dubizzle.com.eg/en/ad/%D9%85%D8%AD%D9%84-%D8%B4%D8%A7%D8%B1%D8%B9-%D8%A7%D9%84%D8%A8%D8%AD%D8%B1-%D8%A7%D9%84%D8%B1%D8%A6%D9%8A%D8%B3%D9%8A-ID207887916.html","2026-05-09 11:07:56.501","dubizzle","2026-05-09 11:07:56.501","2026-05-09 20:33:02.553231"
1138,"11bbce4040d9dd21589f09ee08105dac",7100000,"El Koronfel, 1st Settlement","","3",3,250,"Apartment","","Electricity Meter, Water Meter, Landline, Elevator","https://www.dubizzle.com.eg/en/ad/%D9%84%D9%84%D8%A8%D9%8A%D8%B9-%D8%B4%D9%82%D8%A9-%D9%A2%D9%A5%D9%A0%D9%85-%D8%A7%D8%B3%D8%AA%D9%84%D8%A7%D9%85-%D9%81%D9%88%D8%B1%D9%8A-%D8%A7%D9%84%D9%82%D8%B1%D9%86%D9%81%D9%84-%DA%A4%D9%8A%D9%84%D8%A7%D8%AA-ID200702052.html","2026-05-09 11:07:56.726","dubizzle","2026-05-09 11:07:56.726","2026-05-09 20:33:02.943361"
1139,"df0d67711445c2ac83ebd117a5221fd0",4000000,"Beit Al Watan, 5th Settlement","","3",2,235,"Apartment","Unfurnished","Private Garden, Covered Parking, Elevator","https://www.dubizzle.com.eg/en/ad/%D9%A1%D9%A3%D9%A5-%D9%85-%D9%A1%D9%A0%D9%A0-%D9%85-%D8%AD%D8%AF%D9%8A%D9%82%D8%A9-%D8%B4%D9%82%D9%87-%D8%A7%D8%B3%D8%AA%D9%84%D8%A7%D9%85-%D9%81%D9%88%D8%B1%D9%8A-%D8%A7%D8%B1%D8%B6%D9%8A-%D8%A8%D8%AC%D8%A7%D8%B1%D8%AF%D9%86-%D8%A8%D8%A8%D9%8A%D8%AA-%D8%A7%D9%84%D9%88%D8%B7%D9%86-ID207888449.html","2026-05-09 11:07:56.99","dubizzle","2026-05-09 11:07:56.99","2026-05-09 20:33:03.342015"
1140,"c60e2cdeddf15f6c1ae4b6f02fb843e1",10000,"Marassi, Sidi Abdel Rahman","","2",2,120,"Chalet","","Balcony, Built in Kitchen Appliances, Central A/C & heating, Security, Electricity Meter, Water Meter, Elevator","https://www.dubizzle.com.eg/en/ad/2br-furnished-chalet-for-rent-in-marassi-luxury-chalet-with-prime-view-direct-to-the-pool-for-rent-in-marassi-north-coast-ID503343058.html","2026-05-09 11:07:57.337","dubizzle","2026-05-09 11:07:57.337","2026-05-09 20:33:03.732359"
1141,"f4731b6a779b1dfbfa694bc83e6029b7",3255000,"La Vista 6, Ain Sukhna","","3",2,130,"Chalet","Unfurnished","Built in Kitchen Appliances, Private Garden, Sea View, Gym, Pool, Electricity Meter, Water Meter, Elevator","https://www.dubizzle.com.eg/en/ad/corner-chalet-ready-to-move-and-viewing-now-in-lavista-ain-sokhna-next-to-porto-sokhna-new-galala-road-ID503240760.html","2026-05-09 11:07:57.7","dubizzle","2026-05-09 11:07:57.7","2026-05-09 20:33:04.102781"
1142,"a6a63795acac1078bfdcc61c1e3963a5",65000,"Marassi, Sidi Abdel Rahman","","5",5,1500,"Stand Alone Villa","Furnished","Balcony, Built in Kitchen Appliances, Private Garden, Central A/C & heating, Security, Covered Parking, Maids Room, Pets Allowed, Pool, Electricity Meter, Water Meter, Natural Gas, Landline","https://www.dubizzle.com.eg/en/ad/villa-with-private-beach-and-pool-for-rent-marassi-north-coast-vip-access-card-to-all-marassi-facilities-destinations-ID503382969.html","2026-05-09 11:07:57.921","dubizzle","2026-05-09 11:07:57.921","2026-05-09 20:33:04.472094"
1143,"ae91c8db341339816be5d09b6c84dae3",48000,"Madinaty, Cairo","","3",2,170,"Apartment","Furnished","Covered Parking, Electricity Meter, Water Meter, Natural Gas, Landline","https://www.dubizzle.com.eg/en/ad/fully-funrished-apartment-for-rent-in-madinaty-b8-ID503078956.html","2026-05-09 11:07:58.138","dubizzle","2026-05-09 11:07:58.138","2026-05-09 20:33:04.832642"
1144,"370e193d73122606d2f7b24ef5bcfd8d",60000,"Cairo Festival City, 5th Settlement","","2",2,137,"Apartment","Furnished","Balcony, Built in Kitchen Appliances, Private Garden, Covered Parking, Electricity Meter, Water Meter, Natural Gas, Landline, Elevator","https://www.dubizzle.com.eg/en/ad/fully-furnished-apartment-for-rent-in-cairo-festival-city-ID503044367.html","2026-05-09 11:07:58.354","dubizzle","2026-05-09 11:07:58.354","2026-05-09 20:33:05.212609"
1145,"bbfb49544a793175cb51665fa64be107",3700000,"Defaf, R8","","2",2,110,"Apartment","Unfurnished","","https://www.dubizzle.com.eg/en/ad/your-introduction-starts-from-1-and-there-is-also-an-instant-discount-for-a-limited-time-of-up-to-25-you-will-own-your-unit-in-the-most-distinguished-location-in-the-capital-administrative-and-with-the-best-payment-systems-ID503485704.html","2026-05-09 11:07:58.582","dubizzle","2026-05-09 11:07:58.582","2026-05-09 20:33:05.592199"
1146,"0f65ee8d347b175aa65e8b527744bf86",2500000,"Defaf, R8","","1",1,75,"Apartment","Unfurnished","","https://www.dubizzle.com.eg/en/ad/an-immediate-discount-of-up-to-25-for-a-limited-time-and-installments-of-up-to-12-years-allows-you-to-own-your-apartment-in-the-best-location-in-the-administrative-capital-and-a-very-special-opportunity-for-investment-or-residence-ID503485696.html","2026-05-09 11:07:58.801","dubizzle","2026-05-09 11:07:58.801","2026-05-09 20:33:05.963181"
1147,"c7ffdf504cccf061fe45551f9a7d90a2",6375000,"Sheikh Zayed, Giza","","4",4,208,"Town House","Unfurnished","Private Garden, Pets Allowed","https://www.dubizzle.com.eg/en/ad/own-a-townhouse-in-new-sheikh-zayed-only-2-minutes-from-waslet-dahshur-prime-location-near-main-roads-and-services-with-a-limited-time-25-discount-ID503211423.html","2026-05-09 11:07:59.019","dubizzle","2026-05-09 11:07:59.019","2026-05-09 20:33:06.331864"
1148,"ce2f82c4afc44c9b6ec4cb1ca630b9c1",4900000,"Sheikh Zayed, Giza","","4",3,210,"Twin House","Unfurnished","Built in Kitchen Appliances, Private Garden, Security, Covered Parking, Pets Allowed, Electricity Meter","https://www.dubizzle.com.eg/en/ad/10-discount-10-year-installment-plan-twin-house-villa-for-sale-in-sheikh-zayed-ID502902580.html","2026-05-09 11:07:59.237","dubizzle","2026-05-09 11:07:59.237","2026-05-09 20:33:06.696368"
1149,"0741979fafe5669e9709d8f483a7ee55",10000000,"Sarai, Mostakbal City","","4",4,239,"Stand Alone Villa","Furnished","","https://www.dubizzle.com.eg/en/ad/a-villa-at-the-lowest-price-of-an-apartment-with-immediate-delivery-in-saray-compound-new-cairo-ID502785505.html","2026-05-09 11:07:59.456","dubizzle","2026-05-09 11:07:59.456","2026-05-09 20:33:07.061911"
1150,"a383eae220e9e9d055ac53f5f257cc67",10500000,"Telal North Coast, Sidi Abdel Rahman","","3",2,130,"Chalet","Furnished","","https://www.dubizzle.com.eg/en/ad/fully-finished-chalet-with-immediate-receipt-in-the-north-coast-hills-ID502780865.html","2026-05-09 11:07:59.673","dubizzle","2026-05-09 11:07:59.673","2026-05-09 20:33:07.432405"
1151,"fbfb1ce4622051bfb3b78d628e3063a3",95000,"Mivida Compound, 5th Settlement","","2",2,163,"Apartment","Furnished","","https://www.dubizzle.com.eg/en/ad/apartment-for-rent-in-mivida-featuring-a-prime-location-within-the-compound-fully-furnished-and-air-conditioned-ready-for-immediate-move-in-ID503337392.html","2026-05-09 11:07:59.897","dubizzle","2026-05-09 11:07:59.897","2026-05-09 20:33:07.802324"
1152,"e32e88df779bdf30eb66edbef409df4e",87000,"Cairo Festival City, 5th Settlement","","2",3,150,"Apartment","Furnished","","https://www.dubizzle.com.eg/en/ad/fully-furnished-apartment-for-rent-in-cairo-festival-city-2-bedrooms-second-floor-high-end-finishing-prime-location-ID503329663.html","2026-05-09 11:08:00.127","dubizzle","2026-05-09 11:08:00.127","2026-05-09 20:33:08.162583"
1153,"9bb67e9140776c889dddf8c2804315c8",75000,"Cairo Festival City, 5th Settlement","","2",2,132,"Apartment","Furnished","Electricity Meter","https://www.dubizzle.com.eg/en/ad/fully-furnished-apartment-for-rent-in-cairo-festival-city-2-bedrooms-fully-equipped-kitchen-private-parking-prime-location-ID503329535.html","2026-05-09 11:08:00.357","dubizzle","2026-05-09 11:08:00.357","2026-05-09 20:33:08.522371"
1266,"25a55468817fe78b0660e75cab06edb2",12800000,"Madinaty, Cairo","","","",72,"Retail","Unfurnished","Security","https://www.dubizzle.com.eg/en/ad/shop-for-sale-in-craft-zone-madinaty-73-meters-currently-rented-with-actual-return-ID502088018.html","2026-05-09 13:55:51.465","dubizzle","2026-05-09 13:55:51.465","2026-05-09 20:33:56.60631"
1154,"1589930a33516b97d7710789f2e9d9df",11500000,"October Plaza Sodic Compound, 6th of October","","3",3,280,"Penthouse","Unfurnished","Balcony, Security, Covered Parking, Pets Allowed, Pool, Electricity Meter, Water Meter, Natural Gas","https://www.dubizzle.com.eg/en/ad/for-sale-premium-penthouse-280-sqm-october-plaza-compound-sodic-luxury-finishing-first-occupancy-ID502772374.html","2026-05-09 11:08:00.596","dubizzle","2026-05-09 11:08:00.596","2026-05-09 20:33:08.884718"
1155,"7e1cacae6ff3610297b118350d69b130",19000000,"Greens Compound, Sheikh Zayed","","4",4,303,"Stand Alone Villa","Unfurnished","Balcony, Private Garden, Security, Covered Parking, Maids Room, Pets Allowed, Electricity Meter, Water Meter","https://www.dubizzle.com.eg/en/ad/for-sale-twin-house-villa-303-sqm-built-up-area-and-360-sqm-land-in-greens-compound-dorra-sheikh-zayed-ID502643207.html","2026-05-09 11:08:00.827","dubizzle","2026-05-09 11:08:00.827","2026-05-09 20:33:09.262261"
1156,"31408cb1017c44b0de00e3cdd7ff7a26",2150000,"Sakan Masr, Obour City","","3",1,115,"Apartment","","Security, Electricity Meter, Water Meter, Natural Gas, Landline","https://www.dubizzle.com.eg/en/ad/%D8%B4%D9%82%D8%A9-%D9%84%D9%84%D8%A8%D9%8A%D8%B9-115-%D9%85-%D9%83%D9%85%D8%A8%D9%88%D9%86%D8%AF-%D8%B3%D9%83%D9%86-%D9%85%D8%B5%D8%B1-%D8%A7%D9%84%D8%B9%D8%A8%D9%88%D8%B1-ID207858463.html","2026-05-09 11:08:01.101","dubizzle","2026-05-09 11:08:01.101","2026-05-09 20:33:09.622021"
1157,"7780194c12a976fa5674f9afa33889bc",120000,"Mivida Compound, 5th Settlement","","4",4,220,"Apartment","Furnished","","https://www.dubizzle.com.eg/en/ad/apartment-for-rent-in-mivida-featuring-a-prime-location-within-the-compound-fully-furnished-and-air-conditioned-suitable-for-immediate-move-in-ID503337743.html","2026-05-09 11:08:01.453","dubizzle","2026-05-09 11:08:01.454","2026-05-09 20:33:09.986942"
1158,"214abcc0241a19424789832ebe8f0792",16500000,"One 16 Compound, Sheikh Zayed","","3",3,179,"Apartment","Unfurnished","Balcony, Built in Kitchen Appliances, Private Garden, Security, Covered Parking, Maids Room, Pets Allowed, Pool, Electricity Meter, Water Meter, Natural Gas","https://www.dubizzle.com.eg/en/ad/for-sale-a-premium-179-sqm-apartment-with-a-45-sqm-garden-in-one-16-compound-sodic-beverly-hills-luxury-finishing-ID502901675.html","2026-05-09 11:08:01.818","dubizzle","2026-05-09 11:08:01.818","2026-05-09 20:33:10.352703"
1159,"746a59a3dab4c22a4766d59ecbca8f04",3500,"Sheraton, Cairo","","3",2,140,"Apartment","Furnished","Balcony, Built in Kitchen Appliances, Central A/C & heating, Security, Electricity Meter, Natural Gas, Landline, Elevator","https://www.dubizzle.com.eg/en/ad/%D8%B4%D9%82%D8%A9-%D9%85%D9%81%D8%B1%D9%88%D8%B4%D8%A9-%D9%84%D9%84%D8%A7%D9%8A%D8%AC%D8%A7%D8%B1-%D8%A7%D9%84%D9%8A%D9%88%D9%85%D9%8A-%D8%B4%D9%8A%D8%B1%D8%A7%D8%AA%D9%88%D9%86-%D8%A7%D9%84%D9%85%D8%B7%D8%A7%D8%B1-ID502135042.html","2026-05-09 11:08:02.056","dubizzle","2026-05-09 11:08:02.056","2026-05-09 20:33:10.721985"
1160,"2cc9fcaa6d4c80e0532075d6b4639b45",40000,"6th of October, Giza","","3",2,200,"Hotel Apartment","Furnished","Balcony, Built in Kitchen Appliances, Private Garden, Security, Covered Parking, Pets Allowed, Pool, Electricity Meter, Water Meter, Landline, Elevator","https://www.dubizzle.com.eg/en/ad/luxury-200sqm-apartment-for-rent-first-use-pool-garden-near-msa-university-carrefour-emirates-station-6th-october-owner-direct-ID502997771.html","2026-05-09 11:08:02.324","dubizzle","2026-05-09 11:08:02.324","2026-05-09 20:33:11.092189"
1161,"ace802b9dfdb554ddef766db78baeb38",120000,"Madinaty, Cairo","","7",7,600,"Stand Alone Villa","Unfurnished","","https://www.dubizzle.com.eg/en/ad/a-special-opportunity-for-a-large-villa-for-rent-in-madinaty-with-a-very-distinctive-view-ID502582134.html","2026-05-09 11:08:02.551","dubizzle","2026-05-09 11:08:02.551","2026-05-09 20:33:11.46221"
1162,"4131a93f2284dc28acd2afa0189c804a",6200000,"Bloomfields, Mostakbal City","","2",3,105,"Apartment","Unfurnished","Covered Parking, Electricity Meter, Water Meter, Natural Gas, Landline","https://www.dubizzle.com.eg/en/ad/pay-the-lowest-downpayment-for-a-2-master-bedrooms-apartment-with-3-bathrooms-in-bloomfields-ID503459934.html","2026-05-09 11:08:02.79","dubizzle","2026-05-09 11:08:02.79","2026-05-09 20:33:11.831894"
1163,"9ad2bcc58c6b52e0ee2873a6bcd785ee",30300000,"Sodic East, New Heliopolis","","3",4,234,"Town House","Unfurnished","Balcony, Private Garden, Security, Maids Room, Pets Allowed, Water Meter","https://www.dubizzle.com.eg/en/ad/ready-to-move-townhouse-without-any-payment-for-6-months-on-8-years-equal-installments-in-sodic-east-new-ID503432437.html","2026-05-09 11:08:03.012","dubizzle","2026-05-09 11:08:03.012","2026-05-09 20:33:12.192357"
1164,"5009f94e85a81e831bc823aa7042c281",7390000,"Stoda Residence, Sheraton","","2",2,154,"Apartment","Unfurnished","Balcony, Security, Covered Parking, Electricity Meter, Water Meter","https://www.dubizzle.com.eg/en/ad/income-property-fully-finished-apartment-in-stoda-ready-to-move-with-landscape-view-over-10-years-ID503462344.html","2026-05-09 11:08:03.232","dubizzle","2026-05-09 11:08:03.232","2026-05-09 20:33:12.562582"
1165,"16533d018181da75f28dcb470e0067d7",13900000,"Sarai, Mostakbal City","","4",3,196,"Stand Alone Villa","Unfurnished","Balcony, Built in Kitchen Appliances, Private Garden, Central A/C & heating, Security, Covered Parking, Maids Room, Pets Allowed, Electricity Meter, Water Meter, Natural Gas, Landline","https://www.dubizzle.com.eg/en/ad/standalone-in-sarai-beside-madinty-with-50-cash-discount-13900000-ID503460999.html","2026-05-09 11:08:03.451","dubizzle","2026-05-09 11:08:03.451","2026-05-09 20:33:12.931643"
1166,"7a3f1c32fef5091b31e9c4cd9cc39769",3600000,"Sarai, Mostakbal City","","1",1,50,"Studio","Unfurnished","Balcony, Built in Kitchen Appliances, Private Garden, Security, Covered Parking, Pets Allowed, Electricity Meter, Water Meter, Natural Gas, Landline","https://www.dubizzle.com.eg/en/ad/studio-apartment-for-sale-in-sarai-over-12-years-7500-monthly-installments-ID503460763.html","2026-05-09 11:08:03.673","dubizzle","2026-05-09 11:08:03.673","2026-05-09 20:33:13.291891"
1167,"ad91534fc298abf5a50b2b6787bb0869",11040000,"Talala, New Heliopolis","","4",4,166,"Town House","Unfurnished","Balcony, Security, Covered Parking, Electricity Meter, Water Meter","https://www.dubizzle.com.eg/en/ad/best-price-townhouse-fully-finished-166sqm-in-talala-very-prime-location-over-10-years-ID503466650.html","2026-05-09 11:08:03.893","dubizzle","2026-05-09 11:08:03.893","2026-05-09 20:33:13.662276"
1168,"505e6ef73ace2d7842d3b2f215de6241",48890,"New Cairo, Cairo","","","",30,"Office Space","Furnished","Air Conditioning","https://www.dubizzle.com.eg/en/ad/all-inclusive-access-to-professional-office-space-for-5-persons-in-new-cairo-east-lane-ID501679587.html","2026-05-09 11:08:04.111","dubizzle","2026-05-09 11:08:04.111","2026-05-09 20:33:14.052152"
1169,"e9b47c889ecf2f2ad27722662b371c1d",10500000,"Telal North Coast, Sidi Abdel Rahman","","3",2,130,"Chalet","Furnished","","https://www.dubizzle.com.eg/en/ad/chalet-for-sale-immediate-delivery-fully-finished-in-talla-al-sahel-al-shamali-village-next-to-amwaj-and-marasi-ID502771680.html","2026-05-09 11:08:04.331","dubizzle","2026-05-09 11:08:04.331","2026-05-09 20:33:14.422211"
1170,"b6e0299dc92493157876b8d41c1520c0",9000000,"Telal North Coast, Sidi Abdel Rahman","","3",2,130,"Chalet","Unfurnished","Private Garden, Gym, Electricity Meter, Water Meter, Elevator","https://www.dubizzle.com.eg/en/ad/for-quick-sale-chalet-for-sale-in-telal-north-coast-chalet-with-sea-and-pool-view-ID502713762.html","2026-05-09 11:08:04.56","dubizzle","2026-05-09 11:08:04.56","2026-05-09 20:33:14.801982"
1171,"2c374cc9c2269ff0d055adf241fd9620",9000000,"Telal North Coast, Sidi Abdel Rahman","","3",2,130,"Chalet","Furnished","","https://www.dubizzle.com.eg/en/ad/own-a-fully-finished-chalet-with-a-sea-view-in-the-hills-of-the-north-coast-ID502724829.html","2026-05-09 11:08:04.778","dubizzle","2026-05-09 11:08:04.778","2026-05-09 20:33:15.162534"
1267,"cda5543310781b82382b02500ecf70ff",47000,"El Khamayel Compound, Sheikh Zayed","","3",2,190,"Apartment","Unfurnished","Balcony, Security","https://www.dubizzle.com.eg/en/ad/licensed-190-sqm-apartment-for-rent-with-master-bedroom-ID503485899.html","2026-05-09 13:55:51.692","dubizzle","2026-05-09 13:55:51.692","2026-05-09 20:33:57.106617"
1172,"dfe91f7d332f37e359b05fb55734e515",8400000,"Seashore, Ras Al Hekma","","1",1,62,"Chalet","Unfurnished","Built in Kitchen Appliances, Private Garden, Gym, Pool","https://www.dubizzle.com.eg/en/ad/chalet-for-sale-in-the-north-coast-in-sea-shore-hyde-park-next-to-hacienda-and-azha-near-fouka-bay-and-la-vista-north-coast-after-ogami-sodic-north-ID503485714.html","2026-05-09 11:08:04.995","dubizzle","2026-05-09 11:08:04.995","2026-05-09 20:33:15.522293"
1173,"ec772a881e97e37e7e154f8ad08dacbd",9000000,"Park Valley Compound, Sheikh Zayed","","3",3,207,"Twin House","","Built in Kitchen Appliances, Security, Covered Parking, Pool","https://www.dubizzle.com.eg/en/ad/at-a-price-that-wont-be-repeated-own-a-twin-house-villa-in-new-sheikh-zayed-with-equal-installments-over-10-years-ID502858977.html","2026-05-09 11:08:05.218","dubizzle","2026-05-09 11:08:05.218","2026-05-09 20:33:15.882691"
1174,"181bcd7b8c688027be5f174d23fa31ab",70000,"Maadi, Cairo","","","",240,"Office Space","Unfurnished","Security, Storage","https://www.dubizzle.com.eg/en/ad/administrative-office-for-rent-maadi-wireless-240-sqm-7-rooms-3-bathrooms-large-office-kitchen-final-license-glass-partitions-ready-to-operate-ID503456967.html","2026-05-09 11:08:05.441","dubizzle","2026-05-09 11:08:05.441","2026-05-09 20:33:16.252629"
1175,"1f0a7c07fba433c4f866bb8e5ef74c45",4500000,"Al Rasafa St., Moharam Bik","","3",2,120,"Apartment","Unfurnished","Balcony, Security, Pets Allowed, Electricity Meter, Water Meter, Natural Gas, Elevator","https://www.dubizzle.com.eg/en/ad/55-%D8%B4%D8%A7%D8%B1%D8%B9-%D8%A7%D8%AF%D9%87%D9%85-%D8%A8%D9%83-%D8%A7%D9%84%D8%B1%D8%B5%D8%A7%D9%81%D8%A9-%D9%85%D8%AD%D8%B1%D9%85-%D8%A8%D9%83-ID207887982.html","2026-05-09 11:08:05.656","dubizzle","2026-05-09 11:08:05.656","2026-05-09 20:33:16.61264"
1176,"5886705f773220871d2cc4c6d9c4ff2b",18500000,"Heliopolis, Cairo","","3",4,350,"Duplex","Furnished","Balcony, Built in Kitchen Appliances, Private Garden, Central A/C & heating, Covered Parking, Electricity Meter, Water Meter, Natural Gas, Landline, Elevator","https://www.dubizzle.com.eg/en/ad/limited-offer-luxury-duplex-heliopolis-ID204204003.html","2026-05-09 11:08:05.875","dubizzle","2026-05-09 11:08:05.875","2026-05-09 20:33:16.972756"
1177,"b1868cca1b1c92d75160bc126d8552fc",6500000,"Latin District, Alamein","","2",2,145,"Chalet","Unfurnished","","https://www.dubizzle.com.eg/en/ad/for-quick-sale-fully-finished-2-bedroom-chalet-in-the-latin-district-new-alamein-city-directly-on-the-sea-with-a-cash-discount-ID503339214.html","2026-05-09 11:08:06.095","dubizzle","2026-05-09 11:08:06.095","2026-05-09 20:33:17.352374"
1178,"03a9b0a8421089fd8c3f3d7ab0747c49",4000000,"Mazarine, Alamein","","3",2,230,"Chalet","Unfurnished","Balcony, Built in Kitchen Appliances, Private Garden, Security, Sea View, Gym, Pool, Electricity Meter, Water Meter, Elevator","https://www.dubizzle.com.eg/en/ad/investment-opportunity-chalet-for-sale-ready-to-move-230-m-in-mazarine-el-alamein-city-next-to-porto-fully-finished-with-a-distinctive-view-ID503450286.html","2026-05-09 11:08:06.32","dubizzle","2026-05-09 11:08:06.32","2026-05-09 20:33:17.733146"
1179,"9f0c663e8f552df17e964850241ede67",9000000,"Mountain View iCity Compound, 5th Settlement","","2",2,111,"Apartment","Unfurnished","","https://www.dubizzle.com.eg/en/ad/apartment-for-sale-with-a-cash-discount-of-40-in-the-fifth-settlement-inside-mountain-view-icity-ID503485688.html","2026-05-09 11:08:06.539","dubizzle","2026-05-09 11:08:06.539","2026-05-09 20:33:18.102697"
1180,"254a4de70e915d10de06c25b83701ce7",10200000,"Mountain View iCity Compound, 5th Settlement","","3",3,165,"Apartment","Unfurnished","","https://www.dubizzle.com.eg/en/ad/apartment-for-sale-in-mountain-view-icity-al-tagamoa-with-a-40-discount-ID503485681.html","2026-05-09 11:08:06.755","dubizzle","2026-05-09 11:08:06.755","2026-05-09 20:33:18.475304"
1181,"8b6dab04f0a64b736bb43440e2025294",8000000,"EL Patio ORO Compound, 5th Settlement","","3",3,164,"Apartment","Unfurnished","Balcony, Private Garden, Electricity Meter","https://www.dubizzle.com.eg/en/ad/fully-finished-apartment-with-a-north-facing-view-immediate-delivery-available-for-sale-in-a-prime-location-in-new-cairo-near-the-american-univer-ID503294754.html","2026-05-09 11:08:06.985","dubizzle","2026-05-09 11:08:06.985","2026-05-09 20:33:18.854709"
1182,"d36b2db6d29efa863c0f41b9b5e7cfc6",9000000,"Nasr City, Cairo","","","",90,"Clinic","Unfurnished","Air Conditioning, Covered Parking, Security, Storage","https://www.dubizzle.com.eg/en/ad/%D8%B9%D9%8A%D8%A7%D8%AF%D8%A9-%D9%84%D9%84%D8%A8%D9%8A%D8%B9-%D9%81%D9%8A-%D9%85%D8%AF%D9%8A%D9%86%D8%A9-%D9%86%D8%B5%D8%B1-%D8%A8%D8%A7%D9%84%D8%A8%D8%B1%D8%AC-%D8%A7%D9%84%D8%B7%D8%A8%D9%89-%D8%A8%D9%85%D8%B3%D8%AA%D8%B4%D9%81%D9%89-%D8%AF%D8%A7%D8%B1-%D8%A7%D9%84%D9%81%D8%A4%D8%A7%D8%AF-nasr-city-ID206725326.html","2026-05-09 11:08:07.204","dubizzle","2026-05-09 11:08:07.204","2026-05-09 20:33:19.24316"
1183,"7733e00cacb9ca2e4eb699aa16bd9760",1500,"Palmera, Ain Sukhna","","1",1,55,"Chalet","","Built in Kitchen Appliances, Private Garden, Pool","https://www.dubizzle.com.eg/en/ad/%D8%A8%D8%A7%D9%84%D9%85%D9%8A%D8%B1%D8%A7-%D8%A7%D9%84%D8%B3%D8%AE%D9%86%D9%87-%D8%B9-%D8%A7%D9%84%D8%A8%D8%AD%D8%B1-ID120356843.html","2026-05-09 11:08:07.444","dubizzle","2026-05-09 11:08:07.444","2026-05-09 20:33:19.603634"
1184,"ecb1629c479b1bd44268d11314e17f66",3250000,"Nasr City, Cairo","","2",1,118,"Apartment","Unfurnished","Security","https://www.dubizzle.com.eg/en/ad/apartment-finished-for-a-great-deal-for-sale-immediate-delivery-next-to-the-railway-club-and-contractors-ID503485670.html","2026-05-09 11:08:07.66","dubizzle","2026-05-09 11:08:07.66","2026-05-09 20:33:19.96315"
1185,"ea09fb0eb45ca59090ace61650908e1f",5700000,"Sarai, Mostakbal City","","3",4,182,"Apartment","","Private Garden, Electricity Meter","https://www.dubizzle.com.eg/en/ad/sarai-new-cairo-apartment-modern-for-sale-182-sqm-prime-bahary-view-best-price-in-s2-phase-ID503484785.html","2026-05-09 11:08:07.881","dubizzle","2026-05-09 11:08:07.881","2026-05-09 20:33:20.344311"
1186,"a6ca74e83c9864ba2a92956db839d089",4000000,"Azha, Ras Al Hekma","","2",2,120,"Chalet","Unfurnished","Balcony, Private Garden, Security, Sea View, Gym, Pool, Electricity Meter, Water Meter, Elevator","https://www.dubizzle.com.eg/en/ad/120m-chalet-directly-on-the-sea-sea-view-fully-finishedwith-ac-for-sale-in-azha-north-coast-near-alamein-ID503449758.html","2026-05-09 11:08:08.107","dubizzle","2026-05-09 11:08:08.107","2026-05-09 20:33:20.723241"
1187,"de79f5d7f7bfb4c32171c675390e8b4d",25000000,"Madinaty, Cairo","","4",3,400,"Stand Alone Villa","Unfurnished","","https://www.dubizzle.com.eg/en/ad/villa-for-sale-in-madinaty-with-special-finishes-model-h-ID503485657.html","2026-05-09 11:08:08.338","dubizzle","2026-05-09 11:08:08.338","2026-05-09 20:33:21.083344"
1188,"0570d443a6d1c98f489e2d33ed76fc68",500000,"Swan Lake Katameya Compound, 1st Settlement","","5",5,800,"Stand Alone Villa","Furnished","Balcony, Built in Kitchen Appliances, Private Garden, Central A/C & heating, Security, Covered Parking, Maids Room, Pets Allowed, Pool, Electricity Meter, Water Meter, Natural Gas, Landline","https://www.dubizzle.com.eg/en/ad/luxuriously-furnished-villa-in-swan-lake-katameya-prime-location-in-new-cairo-ID501805878.html","2026-05-09 11:08:08.554","dubizzle","2026-05-09 11:08:08.554","2026-05-09 20:33:21.453364"
1189,"67a50a396a640c71ce17442963d3bf88",16500000,"Madinaty, Cairo","","","",72,"Restaurant & Cafe","Unfurnished","Covered Parking","https://www.dubizzle.com.eg/en/ad/opportunity-to-invest-in-a-shop-for-sale-in-the-craft-zone-in-madinaty-fb-activity-at-a-special-price-of-72m-ID503432696.html","2026-05-09 11:08:08.773","dubizzle","2026-05-09 11:08:08.773","2026-05-09 20:33:21.81349"
1190,"f2338933dbd9efead73224ecc31d23b0",21000000,"Marsa Baghush, North Coast","","3",3,145,"Chalet","Unfurnished","Private Garden, Gym, Pool","https://www.dubizzle.com.eg/en/ad/latest-chalet-in-marassi-boghos-at-a-bargain-price-first-line-to-the-lagoon-steps-to-the-sea-fully-finished-see-view-ID503485855.html","2026-05-09 11:08:08.986","dubizzle","2026-05-09 11:08:08.986","2026-05-09 20:33:22.183564"
1310,"021bedb0b9887bc7e44b28c713f63086",6062000,"Scenario, New Capital City","","3",3,197,"Apartment","Unfurnished","","https://www.dubizzle.com.eg/en/ad/move-in-now-compound-near-bue-on-the-central-axis-ID503483077.html","2026-05-09 13:56:02.249","dubizzle","2026-05-09 13:56:02.249","2026-05-09 20:34:14.657314"
1191,"c6e0b62c1beb9806c7764ad445d9959e",30237500,"Marsa Baghush, North Coast","","4",4,320,"Chalet","Unfurnished","Private Garden, Sea View, Electricity Meter, Water Meter","https://www.dubizzle.com.eg/en/ad/stand-alone-chalet-320m-at-marsa-bagoush-sidi-heneish-4br-fully-finished-5-dp-over-8-years-crystal-lagoons-botanical-gardens-prime-ID503342362.html","2026-05-09 11:08:09.201","dubizzle","2026-05-09 11:08:09.201","2026-05-09 20:33:22.553926"
1192,"e5fcea3fb8943c6e7880e24117d6e33f",14700000,"Azha, Ras Al Hekma","","3",2,160,"Apartment","Unfurnished","","https://www.dubizzle.com.eg/en/ad/ground-floor-apartment-in-azha-north-coast-one-of-the-most-prestigious-areas-160-sqm-100-sqm-private-garden-3-bedrooms-1-master-2-bathrooms-ID503127977.html","2026-05-09 11:08:09.421","dubizzle","2026-05-09 11:08:09.421","2026-05-09 20:33:22.924037"
1193,"f1fd4b9597d5c7d8178c5937e77136c4",16000000,"Madinaty, Cairo","","4",3,243,"Apartment","Unfurnished","Security, Electricity Meter, Water Meter, Natural Gas","https://www.dubizzle.com.eg/en/ad/for-sale-a-very-special-apartment-in-madinaty-b3-an-exceptional-location-opposite-gate-3-of-the-club-the-apartment-is-243-sq-m-with-a-60-sq-m-garde-ID503125674.html","2026-05-09 11:08:09.636","dubizzle","2026-05-09 11:08:09.637","2026-05-09 20:33:23.284047"
1194,"3518c7bcbd5eb933138b5b6d8be2ffb5",9000000,"Madinaty, Cairo","","3",2,140,"Apartment","Unfurnished","","https://www.dubizzle.com.eg/en/ad/%D8%B4%D9%82%D8%A9-%D9%85%D8%AF%D9%8A%D9%86%D8%AA%D9%8A-140-%D9%85-%D9%85%D9%82%D8%AF%D9%85-2-%D9%85%D9%84%D9%8A%D9%88%D9%86-800-%D8%AA%D9%85%D9%8A%D8%B2-%D9%85%D8%AC%D8%B1%D9%8A-%D8%A7%D9%84%D8%B3%D9%8A%D9%84-%D8%B7%D9%84%D8%B9%D8%AA-%D9%85%D8%B5%D8%B7%D9%81%D9%8A-b14-%D8%B4%D9%82%D8%A9-%D9%85%D8%AF%D9%8A%D9%86%D8%AA%D9%8A-ID503485853.html","2026-05-09 11:08:09.857","dubizzle","2026-05-09 11:08:09.857","2026-05-09 20:33:23.643701"
1195,"395bedb0980f270701e6517ea4af5f1f",4180000,"Shorouk City, Cairo","","3",3,220,"Apartment","Unfurnished","Balcony, Electricity Meter, Water Meter, Natural Gas, Elevator","https://www.dubizzle.com.eg/en/ad/apartment-for-sale-220m-al-filaat-neighborhood-first-east-of-al-shorouk-on-al-nahda-square-ID503113750.html","2026-05-09 11:08:10.077","dubizzle","2026-05-09 11:08:10.077","2026-05-09 20:33:24.003732"
1196,"fed8c714e741ef26c6d555a865bcea27",2800000,"Seyouf, Alexandria","","2",2,125,"Apartment","Unfurnished","Balcony, Security, Electricity Meter, Water Meter, Landline, Elevator","https://www.dubizzle.com.eg/en/ad/%D8%A7%D8%A8%D8%B1%D8%A7%D8%AC-%D9%83%D8%A7%D8%B1%D9%81%D9%88%D8%B1-%D8%A7%D9%84%D8%B3%D9%8A%D9%88%D9%81-%D8%B3%D9%8A%D8%AA%D9%8A-%D9%84%D8%A7%D9%8A%D8%AA-ID207426647.html","2026-05-09 11:08:10.317","dubizzle","2026-05-09 11:08:10.317","2026-05-09 20:33:24.364189"
1197,"ad5787d3e22486d4998afcd497d7ca9f",14490,"Hurghada, Red Sea","","","",15,"Office Space","Furnished","Air Conditioning","https://www.dubizzle.com.eg/en/ad/find-office-space-in-hurghada-royal-for-3-persons-with-everything-taken-care-of-ID501064442.html","2026-05-09 11:08:10.533","dubizzle","2026-05-09 11:08:10.533","2026-05-09 20:33:24.723854"
1198,"9f0ac6b12b6165265892863871fbca96",33500000,"Uptown Cairo, Mokattam","","4",4,300,"Stand Alone Villa","Unfurnished","Balcony, Private Garden, Security, Maids Room, Pets Allowed, Electricity Meter, Water Meter, Natural Gas","https://www.dubizzle.com.eg/en/ad/lowest-price-fully-finished-twinhouse-ready-to-move-prime-location-in-uptown-cairo-by-emaar-ID503083944.html","2026-05-09 11:08:10.747","dubizzle","2026-05-09 11:08:10.747","2026-05-09 20:33:25.084009"
1199,"cf734976c9800bb015a42deac3bf8b03",22000000,"Mountain View Hyde Park Compound, 5th Settlement","","3",4,281,"Town House","Unfurnished","Balcony, Private Garden, Security, Maids Room, Pets Allowed","https://www.dubizzle.com.eg/en/ad/villa-townhouse-corner-for-sale-mountain-view-hyde-park-prime-location-garden-view-ready-to-move-ID503076703.html","2026-05-09 11:08:10.97","dubizzle","2026-05-09 11:08:10.97","2026-05-09 20:33:25.45415"
1200,"ed9769b37076429098375b8574b5cd10",2600000,"New Miami, El Daraisa","","3",1,145,"Apartment","Unfurnished","Balcony, Built in Kitchen Appliances, Security, Covered Parking, Pets Allowed, Electricity Meter, Water Meter, Natural Gas, Landline, Elevator","https://www.dubizzle.com.eg/en/ad/ultra-lux-apartment-for-sale-145m-new-miami-al-quds-school-street-off-mustafa-kamel-public-street-ID503449121.html","2026-05-09 11:08:11.187","dubizzle","2026-05-09 11:08:11.187","2026-05-09 20:33:25.84442"
1201,"c36c85c388731fd7b6eaa2be9e2549a0",18512000,"EL Patio Prime, Shorouk City","","4",5,211,"Stand Alone Villa","Unfurnished","Private Garden, Security, Covered Parking, Maids Room, Pets Allowed, Pool, Water Meter","https://www.dubizzle.com.eg/en/ad/villa-in-the-ministers-square-ready-to-move-in-with-a-stunning-landscaped-view-ID503232077.html","2026-05-09 11:08:11.416","dubizzle","2026-05-09 11:08:11.416","2026-05-09 20:33:26.204354"
1202,"d7be24c84ece2459c1752c95631708dc",27700000,"Hyde Park New Cairo Compound, 5th Settlement","","4",3,318,"Twin House","Unfurnished","","https://www.dubizzle.com.eg/en/ad/lowest-price-in-market-for-twinhouse-ready-to-move-finished-super-lux-318m-modern-in-hyde-park-new-cairo-fifth-settlement-ID503485071.html","2026-05-09 11:08:11.637","dubizzle","2026-05-09 11:08:11.637","2026-05-09 20:33:26.574271"
1203,"75203dbc7d07e425b17afc49290de420",2912000,"New Damietta, Damietta","","","",52,"Clinic","Unfurnished","","https://www.dubizzle.com.eg/en/ad/for-sale-a-ready-to-operate-clinic-in-new-damietta-two-rooms-ID503485042.html","2026-05-09 11:08:11.854","dubizzle","2026-05-09 11:08:11.854","2026-05-09 20:33:26.954297"
1204,"3020d58fa08186ffc55e2545345044f4",4933000,"New Damietta, Damietta","","4",3,297,"Duplex","Unfurnished","Private Garden, Electricity Meter, Water Meter, Natural Gas","https://www.dubizzle.com.eg/en/ad/duplex-villa-with-a-large-garden-for-sale-in-new-damietta-the-most-distinguished-area-ID502865221.html","2026-05-09 11:08:12.073","dubizzle","2026-05-09 11:08:12.073","2026-05-09 20:33:27.324969"
1205,"db03fed14badbebc4b7768156aad799c",6248029,"Qamari, New Capital City","","3",3,168,"Apartment","Unfurnished","Built in Kitchen Appliances, Private Garden, Security, Pool, Landline","https://www.dubizzle.com.eg/en/ad/the-ultimate-investment-luxury-living-on-diplomatic-district-ID503484934.html","2026-05-09 11:08:12.292","dubizzle","2026-05-09 11:08:12.292","2026-05-09 20:33:27.705547"
1206,"7c6dd7187f8ee4fc991f0be4738e04a9",5643486,"Taj Tower, New Capital City","","","",18,"Retail","","Air Conditioning, Covered Parking, Security, Storage","https://www.dubizzle.com.eg/en/ad/with-just-a-5-down-payment-own-your-retail-directly-facing-the-iconic-tower-in-the-strongest-investment-zone-in-all-of-egypt-ID503484971.html","2026-05-09 11:08:12.509","dubizzle","2026-05-09 11:08:12.509","2026-05-09 20:33:28.084828"
1207,"91e719468a71c512640c5554db8981f1",3700000,"North Coast, Matruh","","2",1,90,"Chalet","Unfurnished","Private Garden, Sea View, Gym, Pool, Electricity Meter, Water Meter","https://www.dubizzle.com.eg/en/ad/first-row-chalet-on-the-lagoon-with-a-private-beach-and-view-of-the-largest-swimmable-lagoons-for-sale-on-the-north-coast-at-the-initial-launch-price-ID503417553.html","2026-05-09 11:08:12.724","dubizzle","2026-05-09 11:08:12.724","2026-05-09 20:33:28.495016"
1208,"6fc78f1c55ac7e01ecb270cf0e7493aa",7000000,"El Khamayel Compound, Sheikh Zayed","","3",2,165,"Apartment","Unfurnished","Balcony, Covered Parking, Electricity Meter, Water Meter, Natural Gas","https://www.dubizzle.com.eg/en/ad/very-special-apartment-view-very-prime-ultra-modern-finishing-location-khamayl-compound-ID502521794.html","2026-05-09 11:08:12.942","dubizzle","2026-05-09 11:08:12.942","2026-05-09 20:33:28.886235"
1209,"7b70743a402a6aa12e6be60eccf3a12d",4200000,"Ain Sukhna, Suez","","3",2,115,"Chalet","Furnished","Private Garden, Sea View, Gym, Pool, Electricity Meter, Water Meter","https://www.dubizzle.com.eg/en/ad/furnished-and-equipped-chalet-for-sale-ready-for-immediate-occupancy-with-a-panoramic-sea-view-first-row-on-the-beach-for-sale-in-ain-sokhna-ID503325060.html","2026-05-09 11:08:13.172","dubizzle","2026-05-09 11:08:13.172","2026-05-09 20:33:29.304762"
1210,"69bfbf0986eca62e120d0b3d70102e6d",14900000,"King Mariout, Alexandria","","6",6,550,"Stand Alone Villa","Unfurnished","Balcony, Built in Kitchen Appliances, Private Garden, Central A/C & heating, Security, Covered Parking, Maids Room, Pets Allowed, Pool, Electricity Meter, Water Meter, Natural Gas, Landline","https://www.dubizzle.com.eg/en/ad/palace-and-villa-in-king-maryout-mohammed-rashid-street-ID503485631.html","2026-05-09 11:08:13.39","dubizzle","2026-05-09 11:08:13.39","2026-05-09 20:33:29.708208"
1211,"538319b9de492f5ddd3ba7856a8a62a9",2700000,"North Coast, Matruh","","3",2,234,"Chalet","Unfurnished","Private Garden, Security, Sea View, Gym, Pool, Electricity Meter, Water Meter","https://www.dubizzle.com.eg/en/ad/instant-receipt-by-installment-a-chalet-for-sale-on-the-sea-direct-first-row-on-the-lagoon-with-complete-finishing-in-the-north-coast-ID503485629.html","2026-05-09 11:08:13.607","dubizzle","2026-05-09 11:08:13.607","2026-05-09 20:33:30.095113"
1212,"0165f43870ecf200ee6d0f4ccb68b8a2",7750000,"El Khamayel Compound, Sheikh Zayed","","3",3,153,"Apartment","Unfurnished","Balcony, Private Garden, Security, Covered Parking, Pets Allowed, Pool, Electricity Meter, Water Meter, Natural Gas, Landline","https://www.dubizzle.com.eg/en/ad/ground-floor-apartment-with-garden-for-sale-in-a-prime-location-in-al-khamael-compound-sheikh-zayed-ID503484375.html","2026-05-09 11:08:13.829","dubizzle","2026-05-09 11:08:13.829","2026-05-09 20:33:30.545459"
1213,"39d2a86d28f71fc4c60bbdc38cf75bec",5100000,"Mazarine, Alamein","","3",2,224,"Chalet","Unfurnished","Balcony, Private Garden, Security, Gym, Pool, Electricity Meter, Water Meter","https://www.dubizzle.com.eg/en/ad/chalet-for-sale-224m-ready-for-inspection-first-row-on-the-lagoon-and-the-sea-fully-finished-next-to-marina-near-marassi-and-hacienda-bay-in-mazarine-ID503447645.html","2026-05-09 11:08:14.072","dubizzle","2026-05-09 11:08:14.072","2026-05-09 20:33:30.924293"
1214,"d3bf07696123f20fdd15fe01486caba2",24600000,"Al Burouj, Shorouk City","","3",5,453,"Stand Alone Villa","Unfurnished","Built in Kitchen Appliances, Private Garden, Covered Parking, Pets Allowed, Electricity Meter, Water Meter, Natural Gas, Landline","https://www.dubizzle.com.eg/en/ad/standalone-villa-for-sale-453-sq-m-in-al-burouj-compound-3-bedrooms-finished-in-shorouk-near-the-new-administrative-capital-ID503316375.html","2026-05-09 11:08:14.322","dubizzle","2026-05-09 11:08:14.322","2026-05-09 20:33:31.285381"
1215,"dba01a70b7cb14995f899c85573b9d42",4000000,"Sidi Beshr, Alexandria","","4",2,220,"Apartment","Unfurnished","Balcony, Built in Kitchen Appliances, Security, Pets Allowed, Electricity Meter, Water Meter, Natural Gas, Landline, Elevator","https://www.dubizzle.com.eg/en/ad/%D8%B4%D9%82%D8%A9-220%D9%85-%D8%B5%D8%A7%D9%81%D9%8A-%D9%84%D9%84%D8%A8%D9%8A%D8%B9-%D8%B3%D9%8A%D8%AF%D9%8A-%D8%A8%D8%B4%D8%B1-%D8%B4-%D8%A7%D9%84%D8%B9%D9%8A%D8%B3%D9%88%D9%8A-%D8%AC%D9%85%D9%8A%D8%B9-%D8%A7%D9%84%D9%85%D8%B7%D9%84%D8%A7%D8%AA-%D9%85%D9%81%D8%AA%D9%88%D8%AD%D8%A9-ID207887749.html","2026-05-09 11:08:14.567","dubizzle","2026-05-09 11:08:14.567","2026-05-09 20:33:31.715737"
1216,"2bbd2f9ed9c9a76496908f1fb54d4ace",9800000,"10th of Ramadan, Sharqia","","","",450,"Residential","","","https://www.dubizzle.com.eg/en/ad/house-in-neighborhood-7-area-450-meters-third-number-from-the-tenth-street-of-ramadan-ID503485617.html","2026-05-09 11:08:14.799","dubizzle","2026-05-09 11:08:14.799","2026-05-09 20:33:32.085333"
1217,"62c0e96a4cebaa02358ab5884225d05c",4200000,"Gamal Abdel Nasser St., Mandara","","3",1,165,"Apartment","Unfurnished","Balcony, Security, Electricity Meter, Water Meter, Natural Gas, Landline, Elevator","https://www.dubizzle.com.eg/en/ad/%D8%B4%D9%82%D8%A9-%D9%84%D9%84%D8%A8%D9%8A%D8%B9-%D9%A1%D9%A6%D9%A5-%D9%85%D8%AA%D8%B1-%D8%A7%D9%84%D9%85%D9%86%D8%AF%D8%B1%D8%A9-%D8%B4%D8%A7%D8%B1%D8%B9-%D8%AC%D9%85%D8%A7%D9%84-%D8%B9%D8%A8%D8%AF-%D8%A7%D9%84%D9%86%D8%A7%D8%B5%D8%B1-%D8%A7%D9%84%D8%B1%D8%A6%D9%8A%D8%B3%D9%8A-%D9%81%D9%8A%D9%88-%D9%85%D9%81%D8%AA%D9%88%D8%AD-ID207887667.html","2026-05-09 11:08:15.02","dubizzle","2026-05-09 11:08:15.02","2026-05-09 20:33:32.445041"
1218,"0602348e1d80e6351a2f61d5f635cadb",4000000,"Seashore, Ras Al Hekma","","2",1,120,"Chalet","Furnished","Balcony, Built in Kitchen Appliances, Private Garden, Security, Sea View, Gym, Pool, Electricity Meter, Water Meter, Elevator","https://www.dubizzle.com.eg/en/ad/chalet-for-sale-in-north-coast-hyde-park-seashore-ras-el-hekma-with-installments-on-the-sea-fully-finished-ultra-luxurious-near-naya-bay-haci-ID503343871.html","2026-05-09 11:08:15.242","dubizzle","2026-05-09 11:08:15.242","2026-05-09 20:33:32.805514"
1219,"5b598684c0cfe92d6524145ab2618e7b",9934000,"Hyde Park New Cairo Compound, 5th Settlement","","3",3,168,"Apartment","Unfurnished","Private Garden, Security, Covered Parking, Pets Allowed","https://www.dubizzle.com.eg/en/ad/for-sale-below-market-price-open-view-apartment-in-hyde-park-compound-fifth-settlement-very-prime-location-water-features-ID503333109.html","2026-05-09 11:08:15.458","dubizzle","2026-05-09 11:08:15.458","2026-05-09 20:33:33.165702"
1220,"0c26b113a48e0b568ee1e5a73c717bc6",12500000,"Lake view Residence Compound, 5th Settlement","","2",2,133,"Apartment","Unfurnished","Private Garden, Security, Covered Parking, Pets Allowed","https://www.dubizzle.com.eg/en/ad/for-quick-sale-at-below-market-price-ultra-super-lux-finished-apartment-in-lake-view-residence-fifth-settlement-very-prime-location-ready-for-view-ID503333037.html","2026-05-09 11:08:15.697","dubizzle","2026-05-09 11:08:15.697","2026-05-09 20:33:33.586169"
1221,"af577c8b76e636844404a010b305c852",200000000,"Marassi, Sidi Abdel Rahman","","6",6,646,"Stand Alone Villa","Furnished","Balcony, Built in Kitchen Appliances, Private Garden, Central A/C & heating, Security, Covered Parking, Maids Room, Pets Allowed, Pool, Electricity Meter, Water Meter","https://www.dubizzle.com.eg/en/ad/villa-resale-with-private-beach-and-private-pool-one-of-the-most-luxurious-villas-in-safi-marassi-north-coast-5-minutes-from-hacienda-and-1-minute-from-stella-ID503116053.html","2026-05-09 11:08:15.942","dubizzle","2026-05-09 11:08:15.942","2026-05-09 20:33:34.035583"
1222,"8bc81d0a79dc22bd927db9ee5b308fcf",10980000,"Hyde Park New Cairo Compound, 5th Settlement","","3",3,192,"Apartment","","Balcony, Private Garden, Electricity Meter","https://www.dubizzle.com.eg/en/ad/apartment-for-sale-in-hyde-park-new-cairo-fully-finished-with-kitchen-acs-prime-opportunity-ID503484807.html","2026-05-09 11:08:16.18","dubizzle","2026-05-09 11:08:16.18","2026-05-09 20:33:34.395124"
1223,"9eeee4ae61f48d65bf648f7b6ac37ef9",7000000,"Obour City, Cairo","","5",3,300,"Duplex","Unfurnished","Balcony, Security, Electricity Meter, Water Meter, Natural Gas, Landline","https://www.dubizzle.com.eg/en/ad/duplex-for-sale-in-obour-city-fourth-district-near-mall-and-services-300-sqm-150-sqm-garden-basement-parking-great-family-home-ID503483758.html","2026-05-09 11:08:16.397","dubizzle","2026-05-09 11:08:16.397","2026-05-09 20:33:34.765337"
1224,"c335dc02a762ede1dc02cd703193cc77",150000,"Sarayat El Maadi, Maadi","","2",2,200,"Apartment","Furnished","Balcony, Central A/C & heating, Security, Pool, Electricity Meter, Water Meter, Natural Gas, Landline","https://www.dubizzle.com.eg/en/ad/luxury-villa-for-rent-in-sarayat-el-maadi-with-private-garden-2-bedrooms-swimming-pool-and-jacuzzi-ID503304821.html","2026-05-09 11:08:16.615","dubizzle","2026-05-09 11:08:16.615","2026-05-09 20:33:35.175706"
1225,"2e063a3db8318dc25a6c1ba2c2ab1682",25503000,"D-Bay, North Coast","","5",7,280,"Stand Alone Villa","","Balcony, Private Garden, Covered Parking, Maids Room, Pets Allowed, Electricity Meter, Water Meter, Natural Gas","https://www.dubizzle.com.eg/en/ad/standalone-villa-for-sale-at-a-great-price-and-location-with-a-panoramic-sea-view-fully-finished-resale-in-d-bay-north-coast-ID503128757.html","2026-05-09 11:08:16.834","dubizzle","2026-05-09 11:08:16.834","2026-05-09 20:33:35.645014"
1226,"fe5d0c66bfe6c4074bac401e6d214c94",2000,"Golden Beach Ras Sedr, Ras Sedr","","2",1,120,"Chalet","","Balcony, Built in Kitchen Appliances, Private Garden, Security, Pool, Water Meter","https://www.dubizzle.com.eg/en/ad/chalet-for-rent-in-ras-sudr-golden-beach-1-village-ID503479906.html","2026-05-09 11:08:17.058","dubizzle","2026-05-09 11:08:17.058","2026-05-09 20:33:36.004874"
1229,"2793af7c8a0208982133e66f33601c73",240000,"One Katameya, Katameya","","","",280,"Office Space","Furnished","Air Conditioning, Storage","https://www.dubizzle.com.eg/en/ad/office-headquarters-for-companies-250-sqm-furnished-air-conditioned-in-one-katameya-the-most-prestigious-administrative-buildings-directly-on-the-maadi-ring-road-ID502883172.html","2026-05-09 11:08:17.708","dubizzle","2026-05-09 11:08:17.708","2026-05-09 20:33:37.14565"
1230,"8b253785298788d232c782a3990fd878",5200000,"Telal Sokhna, Ain Sukhna","","1",1,56,"Studio","","Balcony, Private Garden, Security, Covered Parking, Pets Allowed, Pool, Electricity Meter, Water Meter, Natural Gas, Landline, Elevator","https://www.dubizzle.com.eg/en/ad/studio-for-sale-finished-with-air-conditioning-sea-view-installment-over-10-years-in-tlal-al-ain-sokhna-ID503341288.html","2026-05-09 11:08:18.402","dubizzle","2026-05-09 11:08:18.402","2026-05-09 20:33:37.515591"
1231,"c0a74b6e998dacd76384c094664ee853",25000,"Al Mostathmir El Saghir, Sheikh Zayed","","3",1,170,"Apartment","Furnished","Built in Kitchen Appliances, Security, Electricity Meter","https://www.dubizzle.com.eg/en/ad/for-the-quick-rental-of-a-furnished-apartment-in-the-small-investor-area-8th-district-sheikh-zayed-newly-finished-fully-furnished-and-air-conditioned-with-a-distinctive-view-third-floor-with-elevator-for-families-only-ID503485847.html","2026-05-09 11:08:18.618","dubizzle","2026-05-09 11:08:18.618","2026-05-09 20:33:37.87616"
1232,"523872637047eb9abbd9e4806d93bf86",2350000,"Al Hadaba Al Wosta, Mokattam","","3",1,145,"Apartment","Unfurnished","","https://www.dubizzle.com.eg/en/ad/apartment-for-sale-145m-elevated-ground-immediate-delivery-in-the-first-neighborhood-central-plateau-mokattam-ID503230083.html","2026-05-09 13:55:42.829","dubizzle","2026-05-09 13:55:42.829","2026-05-09 20:33:38.245531"
1233,"7fea4571855121f65687997d77418a67",5625000,"North Rehab, 1st Settlement","","3",3,155,"Apartment","Unfurnished","Balcony, Private Garden, Security, Covered Parking, Pets Allowed, Electricity Meter, Water Meter, Elevator","https://www.dubizzle.com.eg/en/ad/for-sale-155-sqm-apartment-garden-your-apartment-in-the-best-location-in-new-cairo-in-front-of-rehab-city-and-the-eastern-market-of-rehab-ID502975617.html","2026-05-09 13:55:43.473","dubizzle","2026-05-09 13:55:43.473","2026-05-09 20:33:38.626502"
1234,"e6e46ef9e45404f2c072fa2090d8d110",21700000,"Noor City, New Capital City","","3",3,213,"Stand Alone Villa","Unfurnished","Covered Parking, Pets Allowed, Electricity Meter, Landline","https://www.dubizzle.com.eg/en/ad/townhouse-villa-model-q2-for-sale-in-noor-city-commercial-use-quick-sale-large-land-area-ID503485901.html","2026-05-09 13:55:43.953","dubizzle","2026-05-09 13:55:43.953","2026-05-09 20:33:38.995907"
1235,"d6947db85e8c81f30cdc48c8d167d5fd",13000,"Madinaty, Cairo","","2",1,78,"Apartment","Unfurnished","Security, Covered Parking, Pets Allowed, Electricity Meter, Water Meter, Elevator","https://www.dubizzle.com.eg/en/ad/78m2-two-bedroom-apartment-for-rent-in-madinaty-b12-repeated-floor-street-and-garden-view-steps-away-from-services-ID503485865.html","2026-05-09 13:55:44.189","dubizzle","2026-05-09 13:55:44.19","2026-05-09 20:33:39.365556"
1236,"744036fc94e2053233b597fe2ac79713",2100000,"1st Settlement, New Cairo","","1",1,50,"Studio","Unfurnished","","https://www.dubizzle.com.eg/en/ad/own-a-studio-directly-on-mustafa-kamel-axis-near-qabbani-prime-location-first-settlement-ID503454638.html","2026-05-09 13:55:44.432","dubizzle","2026-05-09 13:55:44.432","2026-05-09 20:33:39.726212"
1237,"3917682c829d6f970fc299f3bac27bfc",10000000,"Solen, North Coast","","1",1,50,"Chalet","Furnished","Balcony, Built in Kitchen Appliances, Private Garden, Security, Sea View, Gym, Pool, Electricity Meter, Water Meter, Elevator","https://www.dubizzle.com.eg/en/ad/studio-for-sale-ready-for-immediate-delivery-fully-finished-with-air-conditioners-furniture-and-electrical-appliances-in-solin-north-coast-mari-ID503433851.html","2026-05-09 13:55:44.678","dubizzle","2026-05-09 13:55:44.679","2026-05-09 20:33:40.096082"
1238,"4c7f4558579b5c7b008ece857ff50279",48000,"New Giza Compound, 6th of October","","1",2,105,"Apartment","Furnished","Private Garden, Pets Allowed, Pool, Water Meter, Natural Gas, Landline","https://www.dubizzle.com.eg/en/ad/furnished-apartment-for-rent-in-new-giza-compound-and-westridge-for-a-shot-ID503401055.html","2026-05-09 13:55:44.92","dubizzle","2026-05-09 13:55:44.92","2026-05-09 20:33:40.456093"
1239,"af5b4700e3a56967d74f98d58cbe44f4",5500000,"Palm Hills Alexandria, Amreya","","3",2,179,"Apartment","Unfurnished","Balcony, Built in Kitchen Appliances, Private Garden, Security, Covered Parking, Maids Room, Pets Allowed, Pool, Electricity Meter, Water Meter, Natural Gas, Landline","https://www.dubizzle.com.eg/en/ad/apartment-for-sale-in-palm-hills-alexandria-ID502934211.html","2026-05-09 13:55:45.15","dubizzle","2026-05-09 13:55:45.15","2026-05-09 20:33:40.817804"
1240,"b3e7fd88ef7ad177110bfe24bf98ab82",15000,"Smoha, Alexandria","","","",70,"Office Space","Unfurnished","","https://www.dubizzle.com.eg/en/ad/opportunity-for-clinics-and-companies-licensed-administrative-headquarters-for-rent-70m-smouha-golden-square-next-to-zahraan-mall-15000-egp-monthly-room-reception-bathroom-office-first-floor-and-the-property-has-12-floors-open-view-advertising-facade-ID503485857.html","2026-05-09 13:55:45.377","dubizzle","2026-05-09 13:55:45.377","2026-05-09 20:33:41.185725"
1241,"e42b3eaef265f523bd9c192217a2507b",7500000,"Mohandessin, Giza","","3",3,220,"Apartment","Unfurnished","Balcony, Security, Electricity Meter, Water Meter, Natural Gas, Elevator","https://www.dubizzle.com.eg/en/ad/%D8%B4%D9%82%D8%A9-%D9%84%D9%84%D8%A8%D9%8A%D8%B9-%D8%A8%D9%85%D9%88%D9%82%D8%B9-%D9%85%D9%85%D9%8A%D8%B2-%D8%A8%D8%A7%D9%84%D9%85%D9%87%D9%86%D8%AF%D8%B3%D9%8A%D9%86-%D8%A3%D9%85%D8%A7%D9%85-%D9%86%D8%A7%D8%AF%D9%8A-%D8%A7%D9%84%D8%B2%D9%85%D8%A7%D9%84%D9%83-ID206231059.html","2026-05-09 13:55:45.61","dubizzle","2026-05-09 13:55:45.61","2026-05-09 20:33:41.565073"
1242,"526163874734ef19971a8b04522f2e96",2750000,"Al Hadaba Al Wosta, Mokattam","","3",2,150,"Apartment","Unfurnished","","https://www.dubizzle.com.eg/en/ad/roof-apartment-for-sale-150m-super-luxury-for-installment-in-the-future-division-in-the-middle-of-the-hill-ID503472873.html","2026-05-09 13:55:45.852","dubizzle","2026-05-09 13:55:45.852","2026-05-09 20:33:41.927679"
1243,"4f001a64bbfb430779369b3d3111dab3",12000,"Badya Palm Hills Compound, 6th of October","","1",2,85,"Apartment","Unfurnished","Balcony, Security, Electricity Meter, Water Meter, Elevator","https://www.dubizzle.com.eg/en/ad/%D9%84%D9%84%D8%A5%D9%8A%D8%AC%D8%A7%D8%B1-%D8%B4%D9%82%D8%A9-%D8%A7%D9%88%D9%84-%D8%B3%D9%83%D9%86-%D8%A8%D8%A7%D8%AF%D9%8A%D8%A9-%D8%A7%D9%83%D8%AA%D9%88%D8%A8%D8%B1-badya-ID207761206.html","2026-05-09 13:55:46.109","dubizzle","2026-05-09 13:55:46.109","2026-05-09 20:33:42.295677"
1244,"1e35950eaaa8cd64799089ab65286b72",26000,"Laurent, Alexandria","","","",165,"Office Space","","","https://www.dubizzle.com.eg/en/ad/licensed-administrative-office-in-loran-directly-on-abu-qir-street-with-a-large-advertising-frontage-ID503485915.html","2026-05-09 13:55:46.343","dubizzle","2026-05-09 13:55:46.343","2026-05-09 20:33:42.695628"
1245,"bb5960ed15f7ac7ccedb085b66b02f24",7850000,"Tawny Compound, 6th of October","","6",5,350,"Stand Alone Villa","","Private Garden, Central A/C & heating, Security, Covered Parking, Maids Room, Pets Allowed, Pool, Electricity Meter, Water Meter, Natural Gas, Landline","https://www.dubizzle.com.eg/en/ad/prime-villa-ready-to-move-with-a-very-unique-design-in-hyde-park-near-arkan-plaza-new-giza-golf-extension-ID503485911.html","2026-05-09 13:55:46.58","dubizzle","2026-05-09 13:55:46.58","2026-05-09 20:33:43.156586"
1246,"8778539c7a51dccb0b246a9edbaeead4",28000,"Sawari, Moharam Bik","","3",2,203,"Apartment","Unfurnished","","https://www.dubizzle.com.eg/en/ad/apartment-for-rent-203-sq-m-sawary-compound-egyptian-saudi-ID503485913.html","2026-05-09 13:55:46.81","dubizzle","2026-05-09 13:55:46.81","2026-05-09 20:33:43.9256"
1595,"d1c2230368dfd9ef607f0d8130cf09ff",12500000,"Sarai, Mostakbal City","","5",6,295,"iVilla","","","https://www.dubizzle.com.eg/en/ad/s-villa-with-garden-lowest-price-immediate-delivery-landscape-view-for-sale-in-sarai-new-cairo-ID503470613.html","2026-05-09 13:57:10.661","dubizzle","2026-05-09 13:57:10.661","2026-05-09 20:36:32.369091"
1247,"9079a74d8507f2e619cbd4fce5115b04",300000,"Mivida Compound, 5th Settlement","","4",5,355,"Stand Alone Villa","Unfurnished","Built in Kitchen Appliances, Private Garden, Central A/C & heating, Security, Covered Parking, Pool, Electricity Meter, Water Meter, Natural Gas, Landline","https://www.dubizzle.com.eg/en/ad/luxury-villa-for-rent-in-mivida-with-a-super-luxurious-swimming-pool-ID502860821.html","2026-05-09 13:55:47.041","dubizzle","2026-05-09 13:55:47.041","2026-05-09 20:33:44.855201"
1248,"efe83b12cceda23878e224fa23051990",65000,"JW Marriott, 1st Settlement","","2",3,145,"Apartment","Unfurnished","Built in Kitchen Appliances, Private Garden, Central A/C & heating, Security, Covered Parking, Pool, Electricity Meter, Water Meter, Natural Gas, Landline","https://www.dubizzle.com.eg/en/ad/for-rent-a-semi-furnished-apartment-with-a-pool-view-ID502711862.html","2026-05-09 13:55:47.271","dubizzle","2026-05-09 13:55:47.271","2026-05-09 20:33:45.575988"
1249,"319d0750c8574a6865be1324fa9871cf",12000000,"Beit Al Watan, 5th Settlement","","","",600,"Residential","","","https://www.dubizzle.com.eg/en/ad/600m-plot-a-in-the-8th-district-land-beit-al-watan-fifth-settlement-ID503485912.html","2026-05-09 13:55:47.502","dubizzle","2026-05-09 13:55:47.502","2026-05-09 20:33:46.455924"
1250,"e0d68fabc90f9f3dea1f17ec1d0f1282",8850000,"VYE Sodic Compound, Sheikh Zayed","","2",2,108,"Apartment","Unfurnished","Balcony, Security, Water Meter, Natural Gas","https://www.dubizzle.com.eg/en/ad/licensed-apartment-for-sale-with-installments-over-4-years-ID503485910.html","2026-05-09 13:55:47.731","dubizzle","2026-05-09 13:55:47.731","2026-05-09 20:33:47.458072"
1251,"83439aa832c1ae9f1df61b474f1fcb4a",6200000,"Cleopatra, Alexandria","","","",42,"Retail","Unfurnished","","https://www.dubizzle.com.eg/en/ad/commercial-shop-for-sale-currently-rented-with-excellent-return-on-investment-42-sq-m-cleopatra-port-said-street-ID503485909.html","2026-05-09 13:55:47.961","dubizzle","2026-05-09 13:55:47.961","2026-05-09 20:33:48.549439"
1252,"0cc3834f7ed3816647a72a0a9c320e77",7900000,"Soleya Compound, 6th of October","","2",2,123,"Apartment","","Private Garden, Central A/C & heating, Security, Covered Parking, Pets Allowed, Pool, Electricity Meter, Water Meter, Natural Gas, Landline","https://www.dubizzle.com.eg/en/ad/fully-finished-apartment-with-air-conditioning-ready-to-move-in-soleya-in-front-of-new-giza-and-near-city-view-ID503485908.html","2026-05-09 13:55:48.195","dubizzle","2026-05-09 13:55:48.195","2026-05-09 20:33:48.966689"
1253,"18ad8fe696f927e08435eda2c8d9a268",2750000,"Al Madina El Monawara St., New Nozha","","2",1,115,"Apartment","Unfurnished","Pets Allowed, Electricity Meter, Water Meter, Natural Gas, Landline, Elevator","https://www.dubizzle.com.eg/en/ad/%D8%B4%D9%82%D9%87-%D9%84%D9%84%D8%A8%D9%8A%D8%B9-%D9%A1%D9%A1%D9%A5-%D9%85%D8%AA%D8%B1-%D8%A8%D8%A7%D9%84%D9%86%D8%B2%D9%87%D9%87-%D8%A7%D9%84%D8%AC%D8%AF%D9%8A%D8%AF%D8%A9-%D9%85%D8%AA%D9%81%D8%B1%D8%B9-%D9%85%D9%86-%D8%A7%D9%84%D9%85%D8%AF%D9%8A%D9%86%D9%87-%D8%A7%D9%84%D9%85%D9%86%D9%88%D8%B1%D9%87-%D8%AF%D9%88%D8%B1-%D8%AB%D8%A7%D9%84%D8%AB-ID207872794.html","2026-05-09 13:55:48.428","dubizzle","2026-05-09 13:55:48.428","2026-05-09 20:33:49.369878"
1254,"9f1ecd21db2b3afc627fa59ef7fc0b19",26000000,"District 5 Compound, 5th Settlement","","5",4,258,"Town House","Unfurnished","Built in Kitchen Appliances, Private Garden, Covered Parking, Pets Allowed, Electricity Meter, Water Meter, Natural Gas, Landline","https://www.dubizzle.com.eg/en/ad/townhouse-for-sale-258-sqm-resale-lowest-price-in-the-market-5-bedrooms-prime-location-ready-for-viewing-immediate-delivery-in-district-5-ID503331211.html","2026-05-09 13:55:48.658","dubizzle","2026-05-09 13:55:48.658","2026-05-09 20:33:49.836372"
1255,"54393a0f3ffaa66a09271054f44f9eae",14000000,"El Reef El Orouby Compound, 6th of October","","","",4400,"Residential","","","https://www.dubizzle.com.eg/en/ad/%D9%85%D8%B2%D8%B1%D8%B9%D8%A9-%D9%88%D9%81%D9%8A%D9%84%D8%A7-%D9%81%D9%8A-%D8%A7%D9%84%D8%B1%D9%8A%D9%81-%D8%A7%D9%84%D8%A7%D9%88%D8%B1%D8%A8%D9%89-ID207169821.html","2026-05-09 13:55:48.897","dubizzle","2026-05-09 13:55:48.897","2026-05-09 20:33:50.338449"
1256,"ae43068aaca1c1cfe8c991f9ecc80a3b",100000,"EL Patio 7, 5th Settlement","","2",3,210,"Penthouse","Furnished","Built in Kitchen Appliances, Private Garden, Central A/C & heating, Security, Covered Parking, Pool, Electricity Meter, Water Meter, Natural Gas, Landline","https://www.dubizzle.com.eg/en/ad/semi-furnished-penthouse-for-rent-in-al-patio-7-compound-fifth-settlement-ID503128981.html","2026-05-09 13:55:49.139","dubizzle","2026-05-09 13:55:49.139","2026-05-09 20:33:50.81631"
1257,"354c15004af262eb4c19cf407327b59a",35000,"Village Gate Compound, 5th Settlement","","2",2,146,"Apartment","Unfurnished","Built in Kitchen Appliances, Central A/C & heating, Security, Covered Parking, Electricity Meter, Water Meter, Natural Gas, Landline","https://www.dubizzle.com.eg/en/ad/semi-furnished-apartment-for-rent-in-village-gate-compound-ID503128390.html","2026-05-09 13:55:49.381","dubizzle","2026-05-09 13:55:49.381","2026-05-09 20:33:51.376711"
1258,"946aec52545f17b2aaec070537a8cfd0",6500000,"Village West Compound, Sheikh Zayed","","3",3,167,"Apartment","","Private Garden, Central A/C & heating, Security, Covered Parking, Pets Allowed, Pool, Electricity Meter, Water Meter, Natural Gas, Landline","https://www.dubizzle.com.eg/en/ad/finished-apartment-ready-to-move-in-village-west-sheikh-zayed-nearjeera-etapa-ID503485905.html","2026-05-09 13:55:49.607","dubizzle","2026-05-09 13:55:49.607","2026-05-09 20:33:52.076484"
1259,"be100a400d86f3495a77c50f103d0889",950000,"Blue Bay, North Coast","","1",1,55,"Chalet","Unfurnished","Balcony, Electricity Meter","https://www.dubizzle.com.eg/en/ad/chalet-for-sale-blue-bay-al-sahel-55-m-ID503485904.html","2026-05-09 13:55:49.84","dubizzle","2026-05-09 13:55:49.84","2026-05-09 20:33:52.766559"
1260,"3fee4fc77f25823a8576adda6b4bc569",12500000,"Mountain View - October Park Compound, 6th of October","","5",5,410,"Stand Alone Villa","","Built in Kitchen Appliances, Private Garden, Central A/C & heating, Security, Covered Parking, Pets Allowed, Pool, Electricity Meter, Water Meter, Natural Gas, Landline","https://www.dubizzle.com.eg/en/ad/villa-ready-to-move-in-mountain-view-october-park-next-to-new-giza-close-to-city-view-and-pyramids-hills-ID503485898.html","2026-05-09 13:55:50.073","dubizzle","2026-05-09 13:55:50.073","2026-05-09 20:33:53.206821"
1261,"d3209fef35fe5dbcd363a03913740448",7800000,"Beit Al Watan, 5th Settlement","","","",600,"Residential","","","https://www.dubizzle.com.eg/en/ad/600m-plot-a-in-the-8th-district-land-beit-al-watan-fifth-settlement-ID503485903.html","2026-05-09 13:55:50.304","dubizzle","2026-05-09 13:55:50.304","2026-05-09 20:33:53.646388"
1262,"712f6bbf9a52069f8598aa9f1e9f4821",80,"Swan Lake Katameya Compound, 1st Settlement","","2",3,160,"Apartment","Furnished","Security","https://www.dubizzle.com.eg/en/ad/apartment-for-rent-new-cairo-in-lake-view-residence-ID503485902.html","2026-05-09 13:55:50.541","dubizzle","2026-05-09 13:55:50.541","2026-05-09 20:33:54.246666"
1263,"f3bd13d7fa2746abe047d88b68fcd8c8",22000,"Madinaty, Cairo","","2",1,78,"Apartment","Furnished","Built in Kitchen Appliances, Central A/C & heating, Security","https://www.dubizzle.com.eg/en/ad/furnished-apartment-for-rent-in-madinaty-b12-ID503485900.html","2026-05-09 13:55:50.769","dubizzle","2026-05-09 13:55:50.769","2026-05-09 20:33:54.926974"
1264,"0d31acc2ade524d9ef1f4e960b343d43",45000,"The Village Compound, 5th Settlement","","3",2,170,"Apartment","Furnished","Private Garden, Central A/C & heating, Security, Covered Parking, Electricity Meter, Water Meter, Natural Gas, Landline","https://www.dubizzle.com.eg/en/ad/fully-furnished-apartment-for-rent-in-the-village-compound-ID503234997.html","2026-05-09 13:55:50.996","dubizzle","2026-05-09 13:55:50.996","2026-05-09 20:33:55.687012"
1265,"3ed795336f6b710f2e56cac42240f0d7",13000000,"Madinaty, Cairo","","","",76,"Retail","Unfurnished","Covered Parking","https://www.dubizzle.com.eg/en/ad/shop-for-sale-in-craft-zone-madinaty-area-73-m2-block-9-fully-finished-a-real-investment-opportunity-ID502291367.html","2026-05-09 13:55:51.224","dubizzle","2026-05-09 13:55:51.224","2026-05-09 20:33:56.216436"
1269,"aac5716603dd71c2a14c2101e265ce70",8500000,"Beit Al Watan, 5th Settlement","","","",650,"Residential","","","https://www.dubizzle.com.eg/en/ad/land-for-sale-prime-corner-plot-third-plot-from-north-90th-street-south-of-suez-road-beit-al-watan-fifth-settlement-new-cairo-ID503485897.html","2026-05-09 13:55:52.153","dubizzle","2026-05-09 13:55:52.153","2026-05-09 20:33:58.377183"
1270,"0eb52959638a1f9a464edab46c2a941b",6660000,"Pyramids Heights Compound, 6th of October","","3",3,236,"Apartment","","Private Garden, Central A/C & heating, Security, Covered Parking, Pets Allowed, Pool, Electricity Meter, Water Meter, Natural Gas, Landline","https://www.dubizzle.com.eg/en/ad/finished-apartment-garden-in-pyramids-heights-near-city-view-new-giza-golf-views-ID503485895.html","2026-05-09 13:55:52.382","dubizzle","2026-05-09 13:55:52.382","2026-05-09 20:33:59.107027"
1271,"d27ac00de4a14587ae7fc5fceb12ef47",60000,"Zamalek, Cairo","","","",320,"Retail","Unfurnished","","https://www.dubizzle.com.eg/en/ad/320-square-meters-for-rent-in-zamalek-near-the-marriott-hotel-and-july-26-ID503485885.html","2026-05-09 13:55:52.621","dubizzle","2026-05-09 13:55:52.621","2026-05-09 20:33:59.467273"
1272,"f9de6b93c954d1cbd6e12dcfb72849c5",29999999,"Pyramids Heights Compound, 6th of October","","5",5,400,"Stand Alone Villa","","Built in Kitchen Appliances, Private Garden, Central A/C & heating, Security, Covered Parking, Maids Room, Pets Allowed, Pool, Electricity Meter, Water Meter, Natural Gas, Landline","https://www.dubizzle.com.eg/en/ad/standalone-villa-ready-to-move-in-pyramids-heights-next-to-the-crown-new-giza-pyramids-hills-ID503485894.html","2026-05-09 13:55:52.85","dubizzle","2026-05-09 13:55:52.85","2026-05-09 20:33:59.848508"
1273,"e03e35e59f1d74b35204c6472067743c",8500000,"Zayed Dunes Compound, Sheikh Zayed","","3",3,190,"Apartment","","Private Garden, Security, Covered Parking, Pets Allowed, Pool, Electricity Meter, Water Meter, Natural Gas, Landline","https://www.dubizzle.com.eg/en/ad/apartment-garden-with-a-distinctive-view-of-the-largest-green-space-in-dunes-in-front-of-beverly-hills-ID503485892.html","2026-05-09 13:55:53.097","dubizzle","2026-05-09 13:55:53.097","2026-05-09 20:34:00.347222"
1274,"14bb7ac5e8ad743f4e88fb2cc1d6d343",12000000,"Beit Al Watan, 5th Settlement","","","",830,"Residential","","","https://www.dubizzle.com.eg/en/ad/830-m-letter-a-in-the-8th-district-land-beit-al-watan-fifth-settlement-ID503485891.html","2026-05-09 13:55:53.349","dubizzle","2026-05-09 13:55:53.349","2026-05-09 20:34:00.718626"
1275,"03e6e0a7c065274092480bd252ff659b",46000000,"Madinaty, Cairo","","4",3,360,"Stand Alone Villa","Furnished","Electricity Meter, Water Meter, Natural Gas, Landline","https://www.dubizzle.com.eg/en/ad/standalone-villa-in-the-finest-areas-of-my-city-vg2-group-11-wide-garden-view-ID503469723.html","2026-05-09 13:55:53.573","dubizzle","2026-05-09 13:55:53.573","2026-05-09 20:34:01.106974"
1276,"f0e12495d637dd15bcb29bb00bf5ec73",15500000,"Palm hills golf extension Compound, 6th of October","","4",4,264,"Town House","","Private Garden, Central A/C & heating, Security, Covered Parking, Maids Room, Pets Allowed, Pool, Electricity Meter, Water Meter, Natural Gas, Landline","https://www.dubizzle.com.eg/en/ad/ready-to-move-townhouse-villa-in-golf-extension-palm-hills-sheikh-zayed-next-to-new-giza-and-near-arkan-plaza-and-hyper-one-ID503485890.html","2026-05-09 13:55:53.809","dubizzle","2026-05-09 13:55:53.809","2026-05-09 20:34:01.517597"
1277,"3b55f0bd11135a41f3e6d31952d9a128",21000000,"Rehab City, New Cairo","","4",4,220,"Stand Alone Villa","Unfurnished","Balcony, Private Garden, Security, Water Meter","https://www.dubizzle.com.eg/en/ad/for-sale-in-al-rehab-city-townhouse-villa-ID503485889.html","2026-05-09 13:55:54.056","dubizzle","2026-05-09 13:55:54.056","2026-05-09 20:34:01.917955"
1278,"f443cbbd084cd04685f32cfef7ebf854",15000,"Zayed Gardens Villas, Sheikh Zayed","","3",2,150,"Stand Alone Villa","Unfurnished","Balcony, Security","https://www.dubizzle.com.eg/en/ad/villa-for-rent-150-sqm-in-one-of-the-most-prestigious-areas-of-cairo-ID503485888.html","2026-05-09 13:55:54.297","dubizzle","2026-05-09 13:55:54.297","2026-05-09 20:34:02.29715"
1279,"2d34f90e38ddc11aad81d89fede2fd53",15000000,"Karmell Compound, Sheikh Zayed","","5",5,480,"Stand Alone Villa","","Private Garden, Central A/C & heating, Covered Parking, Maids Room, Pets Allowed, Pool, Electricity Meter, Water Meter, Natural Gas, Landline","https://www.dubizzle.com.eg/en/ad/villa-in-sodic-west-sheikh-zayed-near-allegria-beverly-hills-and-arkan-plaza-ID503485883.html","2026-05-09 13:55:54.529","dubizzle","2026-05-09 13:55:54.529","2026-05-09 20:34:02.657004"
1280,"bb7c2b2dac9beecccd7d45ba869be561",13000000,"Beit Al Watan, 5th Settlement","","","",758,"Residential","","","https://www.dubizzle.com.eg/en/ad/land-for-sale-corner-plot-north-facing-steps-from-bin-zayed-8th-district-beit-al-watan-fifth-settlement-ID503485887.html","2026-05-09 13:55:54.756","dubizzle","2026-05-09 13:55:54.756","2026-05-09 20:34:03.036974"
1281,"cbefc71c0cea19f39cef5bf6ac149ec4",22000,"9th District, Sheikh Zayed","","2",1,80,"Apartment","Furnished","Balcony, Security, Water Meter, Natural Gas","https://www.dubizzle.com.eg/en/ad/licensed-furnished-apartment-for-rent-roof-terrace-ID503485884.html","2026-05-09 13:55:54.983","dubizzle","2026-05-09 13:55:54.983","2026-05-09 20:34:03.436637"
1282,"1e9b3654e6874979d76be9e6feda14ab",25000,"Madinaty, Cairo","","2",1,82,"Apartment","Furnished","Built in Kitchen Appliances, Central A/C & heating, Security","https://www.dubizzle.com.eg/en/ad/furnished-apartment-for-rent-in-madinaty-b11-ID503485881.html","2026-05-09 13:55:55.206","dubizzle","2026-05-09 13:55:55.206","2026-05-09 20:34:03.818452"
1283,"253d956fbadc4cc82902d7c453dd500d",14250000,"Beit Al Watan, 5th Settlement","","","",670,"Residential","","","https://www.dubizzle.com.eg/en/ad/land-for-sale-seafront-4th-district-beit-al-watan-fifth-settlement-ID503485880.html","2026-05-09 13:55:55.431","dubizzle","2026-05-09 13:55:55.431","2026-05-09 20:34:04.496906"
1284,"47d78de71caa228d409dfd244ebf83bd",22000000,"Beit Al Watan, 5th Settlement","","","",737,"Residential","","","https://www.dubizzle.com.eg/en/ad/land-for-sale-sea-facing-32m-frontage-direct-access-from-clubs-second-district-beit-al-watan-fifth-settlement-new-cairo-ID503485878.html","2026-05-09 13:55:55.656","dubizzle","2026-05-09 13:55:55.656","2026-05-09 20:34:04.856869"
1285,"88ce4b1059ee9e622652b3c97d67d6ab",80000,"Capital Business Park, Sheikh Zayed","","","",62,"Clinic","Unfurnished","Air Conditioning, Security","https://www.dubizzle.com.eg/en/ad/clinic-2-room-for-rent-at-capital-business-park-sheikh-zayed-ID503235815.html","2026-05-09 13:55:55.89","dubizzle","2026-05-09 13:55:55.89","2026-05-09 20:34:05.288423"
1286,"fa5a88406b4d7ccf06a1a94f5c8def4b",80000,"Capital Business Park, Sheikh Zayed","","","",62,"Office Space","Unfurnished","Air Conditioning, Security","https://www.dubizzle.com.eg/en/ad/office-2-room-for-rent-at-capital-business-park-sheikh-zayed-ID503235799.html","2026-05-09 13:55:56.119","dubizzle","2026-05-09 13:55:56.119","2026-05-09 20:34:05.666615"
1287,"480d125234cb187bc59d57ae70978d8a",40000,"Katameya Gate, Katameya","","3",2,140,"Apartment","Furnished","Built in Kitchen Appliances, Covered Parking, Pets Allowed, Electricity Meter, Water Meter, Natural Gas","https://www.dubizzle.com.eg/en/ad/furnished-3-bdr-apartment-for-rent-in-katameya-gate-ID503212358.html","2026-05-09 13:55:56.348","dubizzle","2026-05-09 13:55:56.348","2026-05-09 20:34:06.04776"
1288,"8576ec0a77a6ba7507aeee800b0c1a70",500000000,"5th Settlement, New Cairo","","","",2500,"Full Commercial Building","Unfurnished","","https://www.dubizzle.com.eg/en/ad/commercial-bulding-for-sale-2500-sq-m-in-mega-project-mall-6-acres-minimum-monthly-rent-5-million-for-investor-new-narges-ID502506200.html","2026-05-09 13:55:56.581","dubizzle","2026-05-09 13:55:56.581","2026-05-09 20:34:06.429609"
1289,"2b675a7ef1326cd9dc8c049acbbc50c1",25000000,"Hurghada, Red Sea","","5",3,650,"Stand Alone Villa","Unfurnished","","https://www.dubizzle.com.eg/en/ad/for-sale-200m-villa-450m-garden-inside-a-compound-in-hurghada-super-lux-consisting-of-ground-floor-first-and-second-floor-in-a-distinctive-location-ID503485877.html","2026-05-09 13:55:56.812","dubizzle","2026-05-09 13:55:56.812","2026-05-09 20:34:06.807004"
1290,"e0a633dd597c68c12ebdfa746cd75f7b",10750000,"Sarai, Mostakbal City","","4",4,260,"Stand Alone Villa","Unfurnished","Built in Kitchen Appliances, Private Garden, Covered Parking, Pets Allowed, Water Meter, Natural Gas, Landline","https://www.dubizzle.com.eg/en/ad/svilla-for-sale-260-sqm-resale-garden-162-sqm-lowest-price-in-the-market-4-bedrooms-ready-to-move-prime-view-in-sarai-ID503344052.html","2026-05-09 13:55:57.266","dubizzle","2026-05-09 13:55:57.266","2026-05-09 20:34:07.179085"
1291,"0c50f78d51092d7258074f335b7a831c",9500000,"Palm Parks Compound, 6th of October","","2",2,155,"Apartment","","Balcony, Built in Kitchen Appliances, Private Garden, Security, Covered Parking, Pets Allowed, Pool, Electricity Meter, Water Meter, Natural Gas, Landline","https://www.dubizzle.com.eg/en/ad/resale-apartment-for-sale-immediate-delivery-fully-finished-in-palm-parks-compound-by-palm-hills-in-6th-of-october-city-ID503314640.html","2026-05-09 13:55:57.491","dubizzle","2026-05-09 13:55:57.491","2026-05-09 20:34:07.557133"
1292,"fbd8d3981c58eaa09b548ad58dee96a6",12500000,"Hyde Park New Cairo Compound, 5th Settlement","","3",3,264,"Duplex","Unfurnished","Balcony, Built in Kitchen Appliances, Private Garden, Security, Covered Parking, Pets Allowed, Pool, Electricity Meter, Water Meter, Natural Gas, Landline","https://www.dubizzle.com.eg/en/ad/duplex-for-sale-in-hyde-park-new-cairo-fifth-settlement-directly-on-90-road-ID503217745.html","2026-05-09 13:55:57.719","dubizzle","2026-05-09 13:55:57.719","2026-05-09 20:34:07.9272"
1293,"aa10187486362fd2821137397ae3e640",2300000,"Katameya Gate, Katameya","","2",2,108,"Apartment","Unfurnished","Pets Allowed, Electricity Meter, Water Meter, Natural Gas","https://www.dubizzle.com.eg/en/ad/apartment-108-m-for-sale-in-katameya-gate-compound-ID503191035.html","2026-05-09 13:55:57.963","dubizzle","2026-05-09 13:55:57.963","2026-05-09 20:34:08.316795"
1294,"0e81e3cfb03dc16c0fe2a15e2a82cbfa",4750000,"Westview, Sheikh Zayed","","3",3,150,"Apartment","Unfurnished","Built in Kitchen Appliances, Private Garden, Security, Covered Parking, Pets Allowed, Pool, Electricity Meter, Water Meter, Natural Gas, Landline","https://www.dubizzle.com.eg/en/ad/fully-finished-apartment-with-garden-for-sale-in-new-zayed-west-view-compound-ID503113933.html","2026-05-09 13:55:58.205","dubizzle","2026-05-09 13:55:58.205","2026-05-09 20:34:08.677001"
1295,"50b9c6b4f30a20892b00520978699f28",3300000,"King Mariout, Alexandria","","3",2,300,"Stand Alone Villa","Unfurnished","","https://www.dubizzle.com.eg/en/ad/villa-registered-within-a-division-of-villas-close-to-the-main-road-in-a-vital-location-ID502961514.html","2026-05-09 13:55:58.439","dubizzle","2026-05-09 13:55:58.439","2026-05-09 20:34:09.067054"
1296,"28b7a073a5c52a46bbc1529422ead2dc",15000,"Rehab City, New Cairo","","2",1,90,"Apartment","Unfurnished","Security, Elevator","https://www.dubizzle.com.eg/en/ad/available-for-rent-in-rehab-1-a-great-opportunity-for-families-looking-for-a-prime-location-and-practical-layout-spacious-90-sqm-ID503485860.html","2026-05-09 13:55:58.663","dubizzle","2026-05-09 13:55:58.663","2026-05-09 20:34:09.427051"
1297,"0b00b972066f5613317124abb70dbe00",5000000,"Moharam Bek St., Moharam Bik","","3",1,190,"Apartment","Unfurnished","","https://www.dubizzle.com.eg/en/ad/apartment-for-sale-190-sq-m-moharram-bek-off-green-street-ID503485872.html","2026-05-09 13:55:58.892","dubizzle","2026-05-09 13:55:58.892","2026-05-09 20:34:09.808588"
1298,"8e959487e5df71b44c3fb32c98f7ffbe",22000000,"Madinaty, Cairo","","3",3,349,"Stand Alone Villa","Furnished","","https://www.dubizzle.com.eg/en/ad/at-a-very-special-price-own-a-classic-villa-ii-in-madinaty-195-meters-in-vg5-ID503485871.html","2026-05-09 13:55:59.123","dubizzle","2026-05-09 13:55:59.123","2026-05-09 20:34:10.187167"
1299,"62e564f19af54f29d9559e680fb10dfc",7000000,"King Mariout, Alexandria","","5",5,350,"Stand Alone Villa","Unfurnished","","https://www.dubizzle.com.eg/en/ad/villa-for-sale-in-king-mariout-inside-a-mini-compound-super-lux-finishing-registered-blue-contract-ID501885578.html","2026-05-09 13:55:59.516","dubizzle","2026-05-09 13:55:59.516","2026-05-09 20:34:10.547091"
1300,"bd6ecfb7d5d4c805a8bd48174e7c879e",28000000,"Alma Compound, Sheikh Zayed","","5",5,553,"Stand Alone Villa","Unfurnished","Balcony, Built in Kitchen Appliances, Private Garden, Security, Covered Parking, Pets Allowed, Pool, Electricity Meter, Water Meter, Natural Gas, Landline","https://www.dubizzle.com.eg/en/ad/resale-villa-for-sale-in-alma-compound-near-arkan-plaza-in-sheikh-zayed-ID503328543.html","2026-05-09 13:55:59.741","dubizzle","2026-05-09 13:55:59.741","2026-05-09 20:34:10.926904"
1301,"fcdaf4533b1045ba5bcfb6efb6674964",5250000,"Rivers Compound, Sheikh Zayed","","3",2,155,"Apartment","Unfurnished","Built in Kitchen Appliances, Security, Covered Parking, Pets Allowed, Pool, Electricity Meter, Water Meter, Natural Gas, Landline","https://www.dubizzle.com.eg/en/ad/for-sale-fully-finished-apartment-in-rivers-compound-new-zayed-ID503118446.html","2026-05-09 13:55:59.979","dubizzle","2026-05-09 13:55:59.979","2026-05-09 20:34:11.297053"
1302,"1b1c02dbf9e36fdc61c72572feb2faad",7500000,"Badya Palm Hills Compound, 6th of October","","3",3,178,"Apartment","Unfurnished","Balcony, Built in Kitchen Appliances, Private Garden, Security, Covered Parking, Pets Allowed, Pool, Electricity Meter, Water Meter, Natural Gas, Landline","https://www.dubizzle.com.eg/en/ad/apartment-with-garden-resale-for-sale-fully-finished-immediate-delivery-in-palm-hills-developments-badya-october-ID503334275.html","2026-05-09 13:56:00.37","dubizzle","2026-05-09 13:56:00.37","2026-05-09 20:34:11.667243"
1303,"f9f987072f0f18f178d33d6c6cc788cd",19124000,"Granville, New Capital City","","5",4,256,"Town House","Unfurnished","Balcony, Security, Maids Room, Pets Allowed, Pool, Electricity Meter, Water Meter, Natural Gas, Landline","https://www.dubizzle.com.eg/en/ad/live-the-life-of-distinction-ready-to-move-in-fully-finished-villa-at-granville-new-capital-ID503484983.html","2026-05-09 13:56:00.6","dubizzle","2026-05-09 13:56:00.6","2026-05-09 20:34:12.036752"
1304,"8084c8b1bb8d7fdcc20247a3782ee839",8933603,"Ray Residence, New Capital City","","5",4,365,"Duplex","Unfurnished","Built in Kitchen Appliances, Private Garden, Security, Pool, Landline","https://www.dubizzle.com.eg/en/ad/5-bedroom-duplex-with-private-garden-in-r8-new-capital-ID503484888.html","2026-05-09 13:56:00.827","dubizzle","2026-05-09 13:56:00.827","2026-05-09 20:34:12.396944"
1305,"447c68ca80e94992bd895ad13d7e4753",20000000,"Alamein, North Coast","","5",4,140,"Chalet","Furnished","Balcony, Built in Kitchen Appliances, Private Garden, Central A/C & heating, Security, Sea View, Gym, Pool, Electricity Meter, Water Meter","https://www.dubizzle.com.eg/en/ad/chalet-allamein-first-row-ready-to-move-fully-finished-and-furnished-ID503484929.html","2026-05-09 13:56:01.056","dubizzle","2026-05-09 13:56:01.056","2026-05-09 20:34:12.756869"
1306,"f418e023a07a20dd64f5d78a0f0ba1a0",30000,"Marassi, Sidi Abdel Rahman","","3",3,365,"Chalet","","","https://www.dubizzle.com.eg/en/ad/chalet-direct-on-marina-furnished-marina1-marassi-ID503484909.html","2026-05-09 13:56:01.289","dubizzle","2026-05-09 13:56:01.289","2026-05-09 20:34:13.167095"
1307,"b33c1a64afafd1e9dc778cd502e9efd2",7350000,"Mountain View iCity Compound, 6th of October","","3",2,155,"Apartment","Unfurnished","Balcony, Private Garden, Central A/C & heating, Security, Pool, Electricity Meter, Water Meter, Natural Gas, Landline","https://www.dubizzle.com.eg/en/ad/resale-ready-to-move-ground-apartment-155-sqm-with-garden-64-sqm-in-mountain-view-icity-phase-club-park-ID503154269.html","2026-05-09 13:56:01.519","dubizzle","2026-05-09 13:56:01.519","2026-05-09 20:34:13.53764"
1308,"489a6647d0bcd7c6ec010625d58c4030",3800000,"Ayyam, R8","","3",3,145,"Apartment","Unfurnished","","https://www.dubizzle.com.eg/en/ad/apartment-for-sale-with-a-very-distinctive-open-view-available-on-installments-up-to-12-years-in-ayyam-compound-new-administrative-capital-ID503484855.html","2026-05-09 13:56:01.763","dubizzle","2026-05-09 13:56:01.763","2026-05-09 20:34:13.917097"
1311,"72b1067eabeaf38504627b86a2b5eaa7",6500000,"Sahl Hasheesh, Red Sea","","2",2,232,"Apartment","Furnished","Balcony, Built in Kitchen Appliances, Private Garden, Central A/C & heating, Security, Covered Parking, Maids Room, Pool, Electricity Meter, Water Meter, Natural Gas, Landline","https://www.dubizzle.com.eg/en/ad/ground-floor-apartment-with-private-garden-in-sahl-hasheesh-ID503485584.html","2026-05-09 13:56:02.488","dubizzle","2026-05-09 13:56:02.488","2026-05-09 20:34:15.037677"
1312,"3b519adef76bd009c38d61fd2db21c84",2000000,"Alamein, North Coast","","2",2,145,"Chalet","Unfurnished","Balcony, Private Garden, Security, Gym, Pool, Electricity Meter","https://www.dubizzle.com.eg/en/ad/chalet-145m-fully-finished-for-sale-directly-on-the-sea-in-alamein-new-alamein-north-coast-mazarin-alamein-north-coast-ID503485577.html","2026-05-09 13:56:02.717","dubizzle","2026-05-09 13:56:02.717","2026-05-09 20:34:15.42277"
1313,"b5f5ed361d1acfb3306d90452a38f660",3875000,"Shorouk City, Cairo","","","",31,"Retail","Unfurnished","Security","https://www.dubizzle.com.eg/en/ad/shop-for-sale-in-el-shorouk-city-square-5-mall-ready-to-move-15-down-payment-5-year-installments-ID503485578.html","2026-05-09 13:56:02.947","dubizzle","2026-05-09 13:56:02.947","2026-05-09 20:34:15.798061"
1314,"18f0e2612d7c53a238784c62a33c622e",5375000,"Beit Al Watan, New Damietta","","3",2,250,"Apartment","Unfurnished","Balcony, Built in Kitchen Appliances, Private Garden, Security, Covered Parking, Pets Allowed, Electricity Meter, Water Meter, Landline","https://www.dubizzle.com.eg/en/ad/apt-for-sale-ready-to-move-with-12-months-installments-ID503401238.html","2026-05-09 13:56:03.184","dubizzle","2026-05-09 13:56:03.184","2026-05-09 20:34:16.199536"
1315,"423f42cb6ac6af153dfb096045315851",60000,"Smoha, Alexandria","","","",160,"Office Space","Unfurnished","","https://www.dubizzle.com.eg/en/ad/mezzanine-for-administrative-rent-160-m-tutankhamun-smouha-ID503390258.html","2026-05-09 13:56:03.413","dubizzle","2026-05-09 13:56:03.413","2026-05-09 20:34:16.577708"
1316,"1452146df195a02df11faab5405ef803",35000,"King Mariout, Alexandria","","5",6,500,"Stand Alone Villa","Furnished","Private Garden, Security, Maids Room, Pets Allowed, Pool, Electricity Meter, Water Meter","https://www.dubizzle.com.eg/en/ad/furnished-villa-for-rent-500-m-maraif-compound-king-mariout-ID503349657.html","2026-05-09 13:56:03.651","dubizzle","2026-05-09 13:56:03.651","2026-05-09 20:34:16.987177"
1317,"2caf1a9dfcc77bd0bd13608d8995fb9d",35000,"Grand View, Smoha","","3",2,180,"Apartment","Unfurnished","Covered Parking","https://www.dubizzle.com.eg/en/ad/apartment-for-rent-180-view-of-smouha-club-smouha-ID503350241.html","2026-05-09 13:56:03.884","dubizzle","2026-05-09 13:56:03.884","2026-05-09 20:34:17.367142"
1318,"c31a24b6ee6ef5b45fa2f06e4af57b3d",1900000,"Obour City, Cairo","","2",1,100,"Apartment","Unfurnished","Balcony, Security, Electricity Meter, Water Meter, Landline","https://www.dubizzle.com.eg/en/ad/for-sale-apartment-obour-city-second-district-100m-2-bedrooms-super-lux-finishing-prime-location-near-carrefour-and-obour-axis-ready-move-prime-locnow-ID503483711.html","2026-05-09 13:56:04.136","dubizzle","2026-05-09 13:56:04.136","2026-05-09 20:34:17.757408"
1319,"0787da86c30dce24223a81896be9ca4d",7508700,"Maadi, Cairo","","1",2,30,"Hotel Apartment","Furnished","Balcony, Built in Kitchen Appliances, Private Garden, Central A/C & heating, Security, Covered Parking, Maids Room, Pets Allowed, Pool, Electricity Meter, Water Meter, Natural Gas, Landline","https://www.dubizzle.com.eg/en/ad/hotel-apartment-for-sale-overlooking-the-nile-and-the-pyramids-ID503485562.html","2026-05-09 13:56:04.378","dubizzle","2026-05-09 13:56:04.378","2026-05-09 20:34:18.136681"
1320,"8d352b51324bce0755f031bf9086d333",7250000,"5th Settlement, New Cairo","","5",3,378,"Duplex","Furnished","Balcony, Private Garden, Water Meter, Natural Gas, Landline","https://www.dubizzle.com.eg/en/ad/%D8%B4%D9%82%D9%87-%D8%AF%D9%88%D8%A8%D9%84%D9%83%D8%B3-%D8%A8%D8%A7%D9%84%D8%AA%D8%AC%D9%85%D8%B9-%D8%A7%D9%84%D8%AE%D8%A7%D9%85%D8%B3-ID204005837.html","2026-05-09 13:56:04.613","dubizzle","2026-05-09 13:56:04.613","2026-05-09 20:34:18.537138"
1321,"f5a789bab5ec637c51c122b11932eeaf",36893000,"Madinaty, Cairo","","4",3,464,"Stand Alone Villa","Unfurnished","Built in Kitchen Appliances, Private Garden, Pets Allowed, Pool, Electricity Meter","https://www.dubizzle.com.eg/en/ad/for-sale-in-madinaty-villa-c3-wide-view-wide-garden-ID503485868.html","2026-05-09 13:56:04.838","dubizzle","2026-05-09 13:56:04.838","2026-05-09 20:34:18.917291"
1322,"282b576552419e23a9d51d55dda7e09a",28600000,"Triangle, 5th Settlement","","3",4,270,"Stand Alone Villa","Unfurnished","Private Garden, Pool","https://www.dubizzle.com.eg/en/ad/villa-at-half-price-in-prime-location-just-minutes-to-main-roads-within-the-community-from-water-way-ID503485862.html","2026-05-09 13:56:05.071","dubizzle","2026-05-09 13:56:05.071","2026-05-09 20:34:19.297148"
1323,"22c468cea0ffd93c1d6f31859594ba91",5500000,"Smoha, Alexandria","","2",2,100,"Apartment","","","https://www.dubizzle.com.eg/en/ad/apartment-for-sale-100-sq-m-smouha-prime-location-550000-egp-down-payment-ID503485867.html","2026-05-09 13:56:05.297","dubizzle","2026-05-09 13:56:05.297","2026-05-09 20:34:19.677212"
1324,"f95724bc38ce9494d5e5f8d87f2fb072",25000,"Madinaty, Cairo","","3",3,165,"Apartment","Unfurnished","Balcony, Security, Pets Allowed, Electricity Meter, Water Meter, Natural Gas, Landline, Elevator","https://www.dubizzle.com.eg/en/ad/for-rent-the-law-in-my-city-b12-area-165-square-meters-3-bedrooms-including-a-master-3-bathrooms-third-floor-ID503485866.html","2026-05-09 13:56:05.527","dubizzle","2026-05-09 13:56:05.527","2026-05-09 20:34:20.067439"
1325,"a3a5fc60847e888c1193ad487fa3c33d",15160695,"Mountain View 4, 6th of October","","3",3,263,"Town House","Unfurnished","Balcony, Built in Kitchen Appliances, Private Garden, Security, Covered Parking, Pets Allowed, Pool, Electricity Meter, Water Meter, Natural Gas, Landline","https://www.dubizzle.com.eg/en/ad/townhouse-for-sale-immediate-delivery-with-cash-discount-in-mountain-view-4-6th-of-october-city-ID503334799.html","2026-05-09 13:56:05.755","dubizzle","2026-05-09 13:56:05.755","2026-05-09 20:34:20.437324"
1326,"f931c1e74dab53cd3244bb5a846cd974",4655000,"Tamaya, Sheikh Zayed","","3",3,133,"Apartment","Unfurnished","Balcony, Security, Covered Parking, Pets Allowed, Pool, Electricity Meter, Water Meter, Elevator","https://www.dubizzle.com.eg/en/ad/for-sale-3-bedroom-apartment-tamaya-residence-el-nozha-st-sheikh-zayed-lowest-price-per-sqm-10-down-payment-installments-up-to-10-years-ID503328803.html","2026-05-09 13:56:05.99","dubizzle","2026-05-09 13:56:05.99","2026-05-09 20:34:20.827342"
1327,"68dc70f0946e97fec76357b5db92c1a2",4900000,"Seashore, Ras Al Hekma","","3",2,104,"Chalet","Unfurnished","Balcony, Built in Kitchen Appliances, Private Garden, Security, Sea View, Gym, Pool, Electricity Meter, Water Meter, Elevator","https://www.dubizzle.com.eg/en/ad/fully-finished-chalet-for-sale-by-hyde-park-developments-in-seashore-ras-el-hekma-north-coast-ID503309333.html","2026-05-09 13:56:06.237","dubizzle","2026-05-09 13:56:06.237","2026-05-09 20:34:21.217379"
1328,"e398700c3bbcae069639ae1b20053106",2350000,"Bridges Mall, Sheikh Zayed","","","",47,"Clinic","Unfurnished","Security","https://www.dubizzle.com.eg/en/ad/fully-finished-clinic-for-sale-directly-on-the-26th-of-july-corridor-next-to-arkan-plaza-in-one-of-the-most-vibrant-commercial-areas-in-sheikh-zayed-ID503230811.html","2026-05-09 13:56:06.472","dubizzle","2026-05-09 13:56:06.472","2026-05-09 20:34:21.607368"
1329,"56dc52c8c87c48cb5054ca3ae19369e8",19000000,"Greens Compound, Sheikh Zayed","","4",4,303,"Stand Alone Villa","Unfurnished","Private Garden, Security, Covered Parking, Pets Allowed, Electricity Meter, Water Meter, Landline","https://www.dubizzle.com.eg/en/ad/villa-for-sale-area-of-303-meters-at-a-very-special-price-in-greens-compound-sheikh-zayed-semi-finished-ID502774158.html","2026-05-09 13:56:06.715","dubizzle","2026-05-09 13:56:06.715","2026-05-09 20:34:22.001649"
1330,"958bfe0c3d401721eb5ab7f6c0927b74",10644480,"North Coast, Matruh","","2",2,105,"Chalet","","","https://www.dubizzle.com.eg/en/ad/105-sqm-chalet-for-sale-north-coast-first-row-on-the-sea-ID503485863.html","2026-05-09 13:56:06.955","dubizzle","2026-05-09 13:56:06.955","2026-05-09 20:34:22.376855"
1331,"375a5c38bce3fb1ceb836c9ff562534a",7950000,"Villette Compound, 5th Settlement","","2",2,159,"Apartment","Unfurnished","Balcony, Built in Kitchen Appliances, Private Garden, Security, Covered Parking, Pets Allowed, Pool, Electricity Meter, Water Meter, Natural Gas, Landline","https://www.dubizzle.com.eg/en/ad/fully-finished-apartment-for-sale-immediate-delivery-with-installments-over-10-years-and-flexible-payment-plans-villette-compound-by-sodic-new-ID503339788.html","2026-05-09 13:56:07.181","dubizzle","2026-05-09 13:56:07.181","2026-05-09 20:34:22.767247"
1332,"bfe39536dcaf4e1f5dffd4ce87b88a9b",1200000,"El Lebeny Axis, Haram","","2",2,130,"Apartment","Unfurnished","","https://www.dubizzle.com.eg/en/ad/130m-apartment-third-floor-ultra-super-lux-building-2-elevator-fully-equipped-in-al-libini-harem-awlad-rajab-20-meter-street-ID503333514.html","2026-05-09 13:56:07.408","dubizzle","2026-05-09 13:56:07.408","2026-05-09 20:34:23.137257"
1333,"2a16b425a3509b29154462e7975a6258",2200000,"El Lebeny Axis, Haram","","3",2,175,"Apartment","Unfurnished","Balcony, Security, Pets Allowed, Electricity Meter, Water Meter, Natural Gas, Landline","https://www.dubizzle.com.eg/en/ad/apartment-175-meters-34-finishing-al-marioutiya-main-pyramid-ID502860588.html","2026-05-09 13:56:07.637","dubizzle","2026-05-09 13:56:07.637","2026-05-09 20:34:23.517855"
1334,"947a29dd876759a92507eb02af25de35",1850000,"Haram, Giza","","3",2,155,"Apartment","Unfurnished","","https://www.dubizzle.com.eg/en/ad/apartment-155-meters-eighth-floor-super-lux-finishing-at-a-stunning-price-in-al-lebiny-al-haram-near-awlad-rajab-ID502640951.html","2026-05-09 13:56:07.867","dubizzle","2026-05-09 13:56:07.867","2026-05-09 20:34:23.897479"
1335,"6ce5e473202650c4790de0a1dee3f5fd",4595000,"Ray Residence, New Capital City","","3",3,175,"Apartment","Unfurnished","","https://www.dubizzle.com.eg/en/ad/your-apt-on-central-park-by-hotel-university-ID503483083.html","2026-05-09 13:56:08.093","dubizzle","2026-05-09 13:56:08.093","2026-05-09 20:34:24.267868"
1336,"431e0faf060ec89d54eed7a667dba0c3",8800000,"Village West Compound, Sheikh Zayed","","3",2,167,"Apartment","Unfurnished","Private Garden, Security, Covered Parking, Pool, Electricity Meter, Water Meter","https://www.dubizzle.com.eg/en/ad/ground-floor-apartment-with-garden-immediate-occupancy-prime-view-in-village-west-dorra-ID503484407.html","2026-05-09 13:56:08.322","dubizzle","2026-05-09 13:56:08.322","2026-05-09 20:34:24.657492"
1337,"b4e6b62c287d564c1704d9726e94248f",17500000,"Mountain View 1.1, 5th Settlement","","6",5,351,"Stand Alone Villa","Unfurnished","Balcony, Built in Kitchen Appliances, Private Garden, Central A/C & heating, Security, Covered Parking, Maids Room, Pets Allowed, Pool, Electricity Meter, Water Meter, Natural Gas, Landline","https://www.dubizzle.com.eg/en/ad/villa-mountain-view-new-cairo-fully-finished-ready-to-move-ID503484840.html","2026-05-09 13:56:08.548","dubizzle","2026-05-09 13:56:08.548","2026-05-09 20:34:25.04756"
1338,"60045e1f4a3d4e2900eb9a6cd20f4283",6000000,"Privado, Madinaty","","2",1,84,"Apartment","Unfurnished","Balcony, Central A/C & heating, Security, Covered Parking, Pets Allowed, Electricity Meter, Water Meter, Landline","https://www.dubizzle.com.eg/en/ad/strong-investment-deal-in-privado-madinaty-84-sqm-garden-view-ID503473534.html","2026-05-09 13:56:08.772","dubizzle","2026-05-09 13:56:08.772","2026-05-09 20:34:25.438927"
1339,"37b767416737c2dbb250512539776529",40000000,"Madinaty, Cairo","","4",5,562,"Stand Alone Villa","Unfurnished","Balcony, Private Garden, Central A/C & heating, Security, Maids Room, Pets Allowed, Pool, Electricity Meter, Water Meter, Natural Gas","https://www.dubizzle.com.eg/en/ad/housing-and-investment-opportunity-for-sale-in-madinaty-with-private-finishing-and-a-swimming-pool-ID503473986.html","2026-05-09 13:56:09.015","dubizzle","2026-05-09 13:56:09.015","2026-05-09 20:34:25.889907"
1340,"def4a45dc44ea3ff6e81c7e048ed1a5a",9000000,"Madinaty, Cairo","","3",2,150,"Apartment","","Balcony, Built in Kitchen Appliances, Private Garden, Security, Maids Room, Pets Allowed, Pool, Water Meter, Landline, Elevator","https://www.dubizzle.com.eg/en/ad/%D8%B4%D9%82%D9%87-%D9%84%D9%82%D8%B7%D9%87-%D9%84%D9%84%D8%A8%D9%8A%D8%B9-150%D9%85-%D9%81%D9%8A%D9%88-%D9%85%D9%81%D8%AA%D9%88%D8%AD-%D8%A8%D8%AD%D8%B1%D9%8A-%D8%B5%D8%B1%D9%8A%D8%AD-b8%D8%A8%D8%AC%D9%88%D8%A7%D8%B1-%D8%A7%D9%84%D8%AE%D8%AF%D9%85%D8%A7%D8%AA-ID503474423.html","2026-05-09 13:56:09.242","dubizzle","2026-05-09 13:56:09.242","2026-05-09 20:34:26.297513"
1341,"6699c1adf68cf2430a32659fc73e87f8",35000000,"Madinaty, Cairo","","5",5,290,"Stand Alone Villa","Unfurnished","","https://www.dubizzle.com.eg/en/ad/if-you-are-looking-for-a-standalone-villa-in-madinaty-with-truly-rare-specifications-this-opportunity-is-worth-pausing-for-a-moment-ID503475734.html","2026-05-09 13:56:09.473","dubizzle","2026-05-09 13:56:09.473","2026-05-09 20:34:26.697734"
1342,"55bf3bab20ee08348c1637514af21627",33500000,"Swan Lake Residences, 1st Settlement","","4",3,303,"Twin House","Unfurnished","Balcony, Private Garden, Central A/C & heating, Security, Electricity Meter","https://www.dubizzle.com.eg/en/ad/corner-twin-for-sale-in-slr-giselle-ready-to-move-ID503160719.html","2026-05-09 13:56:09.707","dubizzle","2026-05-09 13:56:09.707","2026-05-09 20:34:27.090209"
1343,"41553d067cb8e0e1c7fc78ba5837c870",25000000,"Madinaty, Cairo","","3",4,420,"Stand Alone Villa","Unfurnished","Balcony, Private Garden, Security, Maids Room, Pets Allowed, Water Meter, Natural Gas","https://www.dubizzle.com.eg/en/ad/%D9%81%D9%8A%D9%84%D8%A7-%D9%84%D9%84%D8%A8%D9%8A%D8%B9-%D9%85%D8%AF%D9%8A%D9%86%D8%AA%D9%89-%D8%AC%D8%A7%D9%87%D8%B2%D9%87-%D9%84%D9%84%D8%B3%D9%83%D9%86-%D8%A8%D8%AD%D8%B1%D9%89-%D8%AE%D8%A7%D9%84%D8%B5%D9%87-%D8%A7%D9%83%D8%A8%D8%B1-%D8%A7%D8%B1%D8%B6-ID503475633.html","2026-05-09 13:56:09.937","dubizzle","2026-05-09 13:56:09.937","2026-05-09 20:34:27.5174"
1344,"9b60f9c6df75802899ae29186a0a0c72",4000000,"Madinaty, Cairo","","2",2,89,"Apartment","Unfurnished","Security, Pets Allowed, Electricity Meter, Water Meter, Natural Gas, Landline, Elevator","https://www.dubizzle.com.eg/en/ad/%D8%B4%D9%82%D9%87-%D9%84%D9%84%D8%A8%D9%8A%D8%B9-%D8%A8%D9%85%D8%B3%D8%A7%D8%AD%D9%87-89%D9%85%D8%AA%D8%B1-b6-%D9%85%D8%AF%D9%8A%D9%86%D8%AA%D9%89-%D8%A8%D8%B3%D8%B9%D8%B1-%D9%84%D9%82%D8%B7%D9%87-ID503477345.html","2026-05-09 13:56:10.175","dubizzle","2026-05-09 13:56:10.175","2026-05-09 20:34:28.767717"
1345,"821076bb802c408062ab422fe2f9d281",1046000,"El Banafseg 5, 1st Settlement","","","",380,"Retail","","","https://www.dubizzle.com.eg/en/ad/premium-commercial-shop-for-rent-i-ready-to-move-i-suitable-for-various-uses-on-mohamed-nagiub-axis-near-el-rehab-city-ID503484421.html","2026-05-09 13:56:10.452","dubizzle","2026-05-09 13:56:10.452","2026-05-09 20:34:30.019394"
1346,"9d0b415efe38a9a22e575300234e9868",8900000,"Degla, Maadi","","3",3,270,"Duplex","Unfurnished","Built in Kitchen Appliances, Security, Pets Allowed, Electricity Meter, Water Meter, Natural Gas, Landline","https://www.dubizzle.com.eg/en/ad/ultra-luxury-duplex-for-sale-degla-maadi-5th-and-6th-floor-elevator-3-bedrooms-master-4-piece-reception-balconies-high-ceiling-premium-finishing-prime-ID503295068.html","2026-05-09 13:56:10.681","dubizzle","2026-05-09 13:56:10.681","2026-05-09 20:34:31.047718"
1347,"b65fe394e50a86f2487dae2fa75871a6",17750000,"Heliopolis, Cairo","","5",3,360,"Apartment","Furnished","Balcony, Built in Kitchen Appliances, Central A/C & heating, Security, Covered Parking, Maids Room, Pets Allowed, Electricity Meter, Water Meter, Natural Gas, Landline, Elevator","https://www.dubizzle.com.eg/en/ad/%D8%B4%D9%82%D8%A9-%D9%85%D9%86%D8%B7%D9%82%D8%A9-%D8%A7%D9%84%D8%A8%D8%A7%D8%B1%D9%88%D9%86-%D8%A7%D9%84%D8%AA%D8%A7%D8%B1%D9%8A%D8%AE%D9%8A%D8%A9-%D8%AC%D8%AF%D9%8A%D8%AF%D8%A9-%D9%85%D9%86-%D8%A7%D9%84%D9%85%D8%A7%D9%84%D9%83-elbaron-4-silence-ID204583954.html","2026-05-09 13:56:10.907","dubizzle","2026-05-09 13:56:10.907","2026-05-09 20:34:32.069437"
1348,"866712654f8df8fee80ffa45cfd2ba1f",6125000,"Shorouk City, Cairo","","","",49,"Retail","Unfurnished","Security","https://www.dubizzle.com.eg/en/ad/shop-for-sale-in-el-shorouk-city-square-5-mall-ready-to-move-15-down-payment-5-year-installments-ID503485185.html","2026-05-09 13:56:11.14","dubizzle","2026-05-09 13:56:11.14","2026-05-09 20:34:32.817056"
1349,"ffee0175dd29a5839029424efdc66006",4810000,"Shorouk City, Cairo","","","",37,"Retail","Unfurnished","Security","https://www.dubizzle.com.eg/en/ad/shop-for-sale-in-el-shorouk-city-square-5-mall-ready-to-move-15-down-payment-5-year-installments-ID503485104.html","2026-05-09 13:56:11.37","dubizzle","2026-05-09 13:56:11.37","2026-05-09 20:34:33.277448"
1350,"9d3d31523423be82d3391aa16bb66793",14700000,"Telal East, 5th Settlement","","3",3,220,"Stand Alone Villa","Unfurnished","Built in Kitchen Appliances, Private Garden, Covered Parking, Pets Allowed, Electricity Meter, Water Meter, Natural Gas, Landline","https://www.dubizzle.com.eg/en/ad/fully-finished-villa-with-acs-in-telal-east-14700000-egp-5-down-payment-installments-up-to-12-years-ID503240014.html","2026-05-09 13:56:11.602","dubizzle","2026-05-09 13:56:11.602","2026-05-09 20:34:33.957631"
1351,"55beba3bb35d4297dfe72fb8ccfa087d",14500,"Marassi, Sidi Abdel Rahman","","2",2,140,"Chalet","","","https://www.dubizzle.com.eg/en/ad/chalet-for-rent-in-marassi-marina-north-coast-ID503485463.html","2026-05-09 13:56:11.829","dubizzle","2026-05-09 13:56:11.829","2026-05-09 20:34:34.938775"
1352,"ee5c6b0eacacf5ca46806d45eeb8424b",5300000,"Iskandar Ibrahim St., Miami","","3",2,153,"Apartment","Unfurnished","Balcony, Electricity Meter, Water Meter, Natural Gas, Landline, Elevator","https://www.dubizzle.com.eg/en/ad/%D9%A1%D9%A0-%D8%B4%D8%A7%D8%B1%D8%B9-%D9%85%D8%B5%D8%B7%D9%81%D9%8A-%D9%86%D8%AC%D9%8A%D8%A8-%D9%85%D8%AA%D9%81%D8%B1%D8%B9-%D9%85%D9%86-%D8%B7%D8%B1%D9%8A%D9%82-%D8%A7%D9%84%D9%83%D9%88%D8%B1%D9%86%D9%8A%D8%B4-%D9%85%D9%8A%D8%A7%D9%85%D9%8A-%D8%AE%D9%84%D9%81-%D8%B4%D8%A7%D8%B1%D8%B9-%D8%A7%D8%B3%D9%83%D9%86%D8%AF%D8%B1%D9%8A%D8%A9-%D8%A7%D8%A8%D8%B1%D8%A7-ID207887187.html","2026-05-09 13:56:12.066","dubizzle","2026-05-09 13:56:12.066","2026-05-09 20:34:36.107876"
1353,"4b2f792127121a17e31d8cc93711eb0f",11000000,"EL Patio ORO Compound, 5th Settlement","","3",2,168,"Apartment","Furnished","Private Garden, Security, Covered Parking, Pets Allowed","https://www.dubizzle.com.eg/en/ad/for-sale-at-the-lowest-price-a-fully-furnished-3-bedroom-apartment-in-patio-oro-la-vista-ready-to-move-in-open-view-available-for-viewing-ID503336420.html","2026-05-09 13:56:12.299","dubizzle","2026-05-09 13:56:12.299","2026-05-09 20:34:36.868438"
1354,"9f475bc0158fd829a859ec85091776c5",5600000,"El Patio Sola, Shorouk City","","2",2,120,"Apartment","Unfurnished","Built in Kitchen Appliances, Private Garden, Security, Covered Parking, Pets Allowed, Pool, Water Meter, Natural Gas, Landline","https://www.dubizzle.com.eg/en/ad/apartment-for-sale-with-only-a-5-down-payment-in-la-vista-patio-sola-apartment-with-a-stunning-view-and-equal-installments-up-to-10-years-25-cas-ID503485505.html","2026-05-09 13:56:12.527","dubizzle","2026-05-09 13:56:12.527","2026-05-09 20:34:37.468098"
1355,"2faac3c8cabd400265f91b47a04ffdfa",10000000,"Alamein, North Coast","","1",2,60,"Chalet","Furnished","Balcony, Built in Kitchen Appliances, Private Garden, Central A/C & heating, Sea View, Gym, Pool, Electricity Meter, Water Meter, Elevator","https://www.dubizzle.com.eg/en/ad/chalet-for-sale-in-new-alamein-in-the-downtown-area-first-row-directly-on-the-sea-in-the-heart-of-the-marina-ID503485484.html","2026-05-09 13:56:12.779","dubizzle","2026-05-09 13:56:12.779","2026-05-09 20:34:37.947849"
1356,"ed6dc9f9184f264097e381702ad00f82",23400000,"Saada Compound, 1st Settlement","","4",4,350,"Town House","Unfurnished","Covered Parking, Pets Allowed, Electricity Meter, Water Meter, Natural Gas, Landline","https://www.dubizzle.com.eg/en/ad/a-corner-townhouse-villa-4-bedrooms-prime-location-ready-for-delivery-in-4-months-for-sale-in-saada-compound-fifth-settlement-new-cairo-ID503224242.html","2026-05-09 13:56:13.006","dubizzle","2026-05-09 13:56:13.006","2026-05-09 20:34:38.33797"
1357,"630489e96af68881d7a7ca35d7fa91f7",7000,"4th District, 6th of October","","2",1,115,"Apartment","Unfurnished","","https://www.dubizzle.com.eg/en/ad/for-rent-an-apartment-in-6th-of-october-district-four-area-115-meters-at-a-bargain-price-ID503485474.html","2026-05-09 13:56:13.237","dubizzle","2026-05-09 13:56:13.237","2026-05-09 20:34:38.797603"
1358,"ce31c39c41bf8cbfceac78e5ed417709",6250000,"Camp Caesar, Alexandria","","","",130,"Restaurant & Cafe","Furnished","","https://www.dubizzle.com.eg/en/ad/restaurant-for-sale-camp-shizar-university-bridge-ID503485489.html","2026-05-09 13:56:13.466","dubizzle","2026-05-09 13:56:13.466","2026-05-09 20:34:39.187935"
1359,"a4909dde358090f8c7647593e1b411fe",11900000,"EL Patio ORO Compound, 5th Settlement","","3",3,168,"Apartment","Unfurnished","Private Garden, Covered Parking, Pets Allowed, Pool, Water Meter, Natural Gas, Landline","https://www.dubizzle.com.eg/en/ad/apartment-for-sale-in-el-patio-oro-compound-fifth-settlement-la-vista-installments-over-the-longest-payment-period-25-cash-ID503469480.html","2026-05-09 13:56:13.697","dubizzle","2026-05-09 13:56:13.697","2026-05-09 20:34:40.050208"
1360,"3417e7829882f73234cbf2299fb0b44e",13600000,"EL Patio ORO Compound, 5th Settlement","","3",3,164,"Apartment","Unfurnished","Private Garden, Covered Parking, Pets Allowed, Pool, Water Meter, Natural Gas, Landline","https://www.dubizzle.com.eg/en/ad/apartment-for-sale-in-el-patio-oro-compound-fifth-settlement-immediate-occupancy-la-vista-installments-over-the-longest-payment-period-25-cash-ID503331930.html","2026-05-09 13:56:13.926","dubizzle","2026-05-09 13:56:13.926","2026-05-09 20:34:41.057689"
1361,"26bbe2a318925ee6c397b117adf7cc65",28100000,"Saada Compound, 1st Settlement","","5",5,505,"Twin House","Unfurnished","Pets Allowed, Electricity Meter, Water Meter, Natural Gas, Landline","https://www.dubizzle.com.eg/en/ad/twin-house-villa-505-m-with-lowest-down-payment-and-installments-in-prime-location-with-open-view-for-sale-at-compound-saada-new-cairo-ID503224175.html","2026-05-09 13:56:14.158","dubizzle","2026-05-09 13:56:14.158","2026-05-09 20:34:41.427876"
1362,"fba19c4af82747bd6a18fd0e16bccd38",238875,"Mivida Compound, 5th Settlement","","","",137,"Office Space","Unfurnished","Security","https://www.dubizzle.com.eg/en/ad/finished-office-at-mivida-1365m-for-rent-new-cairo-ID503475202.html","2026-05-09 13:56:14.39","dubizzle","2026-05-09 13:56:14.39","2026-05-09 20:34:41.807637"
1363,"a9e0ee9e9b4d8657faa04d970416fe7f",136800,"Trivium, 5th Settlement","","","",114,"Office Space","Unfurnished","","https://www.dubizzle.com.eg/en/ad/finished-office-at-trivium-square-114m-for-rent-new-cairo-ID503325719.html","2026-05-09 13:56:14.617","dubizzle","2026-05-09 13:56:14.617","2026-05-09 20:34:42.17787"
1364,"4b11c9b113dcde90370b10c55c2c22a7",9620000,"Haram, Giza","","","",260,"Full Commercial Building","","","https://www.dubizzle.com.eg/en/ad/commercial-scale-licensed-area-260m-in-the-best-location-on-al-labini-street-main-haram-the-balance-is-at-the-corner-in-front-of-awlad-rajab-ID502613977.html","2026-05-09 13:56:14.843","dubizzle","2026-05-09 13:56:14.843","2026-05-09 20:34:42.857917"
1365,"e53d50158138895b7a012bf9338926b0",3750000,"5th District, 6th of October","","4",3,220,"Apartment","Unfurnished","Balcony, Elevator","https://www.dubizzle.com.eg/en/ad/for-sale-a-residential-apartment-in-the-fifth-neighborhood-second-contract-area-220-m-4-bedrooms-master-bedroom-with-bathroom-and-dressing-and-3-bathrooms-laundry-room-kitchen-and-reception-area-with-3-pieces-ID503464739.html","2026-05-09 13:56:15.073","dubizzle","2026-05-09 13:56:15.073","2026-05-09 20:34:43.677618"
1366,"40a68f94f1ba7c6057ad05bbf34fbb73",2800000,"El Lebeny Axis, Haram","","3",2,171,"Apartment","Unfurnished","","https://www.dubizzle.com.eg/en/ad/apartment-171m-seventh-floor-on-the-main-road-fully-serviced-super-lux-finishing-tower-elevator-descends-to-the-garage-ID503130546.html","2026-05-09 13:56:15.31","dubizzle","2026-05-09 13:56:15.31","2026-05-09 20:34:44.047613"
1367,"6c93612c7fefa709225920fc5b1629b9",1950000,"El Lebeny Axis, Haram","","3",2,165,"Apartment","Unfurnished","","https://www.dubizzle.com.eg/en/ad/apartment-165m-first-balcony-reception-3-rooms-2-bathrooms-american-kitchen-tower-very-close-to-main-road-ID503344628.html","2026-05-09 13:56:15.549","dubizzle","2026-05-09 13:56:15.549","2026-05-09 20:34:44.420128"
1368,"41b08241dc64fd1a381495056ec9405e",19589200,"Privado, Madinaty","","3",5,188,"Apartment","Unfurnished","Balcony, Private Garden, Security, Covered Parking, Maids Room, Pool, Electricity Meter, Landline","https://www.dubizzle.com.eg/en/ad/exceptional-opportunity-in-privado-madinaty188m-ID503479719.html","2026-05-09 13:56:15.784","dubizzle","2026-05-09 13:56:15.784","2026-05-09 20:34:44.797795"
1369,"96ba02b54a89838f614c090671d94b73",3800000,"Madinaty, Cairo","","2",1,70,"Apartment","Unfurnished","Balcony, Security, Water Meter, Natural Gas","https://www.dubizzle.com.eg/en/ad/for-sale-a-70-square-meter-apartment-in-b7-madinaty-with-a-distinctive-location-and-price-ID503482892.html","2026-05-09 13:56:16.013","dubizzle","2026-05-09 13:56:16.013","2026-05-09 20:34:45.178604"
1370,"307190a45899c948f7a9fa9edf7cfafc",4800000,"Madinaty, Cairo","","3",2,106,"Apartment","Unfurnished","Electricity Meter, Water Meter, Natural Gas, Landline","https://www.dubizzle.com.eg/en/ad/a-snapshot-at-the-lowest-price-for-an-apartment-with-this-masterpiece-is-a-3-bedroom-2-bathroom-garden-view-apartment-for-sale-in-madinaty-it-is-fully-paid-the-deposit-and-meters-are-ready-for-living-only-4800000-and-close-to-all-services-with-an-optional-club-ID503248639.html","2026-05-09 13:56:16.245","dubizzle","2026-05-09 13:56:16.245","2026-05-09 20:34:45.557858"
1371,"21cfa23ee44d33e9b4db79673ced4fbb",5940000,"Sahl Hasheesh, Red Sea","","1",1,56,"Studio","Unfurnished","Balcony, Private Garden, Security, Pets Allowed, Pool, Electricity Meter, Water Meter, Natural Gas, Landline, Elevator","https://www.dubizzle.com.eg/en/ad/stylish-studio-apartment-with-stunning-pool-view-2nd-floor-ID503465831.html","2026-05-09 13:56:16.48","dubizzle","2026-05-09 13:56:16.48","2026-05-09 20:34:45.937987"
1372,"ec6dc6af723f136c518c1beac12f1f0a",4500000,"Sarai, Mostakbal City","","2",3,128,"Apartment","Unfurnished","Built in Kitchen Appliances, Covered Parking, Pets Allowed, Electricity Meter, Water Meter, Natural Gas","https://www.dubizzle.com.eg/en/ad/ground-apartment-with-garden-for-sale-double-view-sarai-mostakbal-city-new-cairo-mnhd-ID502023203.html","2026-05-09 13:56:16.73","dubizzle","2026-05-09 13:56:16.73","2026-05-09 20:34:46.317333"
1373,"ffbc637d065088012a39f5a2c7fb4efb",350000,"Cairo Festival City Compound, Katameya","","","",190,"Office Space","Unfurnished","Covered Parking","https://www.dubizzle.com.eg/en/ad/prime-office-space-for-rent-in-a-strategic-and-prime-location-in-cfc-190-square-meters-fully-finished-with-office-furniture-ready-for-immediate-ID503222510.html","2026-05-09 13:56:16.962","dubizzle","2026-05-09 13:56:16.962","2026-05-09 20:34:46.687246"
1374,"593ee56a15f761104b5c1c4f0bc2652a",61000,"Hyde Park New Cairo Compound, 5th Settlement","","","",65,"Office Space","Unfurnished","Covered Parking, Security","https://www.dubizzle.com.eg/en/ad/start-your-business-now-fully-finished-administrative-office-for-rent-in-a-prime-location-in-hyde-park-65-square-meters-ready-for-immediate-ID503201861.html","2026-05-09 13:56:17.192","dubizzle","2026-05-09 13:56:17.192","2026-05-09 20:34:47.052982"
1375,"87a045f1a638f96681770fba3a5cd638",137000,"Hyde Park New Cairo Compound, 5th Settlement","","","",125,"Office Space","Furnished","Covered Parking, Security","https://www.dubizzle.com.eg/en/ad/start-your-business-now-fully-finished-office-space-for-rent-in-a-prime-location-in-hyde-park-125-sq-m-ready-for-immediate-occupancy-ID503176950.html","2026-05-09 13:56:17.421","dubizzle","2026-05-09 13:56:17.421","2026-05-09 20:34:47.417509"
1376,"fb2ad04abd1e1f8d3f30fa13f1ebfb5b",152000,"Mivida Compound, 5th Settlement","","","",117,"Office Space","Unfurnished","Covered Parking, Security","https://www.dubizzle.com.eg/en/ad/office-for-rent-in-a-strategic-location-in-mivida-business-park-fifth-settlement-fully-finished-professional-work-environment-and-close-ID503187663.html","2026-05-09 13:56:17.657","dubizzle","2026-05-09 13:56:17.657","2026-05-09 20:34:47.78767"
1377,"10512cafa0446fd629cafb87ef8fbe91",152100,"Mivida Compound, 5th Settlement","","","",117,"Office Space","Unfurnished","Covered Parking, Security","https://www.dubizzle.com.eg/en/ad/office-for-rent-in-a-strategic-location-in-mivida-business-park-fifth-settlement-fully-finished-professional-work-environment-and-close-ID503182946.html","2026-05-09 13:56:17.896","dubizzle","2026-05-09 13:56:17.896","2026-05-09 20:34:48.15758"
1378,"69d7794f8ab6002cf358f0c3cda62219",309000,"District 5 Compound, 5th Settlement","","","",238,"Office Space","Unfurnished","Security","https://www.dubizzle.com.eg/en/ad/office-at-district-5-for-rent-delivered-finished-new-cairo-ID503216036.html","2026-05-09 13:56:18.129","dubizzle","2026-05-09 13:56:18.129","2026-05-09 20:34:48.517859"
1379,"7d517e5d1621feb8791d4e48dda48e22",85000,"Mivida Compound, 5th Settlement","","3",3,180,"Apartment","Unfurnished","Balcony, Built in Kitchen Appliances, Private Garden, Central A/C & heating, Security, Covered Parking, Maids Room, Pets Allowed, Pool, Electricity Meter, Water Meter, Natural Gas, Landline","https://www.dubizzle.com.eg/en/ad/apartment-for-rent-in-mivida-compound-ID503485459.html","2026-05-09 13:56:18.359","dubizzle","2026-05-09 13:56:18.359","2026-05-09 20:34:48.877814"
1380,"fd68a2057e2426b0a88a5355eed355d4",150000,"Hyde Park New Cairo Compound, 5th Settlement","","4",6,380,"Stand Alone Villa","Unfurnished","Balcony, Private Garden, Security","https://www.dubizzle.com.eg/en/ad/classic-standalone-villa-for-rent-fully-finished-furnished-with-acs-kitchen-cabinets-ID503483823.html","2026-05-09 13:56:18.593","dubizzle","2026-05-09 13:56:18.593","2026-05-09 20:34:49.247304"
1381,"35882ec35e26d41d5b82347235af68b1",11500000,"Jayd Compound, 5th Settlement","","4",4,210,"Penthouse","Furnished","Balcony, Private Garden, Security, Pool, Electricity Meter","https://www.dubizzle.com.eg/en/ad/under-market-price-fully-finished-penthouse-with-acs-kitchen-cabinets-dressing-with-a-very-prime-location-ID503190146.html","2026-05-09 13:56:18.823","dubizzle","2026-05-09 13:56:18.823","2026-05-09 20:34:49.617137"
1382,"6cb068b39a7cdf6ac1f5b804245bcf72",10000000,"Marassi, Sidi Abdel Rahman","","1",1,93,"Chalet","Unfurnished","Balcony, Built in Kitchen Appliances, Private Garden, Central A/C & heating, Security, Sea View, Gym, Pool, Electricity Meter, Water Meter, Elevator","https://www.dubizzle.com.eg/en/ad/direct-lagoon-view-best-investment-in-north-coast-fully-finished-hotel-chalet-with-air-conditioning-and-kitchen-near-marina-and-el-alameine-ID503484761.html","2026-05-09 13:56:19.054","dubizzle","2026-05-09 13:56:19.054","2026-05-09 20:34:49.97705"
1383,"99fe1e4b86f3619ba03a7a7e1a4c10ec",275000,"Mohandessin, Giza","","","",500,"Office Space","Furnished","Air Conditioning, Security","https://www.dubizzle.com.eg/en/ad/%D8%AF%D9%88%D8%B1-%D8%A7%D9%88%D9%84-%D9%85%D8%AA%D9%85%D9%8A%D8%B2-%D8%B1%D8%AE%D8%B5%D8%A9-%D8%A7%D8%AF%D8%A7%D8%B1%D9%8A-%D9%A5%D9%A0%D9%A0-%D9%85%D8%AA%D8%B1-%D8%A8%D8%B4%D8%A7%D8%B1%D8%B9-%D8%B3%D9%88%D8%B1%D9%8A%D8%A7-%D8%A8%D8%A7%D9%84%D9%85%D9%87%D9%86%D8%AF%D8%B3%D9%8A%D9%86-ID207835720.html","2026-05-09 13:56:19.283","dubizzle","2026-05-09 13:56:19.283","2026-05-09 20:34:50.347356"
1384,"7d8cae7bbe83f9996935e4f3841d8b9b",6700000,"Bloomfields, Mostakbal City","","3",3,178,"Apartment","Unfurnished","Private Garden, Pool","https://www.dubizzle.com.eg/en/ad/apartment-with-down-payment-and-installments-fully-finished-below-developer-price-3-bedrooms-resale-in-bloomfields-mostakbal-city-near-sarai-for-sale-ID503485443.html","2026-05-09 13:56:19.515","dubizzle","2026-05-09 13:56:19.515","2026-05-09 20:34:50.707331"
1385,"fb03762619645f6410105620da304801",4250000,"Helwan, Cairo","","2",1,145,"Apartment","Furnished","Balcony, Built in Kitchen Appliances, Electricity Meter, Water Meter, Landline, Elevator","https://www.dubizzle.com.eg/en/ad/%D8%B4%D9%82%D8%A9-%D9%84%D9%84%D8%A8%D9%8A%D8%B9-%D9%A1%D9%A4%D9%A5-%D9%85%D8%AA%D8%B1-%D8%B9%D9%84%D9%89-%D8%B4%D8%A7%D8%B1%D8%B9-%D9%85%D8%AD%D9%85%D8%AF-%D8%B3%D9%8A%D8%AF-%D8%A7%D8%AD%D9%85%D8%AF-ID207886601.html","2026-05-09 13:56:19.742","dubizzle","2026-05-09 13:56:19.742","2026-05-09 20:34:51.067315"
1596,"ab7ab60b3675086440f5a3754ad4421e",8000000,"Sarai, Mostakbal City","","3",3,175,"iVilla","","","https://www.dubizzle.com.eg/en/ad/zed-villa-with-roof-at-the-best-price-in-the-market-for-sale-in-sarai-compound-mostakbal-city-ID503469407.html","2026-05-09 13:57:10.887","dubizzle","2026-05-09 13:57:10.887","2026-05-09 20:36:32.749344"
1386,"5aeb057e766ee32801ee17582d1e4cba",9954000,"La Colina, Sheikh Zayed","","3",3,158,"Apartment","Unfurnished","","https://www.dubizzle.com.eg/en/ad/own-your-apartment-now-in-lacolina-compound-by-capital-hills-with-the-best-panoramic-view-of-the-landscape-green-spaces-and-water-surfaces-along-with-flexible-payment-systems-for-up-to-12-years-ID503478968.html","2026-05-09 13:56:19.978","dubizzle","2026-05-09 13:56:19.978","2026-05-09 20:34:51.427461"
1387,"78513251d4990c488ea064663186ace6",8417000,"Elysium, Sheikh Zayed","","3",3,166,"Apartment","Unfurnished","","https://www.dubizzle.com.eg/en/ad/own-your-unit-now-in-the-most-upscale-compounds-in-sheikh-zayed-within-elysium-compound-with-the-best-direct-view-of-the-landscape-and-the-mini-lake-and-distinctive-payment-systems-up-to-10-years-ID503478883.html","2026-05-09 13:56:20.225","dubizzle","2026-05-09 13:56:20.225","2026-05-09 20:34:51.80725"
1388,"d7a033b7e082d00f4a9dd901172e73f6",7000000,"EL Patio Casa, Shorouk City","","4",3,275,"Apartment","","Built in Kitchen Appliances, Security, Covered Parking, Pets Allowed, Electricity Meter, Natural Gas, Landline","https://www.dubizzle.com.eg/en/ad/apartment-for-sale-275-sq-m-4-rooms-immediate-delivery-in-la-vista-compound-patio-casa-shorouk-opposite-madinaty-patio-casa-ID503290608.html","2026-05-09 13:56:20.463","dubizzle","2026-05-09 13:56:20.463","2026-05-09 20:34:52.177199"
1389,"a11107951d41f470259dc75ffdb99c7c",2100000,"Al Horeya St., Ahmed Oraby","","3",1,150,"Apartment","Unfurnished","Balcony, Security, Electricity Meter, Water Meter, Natural Gas, Landline, Elevator","https://www.dubizzle.com.eg/en/ad/%D8%B4%D8%A7%D8%B1%D8%B9-%D9%85%D8%AD%D9%85%D9%88%D8%AF-%D8%A7%D9%84%D8%AC%D9%86%D8%AF%D9%8A-%D9%85%D8%AA%D9%81%D8%B1%D8%B9-%D9%85%D9%86-%D8%B4%D8%A7%D8%B1%D8%B9-%D8%A7%D9%84%D8%AD%D8%B1%D9%8A%D9%87-%D9%86%D8%A7%D8%B5%D9%8A%D9%87-%D9%85%D8%B3%D8%AC%D8%AF-%D8%B9%D8%A8%D8%AF%D8%A7%D9%84%D9%84%D9%87-%D8%A8%D9%86-%D9%85%D8%B3%D8%B9%D9%88%D8%AF-ID207886553.html","2026-05-09 13:56:20.711","dubizzle","2026-05-09 13:56:20.711","2026-05-09 20:34:52.537423"
1390,"89b1a1bbb262e23e74a09e6c466846e2",3220000,"Al Maqsad, New Capital City","","3",2,134,"Apartment","Unfurnished","Balcony, Private Garden, Security","https://www.dubizzle.com.eg/en/ad/ready-to-move-at-the-lowest-price-3-large-bedrooms-apartment-for-sale-fully-finished-to-a-super-deluxe-standard-ready-to-furnish-ID503064726.html","2026-05-09 13:56:20.95","dubizzle","2026-05-09 13:56:20.95","2026-05-09 20:34:52.907102"
1391,"e0e43e546758a32b797c6a4ba190d644",13000000,"Joulz Compound, 6th of October","","4",4,326,"Stand Alone Villa","Unfurnished","Private Garden, Covered Parking, Pets Allowed, Pool, Electricity Meter, Water Meter, Natural Gas","https://www.dubizzle.com.eg/en/ad/villa-for-sale-in-%D8%AC%D9%88%D9%84%D8%B2-joulz-in-the-heart-of-the-eastern-expansion-next-to-new-giza-ID503485358.html","2026-05-09 13:56:21.178","dubizzle","2026-05-09 13:56:21.178","2026-05-09 20:34:53.279382"
1392,"b5862d5e792842e8ba2a357d97bfc78f",7150000,"Madinaty, Cairo","","3",2,144,"Apartment","Unfurnished","","https://www.dubizzle.com.eg/en/ad/apartment-144-sqm-for-cash-sale-in-madinaty-special-finishes-first-occupancy-prime-location-and-very-distinctive-view-ID503485421.html","2026-05-09 13:56:21.407","dubizzle","2026-05-09 13:56:21.407","2026-05-09 20:34:53.668782"
1393,"871bf3c1dd1059d445631d5b4d49ea95",3750000,"Madinaty, Cairo","","1",1,45,"Studio","Unfurnished","","https://www.dubizzle.com.eg/en/ad/studio-for-sale-with-hotel-style-finishing-private-garden-in-a-prime-location-b7-directly-across-from-south-park-and-near-services-ID503485006.html","2026-05-09 13:56:21.633","dubizzle","2026-05-09 13:56:21.633","2026-05-09 20:34:54.027357"
1394,"12d5c7cc790f790343f25d105865bee7",20000000,"La Vista City, New Capital City","","4",4,250,"Stand Alone Villa","Unfurnished","Built in Kitchen Appliances, Covered Parking, Pets Allowed","https://www.dubizzle.com.eg/en/ad/ready-to-move-villa-for-sale-in-la-vista-city-prime-location-with-private-garden-ID503298776.html","2026-05-09 13:56:21.863","dubizzle","2026-05-09 13:56:21.863","2026-05-09 20:34:54.397129"
1395,"5e551809a76954669fe132ad46f30035",8500000,"Dijar, New Cairo","","4",4,212,"Town House","","Balcony, Built in Kitchen Appliances, Private Garden, Covered Parking, Pool, Electricity Meter","https://www.dubizzle.com.eg/en/ad/townhouse-villa-for-sale-in-the-fifth-settlement-in-the-compound-dijar-next-to-al-ahly-club-and-beside-mivida-and-the-american-university-ID503485413.html","2026-05-09 13:56:22.097","dubizzle","2026-05-09 13:56:22.097","2026-05-09 20:34:54.77768"
1396,"8581140e2c9c3bc7458b115269be0712",3300000,"Al Andalous, 5th Settlement","","3",2,145,"Apartment","Unfurnished","Private Garden, Electricity Meter, Water Meter, Landline","https://www.dubizzle.com.eg/en/ad/view-garden-repeated-front-garden-3-rooms-immediate-1st-floor-fifth-settlement-next-to-hyde-park-and-minutes-from-the-american-university-mountain-view-ID503436061.html","2026-05-09 13:56:22.332","dubizzle","2026-05-09 13:56:22.332","2026-05-09 20:34:55.157542"
1397,"92db24315b751504dded711f07ba82fa",11800000,"Madinaty, Cairo","","3",3,211,"Apartment","Unfurnished","","https://www.dubizzle.com.eg/en/ad/special-opportunity-to-own-an-apartment-in-b1-madinaty-prime-location-211m-3-bedrooms-3-bathrooms-with-a-master-bedroom-on-the-fifth-floor-before-the-last-with-an-open-stunning-view-on-the-main-street-steps-away-from-madinaty-club-for-communication-01147776005-ID503485409.html","2026-05-09 13:56:22.577","dubizzle","2026-05-09 13:56:22.577","2026-05-09 20:34:55.657385"
1398,"35426563730ed469bb676bae63868bef",14000000,"Amwaj, Sidi Abdel Rahman","","4",4,291,"Stand Alone Villa","Unfurnished","Balcony, Built in Kitchen Appliances, Private Garden, Central A/C & heating, Security, Covered Parking, Maids Room, Pets Allowed, Pool, Electricity Meter, Water Meter, Natural Gas, Landline","https://www.dubizzle.com.eg/en/ad/villa-first-line-sea-441-m-in-amwaj-fully-finished-with-air-conditioning-and-the-dressing-ready-for-delivery-ID503474401.html","2026-05-09 13:56:22.816","dubizzle","2026-05-09 13:56:22.816","2026-05-09 20:34:56.138223"
1399,"c3e558233b8bf212b91a281ebb9e165f",30000000,"Novella, Sheikh Zayed","","5",6,595,"Stand Alone Villa","Unfurnished","Security, Maids Room","https://www.dubizzle.com.eg/en/ad/villa-with-a-pool-in-the-novella-compound-on-dahshur-link-al-karma-company-ID503478638.html","2026-05-09 13:56:23.058","dubizzle","2026-05-09 13:56:23.058","2026-05-09 20:34:56.607563"
1400,"7ded785bef5c9daa75399d9018e5d41e",235000,"Palm Hills New Cairo Compound, 5th Settlement","","4",4,600,"Stand Alone Villa","Furnished","Built in Kitchen Appliances, Private Garden, Central A/C & heating, Security, Covered Parking, Maids Room, Pets Allowed, Pool, Electricity Meter, Water Meter, Landline","https://www.dubizzle.com.eg/en/ad/standalone-villa-for-rent-katameya-palm-hills-extension-new-cairo-pk2-high-end-finishing-prime-location-open-landscape-view-ID503484321.html","2026-05-09 13:56:23.298","dubizzle","2026-05-09 13:56:23.298","2026-05-09 20:34:57.017767"
1401,"5a9645168b508df62a8f6767e2f8136e",12500000,"Hyde Park New Cairo Compound, 5th Settlement","","3",3,199,"Apartment","Unfurnished","Covered Parking, Pets Allowed, Electricity Meter, Water Meter, Natural Gas","https://www.dubizzle.com.eg/en/ad/apartment-corner-double-view-on-landscape-ready-to-move-for-sale-in-park-corner-phase-hyde-park-at-price-500k-less-than-its-original-price-resale-ID502906724.html","2026-05-09 13:56:23.539","dubizzle","2026-05-09 13:56:23.539","2026-05-09 20:34:57.457832"
1402,"3e651918b929754811d52784e3e63be2",7000000,"ZED West Compound, Sheikh Zayed","","3",3,157,"Apartment","Unfurnished","Balcony, Built in Kitchen Appliances, Private Garden, Central A/C & heating, Security, Covered Parking, Pets Allowed, Pool, Electricity Meter, Water Meter, Natural Gas, Landline","https://www.dubizzle.com.eg/en/ad/finished-apartment-in-zed-west-next-to-arkan-plaza-ID503464653.html","2026-05-09 13:56:23.775","dubizzle","2026-05-09 13:56:23.775","2026-05-09 20:34:58.028109"
1403,"a9b5b2ff29bb995e330094142dac57a2",265000000,"Marassi, Sidi Abdel Rahman","","6",6,1200,"Stand Alone Villa","Furnished","","https://www.dubizzle.com.eg/en/ad/beach-front-villa-for-sale-sea-view-safi-marassi-ID503459882.html","2026-05-09 13:56:24.021","dubizzle","2026-05-09 13:56:24.021","2026-05-09 20:34:58.607962"
1404,"34d168b30108ed4046ed28d07154a7ec",50000,"Rehab City, New Cairo","","3",3,182,"Apartment","Furnished","Balcony, Built in Kitchen Appliances, Private Garden, Central A/C & heating, Security, Covered Parking, Maids Room, Pets Allowed, Pool, Electricity Meter, Water Meter, Natural Gas, Landline","https://www.dubizzle.com.eg/en/ad/luxury-furn-apart-for-rent-near-t-all-service-best-ID503425644.html","2026-05-09 13:56:24.26","dubizzle","2026-05-09 13:56:24.26","2026-05-09 20:34:59.157591"
1405,"5a3e6522c942071b53cde8ff8c5c0022",120000,"Mivida Compound, 5th Settlement","","4",5,356,"Twin House","Unfurnished","Balcony, Built in Kitchen Appliances, Private Garden, Central A/C & heating, Security, Covered Parking, Maids Room, Electricity Meter, Water Meter, Natural Gas, Landline","https://www.dubizzle.com.eg/en/ad/ready-to-move-luxurious-stand-alone-villa-in-mivida-kitchen-and-acs-ID503471089.html","2026-05-09 13:56:24.489","dubizzle","2026-05-09 13:56:24.489","2026-05-09 20:34:59.738112"
1406,"5d4c4560290d7f2afd44c67b42ee4719",11000000,"Badya Palm Hills Compound, 6th of October","","3",4,200,"Stand Alone Villa","Unfurnished","Private Garden, Covered Parking, Pets Allowed, Pool, Electricity Meter, Water Meter, Natural Gas, Landline","https://www.dubizzle.com.eg/en/ad/villa-at-the-old-price-with-a-down-payment-of-only-500000-in-installments-over-6-years-in-palm-hills-october-ID503315716.html","2026-05-09 13:56:24.72","dubizzle","2026-05-09 13:56:24.72","2026-05-09 20:35:00.147597"
1407,"d63f4c111b00faaddabbec2bb548feae",80000,"ZED West Compound, Sheikh Zayed","","2",2,140,"Apartment","Furnished","Built in Kitchen Appliances, Private Garden, Security, Covered Parking, Pool, Electricity Meter, Water Meter, Landline","https://www.dubizzle.com.eg/en/ad/g20-fully-furnished-2br-apartment-for-rent-in-zed-west-sheikh-zayed-ID503322977.html","2026-05-09 13:56:24.95","dubizzle","2026-05-09 13:56:24.95","2026-05-09 20:35:00.718029"
1408,"c438a59bb7d85f3523f84518bd1a5507",570000,"Nakheel, Alexandria","","2",1,70,"Apartment","Unfurnished","","https://www.dubizzle.com.eg/en/ad/apartment-for-sale-in-alexandria-kilo-21-nakheel-beach-near-services-and-markets-at-a-bargain-price-of-570000-ID503484445.html","2026-05-09 13:56:25.187","dubizzle","2026-05-09 13:56:25.187","2026-05-09 20:35:01.357708"
1409,"74c38ca4b747aa9c8a87fc8c3b7a47c4",10790000,"Dose, North Coast","","1",1,65,"Chalet","Unfurnished","Balcony, Private Garden, Security, Gym, Pool","https://www.dubizzle.com.eg/en/ad/chalet-for-sale-65-sqm-in-one-of-the-most-luxurious-and-upscale-resorts-on-the-north-coast-akam-al-rajhi-one-bedroom-unit-with-only-a-10-down-pa-ID503485402.html","2026-05-09 13:56:25.416","dubizzle","2026-05-09 13:56:25.416","2026-05-09 20:35:01.88775"
1410,"0ea92a5f0b52627ac90aadd3bf95cf33",9400000,"Hyde Park New Cairo Compound, 5th Settlement","","2",2,140,"Apartment","Unfurnished","Private Garden, Security","https://www.dubizzle.com.eg/en/ad/for-sale-at-the-lowest-price-fully-finished-in-hyde-park-fifth-settlement-140m2-resale-apartment-with-landscape-view-and-family-house-ready-to-move-ID503485338.html","2026-05-09 13:56:25.651","dubizzle","2026-05-09 13:56:25.651","2026-05-09 20:35:02.420871"
1411,"cb7f783dd37dc6c10a507ffd94554c8d",11450000,"MOON HILLS 4 Compound, Sheikh Zayed","","3",3,224,"Town House","Unfurnished","Balcony, Private Garden, Security, Covered Parking, Pets Allowed, Pool","https://www.dubizzle.com.eg/en/ad/villa-for-sale-at-the-price-of-an-apartment-in-moon-hills-compound-minutes-away-from-waslet-dahshur-and-mall-of-arabia-with-only-a-15-down-payment-ID502782383.html","2026-05-09 13:56:25.888","dubizzle","2026-05-09 13:56:25.888","2026-05-09 20:35:03.110446"
1412,"46821ba7f797544dc48a62d6863db573",6500000,"Sidi Heneish, North Coast","","1",1,45,"Chalet","Unfurnished","Balcony, Private Garden, Security, Sea View, Gym, Pool","https://www.dubizzle.com.eg/en/ad/a-once-in-a-lifetime-opportunity-on-the-north-coast-own-your-chalet-in-sidi-heneish-with-a-low-down-payment-and-comfortable-installments-for-up-to-8-ID503327263.html","2026-05-09 13:56:26.125","dubizzle","2026-05-09 13:56:26.125","2026-05-09 20:35:03.84915"
1413,"d4a09b486d294c02e28e0b9cf18a17b6",9000000,"Sukoon, New Zayed","","3",3,250,"Twin House","Unfurnished","Balcony, Private Garden, Security, Covered Parking, Pets Allowed, Pool","https://www.dubizzle.com.eg/en/ad/own-a-250-sqm-twin-house-with-a-private-garden-for-only-egp-900000-down-payment-experience-a-different-level-of-living-in-a-villas-only-compound-j-ID503218921.html","2026-05-09 13:56:26.362","dubizzle","2026-05-09 13:56:26.362","2026-05-09 20:35:04.44778"
1414,"9b903b9ce524013738034f179dbed34b",3055000,"Nakheel, Shorouk City","","1",1,77,"Studio","Unfurnished","Private Garden, Covered Parking, Pets Allowed, Pool","https://www.dubizzle.com.eg/en/ad/own-a-studio-in-livyn-compound-el-shorouk-in-a-prime-location-on-suez-road-directly-in-front-of-madinaty-with-prices-starting-from-27-million-egp-a-ID503319042.html","2026-05-09 13:56:26.595","dubizzle","2026-05-09 13:56:26.595","2026-05-09 20:35:05.241654"
1415,"80fe316c007aa56beb805f79eda8919e",6264000,"Nyoum October Compound, 6th of October","","2",2,108,"Apartment","Unfurnished","Balcony, Private Garden, Security, Covered Parking, Pets Allowed, Pool","https://www.dubizzle.com.eg/en/ad/a-great-opportunity-apartment-for-sale-next-to-mountain-view-chill-out-park-with-installments-over-7-years-107-sqm-apartment-in-neom-compound-with-ID503172154.html","2026-05-09 13:56:26.827","dubizzle","2026-05-09 13:56:26.827","2026-05-09 20:35:05.717856"
1416,"25ded932b36dd9ca5d0fdce745d71c69",120000,"Lake view Residence Compound, 5th Settlement","","3",3,225,"Apartment","Furnished","Balcony, Central A/C & heating, Security, Electricity Meter, Water Meter, Natural Gas, Landline","https://www.dubizzle.com.eg/en/ad/luxury-apartment-for-rent-in-lake-view-residence-ultra-modern-apartment-for-rent-in-lake-view-residence-with-a-stunning-direct-lake-view-ID503485397.html","2026-05-09 13:56:27.059","dubizzle","2026-05-09 13:56:27.059","2026-05-09 20:35:06.443322"
1417,"99d690377fdf360a21e77f5cd1b795eb",11700000,"Westrict, Sheikh Zayed","","2",1,90,"Apartment","Unfurnished","Security, Covered Parking","https://www.dubizzle.com.eg/en/ad/invest-and-enjoy-a-luxurious-lifestyle-in-a-90-sqm-apartment-managed-by-marriott-in-a-prime-location-directly-in-front-of-dandy-mall-and-right-ID503485395.html","2026-05-09 13:56:27.294","dubizzle","2026-05-09 13:56:27.294","2026-05-09 20:35:07.247913"
1418,"e2155f7595b29d48ccd9586aeff4236c",6700000,"El Banafseg 12, 1st Settlement","","3",2,220,"Apartment","Unfurnished","Balcony, Electricity Meter","https://www.dubizzle.com.eg/en/ad/%D8%B4%D9%82%D8%A9-%D9%84%D9%84%D8%A8%D9%8A%D8%B9-%D9%81%D9%8A-%D8%A7%D9%84%D8%AA%D8%AC%D9%85%D8%B9-%D8%A7%D9%84%D8%A7%D9%88%D9%84-%D8%A7%D9%84%D8%A8%D9%86%D9%81%D8%B3%D8%AC-%D9%81%D9%8A%D9%84%D8%A7%D8%AA-12-%D9%85%D9%86-%D8%A7%D9%84%D9%85%D8%A7%D9%84%D9%83-1st-settlement-ID207880845.html","2026-05-09 13:56:27.528","dubizzle","2026-05-09 13:56:27.528","2026-05-09 20:35:08.068237"
1419,"a405e7c348d1c43c7fcd487c3c62de01",2900700,"FLW Residence, 6th of October","","2",2,106,"Apartment","Unfurnished","Balcony, Private Garden, Security, Covered Parking, Pets Allowed, Pool","https://www.dubizzle.com.eg/en/ad/own-a-2-bedroom-apartment-at-the-lowest-price-in-6th-of-october-city-with-a-10-down-payment-right-next-to-msa-university-dont-miss-this-opportun-ID503304565.html","2026-05-09 13:56:27.769","dubizzle","2026-05-09 13:56:27.769","2026-05-09 20:35:08.88934"
1420,"dd03069a465227e937f225202da2dc4f",8065000,"Lasirena Palm Beach, Ain Sukhna","","2",1,90,"Chalet","Unfurnished","Balcony, Private Garden, Security, Gym, Pool","https://www.dubizzle.com.eg/en/ad/chalet-for-sale-fully-finished-in-la-sirena-palm-beach-home-to-one-of-the-most-beautiful-beaches-in-ain-sokhna-sea-view-with-only-a-10-down-pa-ID503188674.html","2026-05-09 13:56:28.007","dubizzle","2026-05-09 13:56:28.007","2026-05-09 20:35:11.328066"
1459,"b1faa7372b09e13d4a6f7874591fee65",6650330,"Privado, Madinaty","","2",2,101,"Apartment","Unfurnished","Balcony, Security, Water Meter","https://www.dubizzle.com.eg/en/ad/premium-apartment-for-sale-in-privado-compound-madinaty-open-view-in-a-prime-location-ID503484395.html","2026-05-09 13:56:37.588","dubizzle","2026-05-09 13:56:37.588","2026-05-09 20:35:30.778114"
1421,"eda8cb569856f8372e30dbf27a211abe",12810000,"Sodic East, New Heliopolis","","3",2,225,"Apartment","Unfurnished","Balcony, Built in Kitchen Appliances, Private Garden, Central A/C & heating, Security, Covered Parking, Maids Room, Pets Allowed, Pool, Electricity Meter, Water Meter, Natural Gas, Landline","https://www.dubizzle.com.eg/en/ad/fully-finished-apartment-for-sale-in-sodic-east-compound-in-new-cairo-ID503484927.html","2026-05-09 13:56:28.237","dubizzle","2026-05-09 13:56:28.237","2026-05-09 20:35:13.128927"
1422,"9172b23635472daf6af21cfc9780881d",1800000,"Sign One Mall, R5","","","",10,"Retail","Unfurnished","Covered Parking, Security","https://www.dubizzle.com.eg/en/ad/start-your-business-and-own-an-10-sqm-shop-in-one-of-the-most-important-areas-of-the-new-administrative-capital-inside-sign-one-mall-a-strategic-loc-ID503364097.html","2026-05-09 13:56:28.468","dubizzle","2026-05-09 13:56:28.468","2026-05-09 20:35:13.958602"
1423,"c5998d2d831cc13793acff7a0e050f39",15000000,"Maadi View, Shorouk City","","5",4,462,"Stand Alone Villa","Unfurnished","","https://www.dubizzle.com.eg/en/ad/lowest-price-standalone-villa-for-sale-in-el-shorouk-ready-to-move-462-sqm-directly-in-front-of-madinaty-with-the-lowest-down-payment-ID503334619.html","2026-05-09 13:56:28.697","dubizzle","2026-05-09 13:56:28.697","2026-05-09 20:35:14.348998"
1424,"cd0c5233b57c1d10818e1ec157f9f219",32500000,"Marassi, Sidi Abdel Rahman","","3",3,215,"Town House","Unfurnished","Balcony, Built in Kitchen Appliances, Private Garden, Security, Covered Parking, Maids Room, Pool, Electricity Meter, Water Meter, Natural Gas, Landline","https://www.dubizzle.com.eg/en/ad/fully-finished-town-house-for-sale-in-marassi-north-coast-ready-to-move-prime-location-ID503483397.html","2026-05-09 13:56:28.925","dubizzle","2026-05-09 13:56:28.925","2026-05-09 20:35:14.799292"
1425,"b45c41ebc9f13b809a15b07c72aba526",16500000,"Marassi, Sidi Abdel Rahman","","2",2,128,"Chalet","Furnished","Balcony, Built in Kitchen Appliances, Security, Sea View, Gym, Pool, Electricity Meter, Water Meter, Elevator","https://www.dubizzle.com.eg/en/ad/fully-finished-chalet-for-sale-in-marassi-north-coast-very-prime-location-ready-ID503482903.html","2026-05-09 13:56:29.155","dubizzle","2026-05-09 13:56:29.155","2026-05-09 20:35:15.167974"
1426,"29e0d40e13265dc52e6ab6565dff113b",23665000,"Makadi Heights, Hurghada","","3",3,136,"Town House","Unfurnished","Balcony, Built in Kitchen Appliances, Private Garden, Security, Covered Parking, Pets Allowed, Pool, Electricity Meter, Water Meter, Landline","https://www.dubizzle.com.eg/en/ad/townhouse-middle-for-sale-in-makadi-heights-10-dp-7-year-installments-ID503481329.html","2026-05-09 13:56:29.385","dubizzle","2026-05-09 13:56:29.385","2026-05-09 20:35:15.547864"
1427,"8b7ccbd451d484d6dcd36c7119ba25b2",4679000,"Rivan, New Capital City","","1",1,68,"Apartment","Unfurnished","Balcony, Private Garden, Security, Covered Parking, Pets Allowed, Water Meter","https://www.dubizzle.com.eg/en/ad/for-sale-studio-smart-home-68m-in-the-administrative-capital-with-super-lux-finishing-with-a-10-down-payment-in-a-strategic-location-near-downtown-ID503425298.html","2026-05-09 13:56:29.612","dubizzle","2026-05-09 13:56:29.612","2026-05-09 20:35:15.926803"
1428,"3fc307a9951afea6847693670c6c5d53",10000,"Mivida Compound, 5th Settlement","","3",4,218,"Apartment","Furnished","Built in Kitchen Appliances, Private Garden, Central A/C & heating, Security, Covered Parking, Pool, Electricity Meter, Water Meter, Natural Gas, Landline","https://www.dubizzle.com.eg/en/ad/luxury-furnished-apartment-for-rent-in-mivida-compound-new-cairo-3-bedrooms-ID503304700.html","2026-05-09 13:56:29.845","dubizzle","2026-05-09 13:56:29.845","2026-05-09 20:35:16.337901"
1429,"6543081e0d5e394600a873e30bd2d4fd",150000,"Mivida Compound, 5th Settlement","","3",3,218,"Apartment","Furnished","Balcony, Built in Kitchen Appliances, Private Garden, Central A/C & heating, Security, Covered Parking, Maids Room, Pool, Electricity Meter, Water Meter, Landline, Elevator","https://www.dubizzle.com.eg/en/ad/luxury-furnished-apartment-for-rent-in-mivida-compound-new-cairo-3-bedrooms-ID502933908.html","2026-05-09 13:56:30.081","dubizzle","2026-05-09 13:56:30.081","2026-05-09 20:35:16.737947"
1430,"db5266f8a05e7ba56ee43ffe577333ce",35000000,"Hacienda West, Ras Al Hekma","","4",4,205,"Chalet","Unfurnished","Balcony, Built in Kitchen Appliances, Private Garden, Central A/C & heating, Security, Sea View, Gym, Pool, Electricity Meter, Water Meter, Elevator","https://www.dubizzle.com.eg/en/ad/senior-chalet-ground-for-sale-in-hacienda-west-by-palm-hills-ready-to-move-and-fully-finished-ID503484441.html","2026-05-09 13:56:30.56","dubizzle","2026-05-09 13:56:30.56","2026-05-09 20:35:17.119029"
1431,"955b320028e711c2a97b81d68b8955ee",17000000,"Sarai, Mostakbal City","","4",4,175,"Stand Alone Villa","Unfurnished","Balcony, Built in Kitchen Appliances, Private Garden, Central A/C & heating, Security, Covered Parking, Maids Room, Pets Allowed, Pool, Electricity Meter, Water Meter, Natural Gas, Landline","https://www.dubizzle.com.eg/en/ad/villa-at-half-its-price-and-a-lower-down-payment-in-saray-and-you-will-pay-in-the-longest-payment-period-while-you-are-in-your-home-ID503333988.html","2026-05-09 13:56:30.799","dubizzle","2026-05-09 13:56:30.799","2026-05-09 20:35:17.498038"
1432,"babf9168dc24309c8f529ff3592d5ef3",14000000,"Marina 5, Alamein","","3",2,227,"Duplex","","Built in Kitchen Appliances, Private Garden, Pool","https://www.dubizzle.com.eg/en/ad/douplex-for-sale-dierct-on-view-3-bed-cash-14000000-ready-now-ID503484416.html","2026-05-09 13:56:31.031","dubizzle","2026-05-09 13:56:31.031","2026-05-09 20:35:17.857758"
1433,"4fa5e54f214d849aeabd2aad2edd7abe",8400000,"New Giza Compound, 6th of October","","3",3,235,"Apartment","","Private Garden, Covered Parking, Pets Allowed, Pool","https://www.dubizzle.com.eg/en/ad/apartment-delivery-now-in-a-prime-location-next-to-palm-hills-and-al-jazira-club-ID502454688.html","2026-05-09 13:56:31.258","dubizzle","2026-05-09 13:56:31.258","2026-05-09 20:35:18.227665"
1434,"ce8df284e47a386139626a25e7b9947e",11150000,"New Giza Compound, 6th of October","","5",5,500,"Twin House","","Private Garden, Covered Parking, Maids Room, Pets Allowed, Pool, Electricity Meter, Water Meter, Natural Gas, Landline","https://www.dubizzle.com.eg/en/ad/twin-villa-ready-to-move-next-to-palm-hills-ID502902491.html","2026-05-09 13:56:31.515","dubizzle","2026-05-09 13:56:31.515","2026-05-09 20:35:18.588322"
1435,"43c80f7d45935f1e745b4b66978d1a09",41000000,"Hyde Park New Cairo Compound, 5th Settlement","","5",4,400,"Stand Alone Villa","","Balcony, Built in Kitchen Appliances, Private Garden, Covered Parking, Pool, Electricity Meter","https://www.dubizzle.com.eg/en/ad/last-twin-for-sale-in-hydepark-new-cairo-now-ready-to-move-unite-cash-41000000-ID503484402.html","2026-05-09 13:56:31.751","dubizzle","2026-05-09 13:56:31.751","2026-05-09 20:35:18.95833"
1436,"cbda79e36d93eec52415f2a403c1a5b4",11500000,"Marassi, Sidi Abdel Rahman","","1",1,70,"Chalet","Unfurnished","Balcony, Built in Kitchen Appliances, Elevator","https://www.dubizzle.com.eg/en/ad/chalet-with-pool-view-fully-furnished-70m-prime-location-marassi-ID503474193.html","2026-05-09 13:56:31.982","dubizzle","2026-05-09 13:56:31.982","2026-05-09 20:35:19.348072"
1437,"3227073bf0ce348bb59b3f9f76026e81",30000000,"New Cairo, Cairo","","4",4,300,"Stand Alone Villa","","Balcony, Private Garden, Covered Parking, Pool, Electricity Meter","https://www.dubizzle.com.eg/en/ad/villa-for-sale-dierct-view-on-lake-fully-finished-cash-30000-000-ID503484397.html","2026-05-09 13:56:32.224","dubizzle","2026-05-09 13:56:32.224","2026-05-09 20:35:19.738183"
1438,"ebaf5814aa190e1faf08fe091445a6ae",2048000,"New Damietta, Damietta","","2",1,70,"Apartment","Unfurnished","","https://www.dubizzle.com.eg/en/ad/apartments-for-families-70m-installments-4-years-in-new-damietta-ID503485379.html","2026-05-09 13:56:32.465","dubizzle","2026-05-09 13:56:32.465","2026-05-09 20:35:20.129138"
1460,"ec22aea855b22811dd632a54ffbb4d1a",5500000,"Mountain View iCity Compound, 5th Settlement","","3",3,165,"Apartment","Unfurnished","Balcony, Built in Kitchen Appliances, Security, Covered Parking, Elevator","https://www.dubizzle.com.eg/en/ad/apartment-165m-facing-north-prime-location-mountain-view-i-city-ID503484091.html","2026-05-09 13:56:37.814","dubizzle","2026-05-09 13:56:37.814","2026-05-09 20:35:31.338198"
1439,"cb80eeb1c6cc536778972afcc1a4e8c8",2080000,"Pyramids Wales Compound, 6th of October","","1",1,27,"Studio","Unfurnished","Balcony, Private Garden, Security, Covered Parking, Pets Allowed, Pool","https://www.dubizzle.com.eg/en/ad/studio-for-sale-27-sqm-in-pyramids-wells-compound-with-a-25-down-payment-enjoy-views-of-the-pyramids-and-be-just-minutes-from-the-grand-egyptian-m-ID502902778.html","2026-05-09 13:56:32.69","dubizzle","2026-05-09 13:56:32.69","2026-05-09 20:35:20.538007"
1440,"218421d0abb33a0b2685e9561ef37006",3139500,"New Capital City, Cairo","","","",39,"Office Space","Unfurnished","","https://www.dubizzle.com.eg/en/ad/administrative-office-in-the-new-administrative-capital-ID503485359.html","2026-05-09 13:56:32.917","dubizzle","2026-05-09 13:56:32.917","2026-05-09 20:35:20.947776"
1441,"4b71884df74d7d3ff5061ac51cb51e35",4500000,"New Narges, 5th Settlement","","3",3,180,"Apartment","Unfurnished","Balcony, Covered Parking","https://www.dubizzle.com.eg/en/ad/own-a-sea-view-corner-apartment-with-immediate-delivery-in-a-prime-location-in-new-al-narges-fifth-settlement-with-flexible-payment-plans-up-to-24-m-ID503136674.html","2026-05-09 13:56:33.143","dubizzle","2026-05-09 13:56:33.143","2026-05-09 20:35:21.327964"
1442,"8ab5d24b104d4b6a07793c23da8eb4da",40000000,"Madinaty, Cairo","","4",2,374,"Stand Alone Villa","Unfurnished","Balcony, Built in Kitchen Appliances, Private Garden, Central A/C & heating, Security, Covered Parking, Maids Room, Pets Allowed, Pool, Electricity Meter, Water Meter, Natural Gas, Landline","https://www.dubizzle.com.eg/en/ad/%D9%86%D9%85%D9%88%D8%B2%D8%AC-b3-%D9%85%D8%B3%D8%A7%D8%AD%D8%A9-%D9%A3%D9%A7%D9%A4%D9%85-%D9%85%D8%B3%D8%A7%D8%AD%D9%87-%D8%A7%D9%84%D8%A3%D8%B1%D8%B6-%D9%A5%D9%A8%D9%A4%D9%85-ID207886117.html","2026-05-09 13:56:33.368","dubizzle","2026-05-09 13:56:33.368","2026-05-09 20:35:21.738003"
1443,"ca470a545db15b0f3c81745f887a0b6b",6500000,"Taj City Compound, 1st Settlement","","2",2,126,"Apartment","Unfurnished","","https://www.dubizzle.com.eg/en/ad/two-bedroom-penthouse-apartment-for-sale-in-taj-city-compound-at-the-best-price-on-the-market-with-stunning-view-ID503396818.html","2026-05-09 13:56:33.597","dubizzle","2026-05-09 13:56:33.597","2026-05-09 20:35:22.127943"
1444,"1231933cac5cfb5b6193c7ff25292726",12845000,"AZAD Compound, 5th Settlement","","2",2,140,"Apartment","Unfurnished","","https://www.dubizzle.com.eg/en/ad/ready-to-move-in-apartment-for-sale-in-front-of-the-american-university-in-azad-compound-fifth-settlement-ID503475161.html","2026-05-09 13:56:34.069","dubizzle","2026-05-09 13:56:34.069","2026-05-09 20:35:22.527704"
1445,"51cbc5fcfc8061d83f536de3e33ae12d",14359975,"AZAD Compound, 5th Settlement","","3",3,166,"Apartment","Unfurnished","","https://www.dubizzle.com.eg/en/ad/3-bedroom-apartment-ready-to-move-in-azad-compound-fifth-settlement-with-a-special-discount-on-the-price-ID503402271.html","2026-05-09 13:56:34.305","dubizzle","2026-05-09 13:56:34.305","2026-05-09 20:35:22.930854"
1446,"0363c90e6993435e015e476e8711abc6",6750000,"Telal Sokhna, Ain Sukhna","","3",2,130,"Chalet","Unfurnished","Sea View","https://www.dubizzle.com.eg/en/ad/beachfront-sea-view-chalet-in-telal-ain-sokhna-with-a-special-discount-on-the-cash-price-ID503373813.html","2026-05-09 13:56:34.547","dubizzle","2026-05-09 13:56:34.547","2026-05-09 20:35:23.328477"
1447,"8ae9e09e443295e4f5d7ce13f5bec2d0",6600000,"Telal Sokhna, Ain Sukhna","","2",2,116,"Chalet","Unfurnished","Sea View","https://www.dubizzle.com.eg/en/ad/beachfront-chalet-in-telal-ain-sokhna-with-a-special-discount-on-the-cash-price-sea-view-ID503373810.html","2026-05-09 13:56:34.791","dubizzle","2026-05-09 13:56:34.791","2026-05-09 20:35:23.728652"
1448,"4511c9ab8aa7ad9165c0027eeb36a11a",6749880,"Telal Sokhna, Ain Sukhna","","3",2,130,"Chalet","Unfurnished","","https://www.dubizzle.com.eg/en/ad/finished-chalet-for-sale-in-telal-sokhna-compound-with-a-prime-direct-sea-view-ID503403401.html","2026-05-09 13:56:35.039","dubizzle","2026-05-09 13:56:35.039","2026-05-09 20:35:24.138597"
1449,"689301d2bad293b850a07fd44bf2fc4f",4600000,"Reve du nil, Maadi","","1",1,55,"Studio","Furnished","Balcony, Built in Kitchen Appliances, Private Garden, Security, Covered Parking, Pets Allowed, Pool, Electricity Meter, Natural Gas, Landline","https://www.dubizzle.com.eg/en/ad/furnished-and-equipped-apartment-for-sale-in-a-tower-on-the-nile-corniche-in-maadi-highest-return-on-investment-in-dollars-immediate-occupancy-next-ID503349295.html","2026-05-09 13:56:35.274","dubizzle","2026-05-09 13:56:35.274","2026-05-09 20:35:24.551023"
1450,"c57658fcc428d54812a57f9fc4dc3b43",36000,"Janna, 6th of October","","3",3,140,"Apartment","Furnished","Balcony, Built in Kitchen Appliances, Private Garden, Central A/C & heating, Security, Maids Room, Pets Allowed, Pool, Electricity Meter, Water Meter, Natural Gas, Landline, Elevator","https://www.dubizzle.com.eg/en/ad/%D8%AC%D9%86%D8%A9-%D8%A7%D9%83%D8%AA%D9%88%D8%A8%D8%B1-%D8%A7%D9%84%D8%B4%D9%8A%D8%AE-%D8%B2%D8%A7%D9%8A%D8%AF-ID207790234.html","2026-05-09 13:56:35.502","dubizzle","2026-05-09 13:56:35.502","2026-05-09 20:35:24.953105"
1451,"7d7e985d7693960ec9ae1ca7683ceceb",2200000,"Hurghada, Red Sea","","2",1,100,"Apartment","Unfurnished","Balcony, Security, Pets Allowed, Electricity Meter, Water Meter, Elevator","https://www.dubizzle.com.eg/en/ad/red-sea-hurghada-elhegaz-ID503459865.html","2026-05-09 13:56:35.734","dubizzle","2026-05-09 13:56:35.734","2026-05-09 20:35:25.528451"
1452,"6048ce6a8031acce89d916069520a45f",10078000,"Sodic East, New Heliopolis","","3",3,195,"Penthouse","Unfurnished","Balcony, Electricity Meter, Water Meter, Natural Gas, Elevator","https://www.dubizzle.com.eg/en/ad/penthouse-sodic-east-for-sale-by-owner-not-brokers-ID207825703.html","2026-05-09 13:56:35.964","dubizzle","2026-05-09 13:56:35.964","2026-05-09 20:35:26.279352"
1453,"aa9392668babb7b11efba4caeea6c8d4",9000000,"5th Settlement, New Cairo","","4",4,212,"Stand Alone Villa","","Private Garden, Pool","https://www.dubizzle.com.eg/en/ad/villa-for-half-price-landscape-view-in-the-heart-of-new-cairo-opposite-madinaty-fifth-settlement-city-compound-new-cairo-ID503485324.html","2026-05-09 13:56:36.199","dubizzle","2026-05-09 13:56:36.199","2026-05-09 20:35:26.837697"
1454,"c19086163a9d37b682f48793183108e3",2150000,"Al Andalous, 5th Settlement","","2",1,125,"Apartment","Unfurnished","","https://www.dubizzle.com.eg/en/ad/%D8%B4%D9%82%D8%A9-125-%D9%85%D8%AA%D8%B1-%D8%A7%D9%84%D8%AA%D8%AC%D9%85%D8%B9-%D8%A7%D9%84%D8%AB%D8%A7%D9%84%D8%AB_%D8%A7%D9%84%D8%A7%D9%86%D8%AF%D9%84%D8%B3-%D8%B9%D8%A7%D8%A6%D9%84%D9%8A-ID205287550.html","2026-05-09 13:56:36.43","dubizzle","2026-05-09 13:56:36.43","2026-05-09 20:35:27.378443"
1455,"d2f1ba825f8857b2e3d901d91ed8c68b",50000,"Sarayat El Maadi, Maadi","","3",2,300,"Duplex","Furnished","Balcony, Built in Kitchen Appliances, Central A/C & heating, Security, Pets Allowed, Electricity Meter, Water Meter, Natural Gas, Landline","https://www.dubizzle.com.eg/en/ad/furnished-duplex-apartment-for-rent-in-the-best-location-in-sarayat-el-maadi-ultra-super-deluxe-finishing-ID503334075.html","2026-05-09 13:56:36.668","dubizzle","2026-05-09 13:56:36.668","2026-05-09 20:35:28.078512"
1456,"84b2a82e0e2afdc7d8fd1371fa03ec1c",14244000,"Mountain View iCity Compound, 5th Settlement","","3",4,270,"Duplex","Unfurnished","Private Garden, Pool","https://www.dubizzle.com.eg/en/ad/ivilla-with-lowest-down-payment-below-developer-price-prime-view-3-bedrooms-resale-in-mountain-view-icity-new-cairo-near-golden-square-for-sale-ID503485065.html","2026-05-09 13:56:36.905","dubizzle","2026-05-09 13:56:36.905","2026-05-09 20:35:28.718357"
1457,"5ef17e7853a78156815c3d76a95c6df5",25000,"Marassi, Sidi Abdel Rahman","","4",4,270,"Twin House","Furnished","","https://www.dubizzle.com.eg/en/ad/luxurious-twin-house-for-rent-in-marassi-blanca-north-coast-ID503469811.html","2026-05-09 13:56:37.136","dubizzle","2026-05-09 13:56:37.136","2026-05-09 20:35:29.318233"
1458,"3c83bf39e3f302598a8f44586792e71d",16500000,"Madinaty, Cairo","","","",72,"Restaurant & Cafe","Unfurnished","Covered Parking","https://www.dubizzle.com.eg/en/ad/opportunity-for-investment-shop-for-sale-in-the-kraft-zone-in-madinaty-fb-activity-at-a-special-price-of-72m-ID503432696.html","2026-05-09 13:56:37.361","dubizzle","2026-05-09 13:56:37.361","2026-05-09 20:35:29.848803"
1461,"3753f59722c97cdfa45ce70379030d20",10400000,"Mountain View Hyde Park Compound, 5th Settlement","","3",3,235,"iVilla","","Balcony, Security, Covered Parking, Elevator","https://www.dubizzle.com.eg/en/ad/i-villa-roof-235m-60m-roof-for-sale-best-price-mountain-view-hyde-park-ID503484382.html","2026-05-09 13:56:38.056","dubizzle","2026-05-09 13:56:38.056","2026-05-09 20:35:32.072618"
1462,"211ddaa00c3edc852c979b78d60a8da6",12000000,"New Cairo, Cairo","","5",5,240,"Stand Alone Villa","","Private Garden, Pool","https://www.dubizzle.com.eg/en/ad/villa-for-sale-5-bedrooms-very-prime-location-cash-12000000-ID503484384.html","2026-05-09 13:56:38.284","dubizzle","2026-05-09 13:56:38.284","2026-05-09 20:35:32.658439"
1463,"315207b81f0cc27e7933d3f020017624",30000000,"Al Shorouk Road, 6th Zone","","6",4,500,"Stand Alone Villa","","Balcony, Built in Kitchen Appliances, Private Garden, Covered Parking, Pool, Electricity Meter","https://www.dubizzle.com.eg/en/ad/villa-for-sale-ready-to-move-now-fully-finished-cash-30000-000-6-bedrooms-ID503484377.html","2026-05-09 13:56:38.509","dubizzle","2026-05-09 13:56:38.509","2026-05-09 20:35:33.302828"
1464,"93c8e1f6c694131d7db583ab5052ba16",7010000,"Mountain View iCity Compound, 5th Settlement","","3",3,155,"Apartment","Unfurnished","Balcony, Covered Parking, Pets Allowed","https://www.dubizzle.com.eg/en/ad/apartment-for-sale-3-bdr-lowest-down-payment-and-installments-prime-location-direct-lagoon-view-in-mountain-view-icity-fifth-settlement-new-cairo-ID503247265.html","2026-05-09 13:56:38.735","dubizzle","2026-05-09 13:56:38.735","2026-05-09 20:35:33.897897"
1465,"d851143d4b01e5c8973dc75a9de07b3c",7500000,"Beverly Hills Compound, Sheikh Zayed","","2",3,149,"Apartment","","Private Garden, Central A/C & heating, Security, Covered Parking, Maids Room, Pets Allowed, Pool, Electricity Meter, Water Meter, Natural Gas, Landline","https://www.dubizzle.com.eg/en/ad/finished-apartment-with-landscape-view-ready-to-move-in-sodic-west-allegria-next-to-allegria-zed-ID503480799.html","2026-05-09 13:56:38.961","dubizzle","2026-05-09 13:56:38.961","2026-05-09 20:35:34.908035"
1466,"aeb5f70356ccc5f7df4009cc8eb04843",8500000,"The Crown Compound, 6th of October","","4",4,281,"Twin House","","Private Garden, Central A/C & heating, Security, Covered Parking, Pets Allowed, Pool, Electricity Meter, Water Meter, Natural Gas, Landline","https://www.dubizzle.com.eg/en/ad/twinhouse-villa-overlooking-a-green-space-in-the-crown-palm-hills-near-golf-views-new-giza-swan-lake-ID503480469.html","2026-05-09 13:56:39.428","dubizzle","2026-05-09 13:56:39.428","2026-05-09 20:35:35.478189"
1467,"4858cc9b7534f569a5a71678dd5eaad2",7900000,"New Zayed, Sheikh Zayed","","5",4,300,"Town House","","Balcony, Private Garden, Security, Covered Parking, Maids Room, Pets Allowed, Pool, Electricity Meter, Water Meter, Natural Gas, Landline","https://www.dubizzle.com.eg/en/ad/finished-townhouse-in-new-zayed-hills-of-one-next-to-the-estats-near-beverly-hills-sheikh-zayed-ID503482310.html","2026-05-09 13:56:40.122","dubizzle","2026-05-09 13:56:40.123","2026-05-09 20:35:35.917947"
1468,"6d0a27fa4033d8e54d6084fd545cbde1",16500000,"Hyde Park New Cairo Compound, 5th Settlement","","2",3,160,"Town House","Unfurnished","Private Garden, Covered Parking, Pets Allowed, Electricity Meter, Natural Gas","https://www.dubizzle.com.eg/en/ad/villa-town-house-for-sale-ready-to-move-fully-finished-with-acs-prime-location-landscape-view-in-hyde-park-fifth-settlement-new-cairo-next-to-mivida-ID503239149.html","2026-05-09 13:56:40.441","dubizzle","2026-05-09 13:56:40.441","2026-05-09 20:35:36.338023"
1469,"5d5a3156c914a38bcc033e64355f8912",6500000,"Mazarine, Alamein","","1",2,240,"Chalet","Unfurnished","Balcony, Built in Kitchen Appliances, Private Garden, Central A/C & heating, Security, Sea View, Gym, Pool, Electricity Meter, Water Meter, Elevator","https://www.dubizzle.com.eg/en/ad/5-down-payment-to-own-ready-to-move-fully-finished-chalet-in-alamein-with-direct-seatowers-view-inside-a-premium-lifestyle-community-ID503485142.html","2026-05-09 13:56:40.672","dubizzle","2026-05-09 13:56:40.672","2026-05-09 20:35:36.748693"
1470,"29d323982a6882ce6332c7e22011e27e",21000000,"Nasr City, Cairo","","","",160,"Retail","Unfurnished","","https://www.dubizzle.com.eg/en/ad/shop-for-sale-currently-rented-to-agencies-in-nasr-city-main-saa-square-at-the-beginning-of-abbas-el-akkad-street-ID503426470.html","2026-05-09 13:56:40.904","dubizzle","2026-05-09 13:56:40.904","2026-05-09 20:35:37.189915"
1471,"7f13c2904b6619b5d481b72fd1eedfcc",35000,"Nasr City, Cairo","","3",2,250,"Apartment","","","https://www.dubizzle.com.eg/en/ad/administrative-housing-apartment-250m-makram-ebeid-main-road-in-nasr-city-ID503465488.html","2026-05-09 13:56:41.168","dubizzle","2026-05-09 13:56:41.168","2026-05-09 20:35:37.668354"
1472,"a97813ee0fe4b0d0f1c2c13edba44185",1500000,"Degla Palms Compound, 6th of October","","2",1,80,"Apartment","Unfurnished","Balcony, Private Garden, Security, Covered Parking, Pets Allowed, Electricity Meter","https://www.dubizzle.com.eg/en/ad/%D8%B4%D9%82%D8%A9-%D9%84%D9%84%D8%A8%D9%8A%D8%B9-%D9%81%D9%8A-6-%D8%A7%D9%83%D8%AA%D9%88%D8%A8%D8%B1-%D9%83%D9%88%D9%85%D8%A8%D8%A7%D9%88%D9%86%D8%AF-%D8%AF%D8%AC%D9%84%D8%A9-%D8%A8%D8%A7%D9%84%D9%85%D8%B2-%D9%85%D9%86-%D8%A7%D9%84%D9%85%D8%A7%D9%84%D9%83-%D9%85%D8%A8%D8%A7%D8%B4%D8%B1%D8%A9-ID206618606.html","2026-05-09 13:56:41.4","dubizzle","2026-05-09 13:56:41.4","2026-05-09 20:35:38.521281"
1473,"2ba9c20deeff783343d660f95f131840",6500000,"8th District, Sheikh Zayed","","2",2,160,"Apartment","Furnished","","https://www.dubizzle.com.eg/en/ad/a-unique-opportunity-for-ownership-in-sheikh-zayed-directly-in-front-of-the-gate-mall-on-the-field-an-exceptional-and-very-vibrant-location-a-160sqm-apartment-on-a-raised-ground-floor-with-a-private-garden-of-160sqm-a-private-entrance-2-bedrooms-including-a-master-with-dressing-2-bathrooms-ultra-super-lux-finishing-an-open-view-and-a-very-distinctive-location-suitable-for-living-ID503483754.html","2026-05-09 13:56:41.637","dubizzle","2026-05-09 13:56:41.637","2026-05-09 20:35:39.248562"
1474,"dcbef602dfb83f85da65c5d5424a934f",12000,"Celia, New Capital City","","3",3,160,"Apartment","Unfurnished","","https://www.dubizzle.com.eg/en/ad/apartment-for-rent-in-celia-compound-great-opportunity-first-occupancy-brand-new-finishing-location-b2-1st-floor-area-160-sqm-ID503453523.html","2026-05-09 13:56:41.873","dubizzle","2026-05-09 13:56:41.873","2026-05-09 20:35:39.788513"
1475,"f3ac29021f64ac9b68a057aff66875db",18800000,"Celia, New Capital City","","3",4,239,"Stand Alone Villa","Unfurnished","Balcony, Private Garden, Maids Room, Electricity Meter, Natural Gas","https://www.dubizzle.com.eg/en/ad/premium-investment-opportunity-townhouse-villa-for-sale-ID503194079.html","2026-05-09 13:56:42.101","dubizzle","2026-05-09 13:56:42.101","2026-05-09 20:35:40.308624"
1476,"90313cd8a8ac24adc661b579ba7834c5",5500000,"Smoha, Alexandria","","2",2,119,"Apartment","Unfurnished","Balcony, Security, Covered Parking, Electricity Meter, Water Meter, Natural Gas, Landline, Elevator","https://www.dubizzle.com.eg/en/ad/%D8%A7%D8%A8%D8%B1%D8%A7%D8%AC-%D8%A7%D9%84%D8%B4%D8%B1%D8%B7%D8%A9-%D8%B3%D9%85%D9%88%D8%AD%D8%A9-%D8%AC%D8%A7%D8%B1%D8%AF%D9%86%D8%B2-ID207885374.html","2026-05-09 13:56:42.33","dubizzle","2026-05-09 13:56:42.33","2026-05-09 20:35:40.689878"
1477,"e3a8c8a08ad621ee8e9bdf6c1fdbb5b5",3500000,"Obour City, Cairo","","4",2,200,"Apartment","Unfurnished","Balcony, Private Garden, Covered Parking, Electricity Meter, Water Meter, Natural Gas, Landline","https://www.dubizzle.com.eg/en/ad/%D8%B4%D9%82%D8%A9-200-%D9%85%D8%AA%D8%B1-%D9%84%D9%84%D8%A8%D9%8A%D8%B9-%D8%A8%D9%85%D8%AF%D9%8A%D9%86%D8%A9-%D8%A7%D9%84%D8%B9%D8%A8%D9%88%D8%B1-ID207663428.html","2026-05-09 13:56:42.559","dubizzle","2026-05-09 13:56:42.559","2026-05-09 20:35:41.089522"
1478,"d845d7ead105b10e40d14886b6e84736",14000000,"Waslet Dahshur, Sheikh Zayed","","4",5,400,"Stand Alone Villa","Unfurnished","Balcony, Private Garden, Security, Water Meter, Landline","https://www.dubizzle.com.eg/en/ad/standalone-villa-for-sale-prime-location-in-prive-gates-compound-sheikh-zayed-immediate-delivery-ID503485269.html","2026-05-09 13:56:42.79","dubizzle","2026-05-09 13:56:42.79","2026-05-09 20:35:41.478594"
1479,"a03b470de243c480cf08e5eebb8b82d1",3500000,"White residence Compound, 5th Settlement","","2",2,115,"Apartment","Unfurnished","Security, Covered Parking, Maids Room, Pets Allowed, Pool, Elevator","https://www.dubizzle.com.eg/en/ad/%D8%A7%D9%84%D8%AA%D8%AC%D9%85%D8%B9-%D8%A7%D9%84%D8%AE%D8%A7%D9%85%D8%B3-ID207885431.html","2026-05-09 13:56:43.033","dubizzle","2026-05-09 13:56:43.033","2026-05-09 20:35:41.868244"
1480,"f7a4a47e16f127b3407408721acbe4ff",20000000,"Sodic East, New Heliopolis","","3",4,219,"Stand Alone Villa","","Private Garden, Covered Parking, Pets Allowed, Water Meter, Landline","https://www.dubizzle.com.eg/en/ad/best-price-for-a-finished-villa-ready-for-viewing-offered-in-installments-for-a-limited-time-ID503485027.html","2026-05-09 13:56:43.26","dubizzle","2026-05-09 13:56:43.26","2026-05-09 20:35:42.228382"
1481,"b526f40593bf67e2334eb8ade331207a",6600000,"Aljar, Shorouk City","","2",2,125,"Apartment","Unfurnished","","https://www.dubizzle.com.eg/en/ad/own-a-fully-finished-hotel-style-apartment-in-front-of-open-upper-madinaty-with-a-down-payment-as-low-as-660000-egp-payable-in-installments-over-7-ID503485277.html","2026-05-09 13:56:43.487","dubizzle","2026-05-09 13:56:43.487","2026-05-09 20:35:42.61791"
1482,"081eda076ade7b608bba12c03320dc0b",21000000,"Marsa Baghush, North Coast","","3",3,145,"Chalet","Unfurnished","Private Garden, Gym, Pool","https://www.dubizzle.com.eg/en/ad/latest-chalet-in-marsa-bayush-at-a-bargain-price-first-row-by-the-lagoon-steps-to-the-sea-furnished-see-view-ID503485137.html","2026-05-09 13:56:43.716","dubizzle","2026-05-09 13:56:43.716","2026-05-09 20:35:42.99823"
1483,"a3569e91f8e40a57f4bd1164114c6ab5",14500,"Madinaty, Cairo","","3",2,107,"Apartment","Unfurnished","Security, Covered Parking, Electricity Meter, Water Meter, Natural Gas, Elevator","https://www.dubizzle.com.eg/en/ad/apartment-for-rent-3-bedrooms-2-bathrooms-107-square-meters-in-b12-ID503485265.html","2026-05-09 13:56:43.944","dubizzle","2026-05-09 13:56:43.944","2026-05-09 20:35:43.378311"
1484,"7458b46cc737c743f8c6dc74503630fe",16200000,"Cairo Festival City Compound, Katameya","","2",2,137,"Apartment","Furnished","Balcony, Built in Kitchen Appliances, Security, Covered Parking, Electricity Meter, Natural Gas, Landline","https://www.dubizzle.com.eg/en/ad/fully-furnished-equipped-apartment-for-sale-cairo-festival-city-new-cairo-ready-to-move-ID503459966.html","2026-05-09 13:56:44.178","dubizzle","2026-05-09 13:56:44.178","2026-05-09 20:35:43.769137"
1485,"3d30b20e9e7dbbb7b2679bb15b40cb16",13500000,"IL Bosco, New Capital City","","3",4,246,"Twin House","Unfurnished","Balcony, Private Garden, Security, Covered Parking, Maids Room, Electricity Meter, Natural Gas, Landline","https://www.dubizzle.com.eg/en/ad/for-sale-80finishing-twin-house-247-sqm-in-il-bosco-new-capital-prime-location-ready-to-move-ID503330925.html","2026-05-09 13:56:44.41","dubizzle","2026-05-09 13:56:44.41","2026-05-09 20:35:44.178126"
1486,"a777ac235f78b2a56afd458b52572322",35000,"Roushdy, Alexandria","","","",200,"Office Space","Unfurnished","","https://www.dubizzle.com.eg/en/ad/office-for-rent-rusdi-200-square-meters-ID503485232.html","2026-05-09 13:56:44.664","dubizzle","2026-05-09 13:56:44.664","2026-05-09 20:35:44.558379"
1487,"d3f47032b01047e53be3d73e81bfe5af",17500000,"Stone Park Compound, Katameya","","3",4,190,"Town House","Unfurnished","Balcony, Private Garden, Security, Covered Parking, Electricity Meter, Natural Gas, Landline","https://www.dubizzle.com.eg/en/ad/core-shell-modern-townhouse-in-stone-park-the-hills-willows-bahary-middle-unit-ID503297145.html","2026-05-09 13:56:44.91","dubizzle","2026-05-09 13:56:44.91","2026-05-09 20:35:44.937231"
1488,"8890d73326b7e834946575abea1a8e53",25100000,"Hyde Park New Cairo Compound, 5th Settlement","","4",4,280,"Twin House","Unfurnished","","https://www.dubizzle.com.eg/en/ad/twin-house-villa-for-sale-280m-dp-installments-prime-location-landscape-view-in-hyde-park-fifth-settlement-new-cairo-near-mivida-ID503089284.html","2026-05-09 13:56:45.148","dubizzle","2026-05-09 13:56:45.148","2026-05-09 20:35:45.298256"
1489,"31d4f22d5b08b8205bd4de7c569f7add",18000000,"Palm Hills New Cairo Compound, 5th Settlement","","5",5,225,"Stand Alone Villa","Unfurnished","Balcony, Security, Pets Allowed","https://www.dubizzle.com.eg/en/ad/exclusive-opportunity-corner-villa-225m-5bedrooms-prime-location-ready-to-move-in-palm-hills-new-cairo-under-market-price-and-negotiable-ID503484073.html","2026-05-09 13:56:45.394","dubizzle","2026-05-09 13:56:45.394","2026-05-09 20:35:45.678552"
1490,"3a99de20f3cb21dfd52ac159a11dce71",11250000,"Smart Village, 6th of October","","","",75,"Office Space","","Covered Parking, Security","https://www.dubizzle.com.eg/en/ad/own-your-luxury-office-with-nearby-delivery-and-the-best-rental-return-installments-over-4-years-ID503217426.html","2026-05-09 13:56:45.646","dubizzle","2026-05-09 13:56:45.646","2026-05-09 20:35:46.067972"
1491,"16d54c9f4eaf61fdbaec100bceb6a101",23000000,"Palm Hills New Cairo Compound, 5th Settlement","","5",6,295,"Stand Alone Villa","Unfurnished","Balcony, Security, Covered Parking","https://www.dubizzle.com.eg/en/ad/not-just-a-villaits-a-statement-standalone-295m-5bedrooms-best-view-under-market-price-in-palm-hills-new-cairo-price-includes-club-maintenance-ID503484197.html","2026-05-09 13:56:45.879","dubizzle","2026-05-09 13:56:45.879","2026-05-09 20:35:46.428604"
1492,"9c57232ab99207899413034ef68ff38b",29000000,"Saada Compound, 1st Settlement","","4",4,455,"Stand Alone Villa","Unfurnished","Balcony, Security, Covered Parking, Pets Allowed","https://www.dubizzle.com.eg/en/ad/twin-house-villa-455m-4bedrooms-amazing-view-well-priced-opportunity-in-saada-best-installment-ID503483799.html","2026-05-09 13:56:46.119","dubizzle","2026-05-09 13:56:46.119","2026-05-09 20:35:46.797495"
1493,"7185a05f900ca3b87b801ad7d2dbb856",6450000,"Taj City Compound, 1st Settlement","","3",3,132,"Apartment","Unfurnished","Built in Kitchen Appliances, Private Garden, Security, Covered Parking, Pets Allowed, Pool, Electricity Meter, Natural Gas, Landline","https://www.dubizzle.com.eg/en/ad/apartment-for-sale-3-bedrooms-in-fifth-settlement-taj-city-cash-price-or-installments-over-12-years-with-0-down-payment-through-madinet-misr-ne-ID503484119.html","2026-05-09 13:56:46.35","dubizzle","2026-05-09 13:56:46.35","2026-05-09 20:35:47.189786"
1494,"c57471dcb44215969c1a887e093a0feb",5800000,"Sarai, Mostakbal City","","3",3,157,"Apartment","Unfurnished","Built in Kitchen Appliances, Private Garden, Security, Covered Parking, Pets Allowed, Electricity Meter, Water Meter, Natural Gas, Landline","https://www.dubizzle.com.eg/en/ad/apartment-for-sale-in-sarai-madinat-misr-with-a-50-cash-discount-or-installments-over-12-years-with-0-down-payment-in-the-heart-of-mostakbal-city-ID503484061.html","2026-05-09 13:56:46.584","dubizzle","2026-05-09 13:56:46.584","2026-05-09 20:35:47.568623"
1495,"03208e7efcba87e18eeb95ff639c1205",7000000,"Sarai, Mostakbal City","","3",3,150,"Town House","Unfurnished","Built in Kitchen Appliances, Private Garden, Security, Covered Parking, Pets Allowed, Pool, Electricity Meter, Water Meter, Natural Gas, Landline","https://www.dubizzle.com.eg/en/ad/townhouse-for-sale-in-sarai-madinat-misr-with-a-50-cash-discount-or-12-year-installments-with-0-down-payment-in-the-heart-of-mostakbal-city-sar-ID503484064.html","2026-05-09 13:56:46.828","dubizzle","2026-05-09 13:56:46.828","2026-05-09 20:35:47.998744"
1496,"56c231d5538486836744e770ea5708c6",3924000,"New Capital City, Cairo","","","",40,"Office Space","Unfurnished","Air Conditioning, Covered Parking, Security","https://www.dubizzle.com.eg/en/ad/burn-price-for-quick-exit-40m-office-directly-in-front-of-the-central-bank-price-per-meter-90-thousand-save-2-million-ID503476242.html","2026-05-09 13:56:47.061","dubizzle","2026-05-09 13:56:47.061","2026-05-09 20:35:48.38865"
1497,"e65a3d4861bc1991d6fd8abf0970a3e6",21000000,"Palm Hills New Cairo Compound, 5th Settlement","","5",5,386,"Stand Alone Villa","Unfurnished","Balcony, Security, Covered Parking, Pets Allowed","https://www.dubizzle.com.eg/en/ad/market-beating-price-villa-386m-5bedrooms-ready-to-move-a-price-you-wont-find-again-in-this-location-in-palm-hills-new-cairo-ID503484027.html","2026-05-09 13:56:47.291","dubizzle","2026-05-09 13:56:47.291","2026-05-09 20:35:48.769959"
1498,"dfb674f267ba3cda3bbc80ce225da1a4",1600000,"Haram, Giza","","4",2,200,"Apartment","Unfurnished","","https://www.dubizzle.com.eg/en/ad/%D8%B4%D9%82%D8%A9-%D9%A2%D9%A0%D9%A0-%D9%85%D8%AA%D8%B1-%D8%A8%D8%A7%D9%84%D9%87%D8%B1%D9%85-%D8%A8%D9%8A%D9%86-%D8%A7%D9%84%D9%87%D8%B1%D9%85-%D9%88%D9%81%D9%8A%D8%B5%D9%84-ID207118151.html","2026-05-09 13:56:47.54","dubizzle","2026-05-09 13:56:47.54","2026-05-09 20:35:49.159028"
1499,"b3729e618d8c4c94eb5c9134d108c085",9500000,"Taj City Compound, 1st Settlement","","3",3,167,"Apartment","","","https://www.dubizzle.com.eg/en/ad/benefit-from-the-biggest-cash-discount-and-own-an-apartment-in-garden-direct-on-suez-near-heliopolis-and-nasr-city-taj-city-compound-new-cairo-ID503469084.html","2026-05-09 13:56:47.774","dubizzle","2026-05-09 13:56:47.774","2026-05-09 20:35:49.528717"
1500,"8f361a7f0b6308f93efbcdc5778fa57d",85000,"Mountain View Hyde Park Compound, 5th Settlement","","3",3,260,"iVilla","Furnished","Balcony, Built in Kitchen Appliances, Private Garden, Security, Covered Parking, Pets Allowed, Pool, Electricity Meter, Water Meter, Natural Gas, Landline","https://www.dubizzle.com.eg/en/ad/fully-furnished-ivilla-garden-super-lux-for-rent-in-mountain-view-hyde-park-90-street-prime-location-ID503215718.html","2026-05-09 13:56:48.255","dubizzle","2026-05-09 13:56:48.255","2026-05-09 20:35:49.910701"
1501,"ef1df4ff63cfb870b47316914a12338f",2700000,"Seashore, Ras Al Hekma","","1",1,65,"Chalet","","Balcony, Private Garden, Security, Sea View, Gym, Pool","https://www.dubizzle.com.eg/en/ad/at-a-special-price-a-fully-finished-chalet-with-a-sea-view-is-for-sale-in-sea-shore-hyde-park-alamein-north-coast-next-to-la-vista-hacienda-and-ID503482921.html","2026-05-09 13:56:48.484","dubizzle","2026-05-09 13:56:48.484","2026-05-09 20:35:50.288149"
1502,"d43c318dc5633ef091a50fcfd71c8d79",2200,"Sheraton, Cairo","","2",2,120,"Apartment","Furnished","","https://www.dubizzle.com.eg/en/ad/furnished-apartment-ultra-super-lux-in-sheraton-airport-two-bedrooms-ID502135028.html","2026-05-09 13:56:48.729","dubizzle","2026-05-09 13:56:48.729","2026-05-09 20:35:50.685829"
1503,"3bc1a41e0759c7cdd3a8d2545e723eab",5400000,"La Vista Gardens, Ain Sukhna","","3",3,150,"Chalet","","Balcony, Built in Kitchen Appliances, Private Garden, Central A/C & heating, Security, Sea View, Gym, Pool, Electricity Meter, Water Meter, Elevator","https://www.dubizzle.com.eg/en/ad/chalet-for-ready-to-move-150-sq-m-3-bedrooms-fully-finished-sea-view-in-lavista-gardens-ain-sokhna-ID503207389.html","2026-05-09 13:56:48.98","dubizzle","2026-05-09 13:56:48.98","2026-05-09 20:35:51.048045"
1504,"1afb594bc755bc3e5384ebb87185cf92",28000000,"Rehab City, New Cairo","","3",4,236,"Stand Alone Villa","Unfurnished","Balcony, Private Garden, Security, Covered Parking, Pets Allowed, Electricity Meter, Natural Gas, Landline","https://www.dubizzle.com.eg/en/ad/fully-finished-villa-for-sale-in-el-rehab-1-new-cairo-prime-location-ready-to-move-with-air-conditioners-ID502984039.html","2026-05-09 13:56:49.214","dubizzle","2026-05-09 13:56:49.214","2026-05-09 20:35:51.448547"
1505,"fd86962894f08f6b735ab1c169c48fb1",1500,"Zahraa Madinat Nasr, Nasr City","","3",1,150,"Apartment","Furnished","Balcony, Security, Electricity Meter, Water Meter, Landline","https://www.dubizzle.com.eg/en/ad/furnished-apartment-for-daily-rent-in-zahraa-nasr-city-ID502848501.html","2026-05-09 13:56:49.439","dubizzle","2026-05-09 13:56:49.439","2026-05-09 20:35:51.858612"
1506,"0d77b3190f9882730d39bcba85c3f6ea",3500,"Sheraton, Cairo","","3",2,200,"Duplex","Furnished","Balcony, Built in Kitchen Appliances, Central A/C & heating, Security, Electricity Meter, Water Meter, Natural Gas, Landline, Elevator","https://www.dubizzle.com.eg/en/ad/furnished-duplex-apartment-for-rent-sheraton-airport-ID502135137.html","2026-05-09 13:56:49.666","dubizzle","2026-05-09 13:56:49.666","2026-05-09 20:35:52.298183"
1507,"357b04f45695064078aff14896e1ff67",15056000,"Hyde Park New Cairo Compound, 5th Settlement","","","",120,"Office Space","Unfurnished","","https://www.dubizzle.com.eg/en/ad/lowest-total-price-office-120m-open-view-best-down-payment-installments-in-hyde-park-new-cairo-fifth-settlement-ID503485237.html","2026-05-09 13:56:49.896","dubizzle","2026-05-09 13:56:49.896","2026-05-09 20:35:52.708062"
1508,"2040bfeb0c0594f24349b7b430d80180",2000000,"Alamein, North Coast","","2",2,100,"Chalet","Furnished","Balcony, Built in Kitchen Appliances, Security, Sea View, Gym, Electricity Meter","https://www.dubizzle.com.eg/en/ad/ready-to-move-chalet-first-row-sea-view-furnished-acs-100m-eoi-100k-for-sale-in-north-coast-new-alamein-minutes-to-marina-ID503391724.html","2026-05-09 13:56:50.135","dubizzle","2026-05-09 13:56:50.135","2026-05-09 20:35:53.138684"
1509,"d631a8bd1fa4e931acae16d3156a2f8a",29000,"El Khamayel Compound, Sheikh Zayed","","3",3,174,"Apartment","Furnished","Electricity Meter, Water Meter, Natural Gas, Landline","https://www.dubizzle.com.eg/en/ad/furnished-and-air-conditioned-apartment-for-rent-in-phase-2-of-al-hadaba-a-very-prime-location-in-al-khamayel-compound-sheikh-zayed-ID503297591.html","2026-05-09 13:56:50.361","dubizzle","2026-05-09 13:56:50.361","2026-05-09 20:35:53.538137"
1510,"e7e0d1e09e94baa0c9d045b2a7e244aa",11200000,"Madinaty, Cairo","","3",3,175,"Apartment","Unfurnished","Balcony, Security, Covered Parking, Pets Allowed, Electricity Meter, Natural Gas, Landline, Elevator","https://www.dubizzle.com.eg/en/ad/apartment-for-sale-in-madinaty-b1-175-sq-m-prime-location-overlooking-a-wide-garden-ultra-super-lux-finishing-ID503485228.html","2026-05-09 13:56:50.613","dubizzle","2026-05-09 13:56:50.613","2026-05-09 20:35:53.918169"
1511,"88b5e1cd57959405b3a9c7708853dcdf",14750000,"Waslet Dahshur, Sheikh Zayed","","4",5,225,"Town House","Unfurnished","Central A/C & heating, Security, Maids Room, Pool, Electricity Meter, Water Meter, Natural Gas","https://www.dubizzle.com.eg/en/ad/townhouse-for-sale-view-pool-with-discount-10-at-menorca-compound-ID503485224.html","2026-05-09 13:56:50.85","dubizzle","2026-05-09 13:56:50.85","2026-05-09 20:35:54.327888"
1512,"3dff004f434e5df299d872784f124b27",19000,"El Khamayel Compound, Sheikh Zayed","","3",2,170,"Apartment","Unfurnished","","https://www.dubizzle.com.eg/en/ad/apartment-for-rent-in-phase-2-of-al-hadaba-super-deluxe-finishing-170-square-meters-in-al-khamayel-compound-sheikh-zayed-ID503478237.html","2026-05-09 13:56:51.08","dubizzle","2026-05-09 13:56:51.08","2026-05-09 20:35:54.868281"
1513,"27a89211a5bb7af21954ff1b90b2f32f",20000,"El Khamayel Compound, Sheikh Zayed","","3",2,170,"Apartment","Unfurnished","Electricity Meter, Water Meter, Natural Gas, Landline","https://www.dubizzle.com.eg/en/ad/apartment-for-rent-in-phase-4-super-deluxe-finishing-170-square-meters-in-elkhmayel-compound-sheikh-zayed-ID503434360.html","2026-05-09 13:56:51.306","dubizzle","2026-05-09 13:56:51.306","2026-05-09 20:35:55.258281"
1514,"5a6b2be7145ac0153777badfda192980",8000000,"EL Patio ORO Compound, 5th Settlement","","2",2,120,"Apartment","Unfurnished","Private Garden, Pool","https://www.dubizzle.com.eg/en/ad/apartment-ready-to-move-fully-finished-with-kitchen-below-market-price-ground-floor-with-garden-2-bedrooms-resale-in-patio-oro-new-cairo-for-sale-ID503485219.html","2026-05-09 13:56:51.533","dubizzle","2026-05-09 13:56:51.533","2026-05-09 20:35:55.658668"
1515,"bfea5af841f9e17faaed2af61bdd997f",20000,"El Khamayel Compound, Sheikh Zayed","","3",2,184,"Apartment","Unfurnished","Electricity Meter, Water Meter, Natural Gas, Landline","https://www.dubizzle.com.eg/en/ad/apartment-for-rent-in-phase-3a-second-floor-184-sq-m-steps-from-the-gate-super-deluxe-finishing-in-elkhmayel-compound-sheikh-zayed-ID503336153.html","2026-05-09 13:56:51.764","dubizzle","2026-05-09 13:56:51.764","2026-05-09 20:35:56.040441"
1516,"7499dafe4eff330f33e3732be9adc002",1500,"Nasr City, Cairo","","3",1,150,"Apartment","Unfurnished","","https://www.dubizzle.com.eg/en/ad/owner-directly-without-commission-in-front-of-city-stars-view-on-city-stars-ID503221715.html","2026-05-09 13:56:52.007","dubizzle","2026-05-09 13:56:52.007","2026-05-09 20:35:56.449976"
1535,"4581b582989bcd6e3af453349ee6674d",8500000,"Amwaj, Sidi Abdel Rahman","","3",2,144,"Chalet","Furnished","Pool, Electricity Meter","https://www.dubizzle.com.eg/en/ad/chalet-furnished-first-phase-nearest-spot-to-sea-ID503483964.html","2026-05-09 13:56:56.712","dubizzle","2026-05-09 13:56:56.712","2026-05-09 20:36:04.039122"
1517,"2ccb006409e4f2d055bfcaaa4d1a8dc2",28000000,"Sodic Westown Compound, Sheikh Zayed","","4",4,252,"Penthouse","Unfurnished","Balcony, Built in Kitchen Appliances, Private Garden, Security, Covered Parking, Pets Allowed, Pool, Electricity Meter, Water Meter, Natural Gas, Landline","https://www.dubizzle.com.eg/en/ad/resale-penthouse-for-sale-fully-finished-immediate-delivery-in-westown-by-sodic-sheikh-zayed-beverly-hills-ID503340295.html","2026-05-09 13:56:52.236","dubizzle","2026-05-09 13:56:52.236","2026-05-09 20:35:56.850983"
1518,"c0b5730280de9ed9a3cf489224b9a37c",31376000,"Villette Compound, 5th Settlement","","3",3,181,"Apartment","Unfurnished","Balcony, Built in Kitchen Appliances, Private Garden, Security, Covered Parking, Pets Allowed, Pool, Electricity Meter, Water Meter, Natural Gas, Landline","https://www.dubizzle.com.eg/en/ad/fully-finished-apartment-for-sale-immediate-delivery-with-installments-over-10-years-and-flexible-payment-plans-villette-compound-by-sodic-new-ID503339753.html","2026-05-09 13:56:52.469","dubizzle","2026-05-09 13:56:52.469","2026-05-09 20:35:57.238307"
1519,"d0cce60c4791ce8411d7bfaaa2054669",2550000,"Bridges Mall, Sheikh Zayed","","","",55,"Clinic","","Security","https://www.dubizzle.com.eg/en/ad/fully-finished-clinic-for-sale-directly-on-the-26th-of-july-corridor-next-to-arkan-plaza-in-one-of-the-most-vibrant-commercial-areas-in-sheikh-zayed-ID503230861.html","2026-05-09 13:56:52.714","dubizzle","2026-05-09 13:56:52.714","2026-05-09 20:35:57.638261"
1520,"9b85504ed1fe45e32602c0bac5dcc9d2",7000000,"Madinaty, Cairo","","3",2,106,"Apartment","Unfurnished","Covered Parking, Pets Allowed, Electricity Meter, Water Meter, Natural Gas, Landline","https://www.dubizzle.com.eg/en/ad/madinty-apartment-106m-prime-location-down-payment-1500000-egp-installment-10-years-ID503172277.html","2026-05-09 13:56:52.954","dubizzle","2026-05-09 13:56:52.954","2026-05-09 20:35:58.058422"
1521,"39ecceecc451055073768c3a3d1d9c8d",8000000,"Noor City, New Capital City","","3",2,123,"Apartment","Unfurnished","Built in Kitchen Appliances, Covered Parking, Pets Allowed, Electricity Meter, Water Meter, Natural Gas, Landline","https://www.dubizzle.com.eg/en/ad/noor-city-apartment-123m-special-offer-one-million-and-500-thousand-3-rooms-2-bathrooms-from-the-owner-ID503132497.html","2026-05-09 13:56:53.196","dubizzle","2026-05-09 13:56:53.196","2026-05-09 20:35:58.459916"
1522,"8f0c60590ef6fa07352de5deaa4414d0",13000000,"Vinci, New Capital City","","3",4,254,"Town House","Unfurnished","Balcony, Private Garden, Security","https://www.dubizzle.com.eg/en/ad/%D8%AA%D8%A7%D9%88%D9%86-%D9%87%D8%A7%D9%88%D8%B3-%D9%84%D9%84%D8%A8%D9%8A%D8%B9-%D9%83%D9%85%D8%A8%D9%88%D9%86%D8%AF-%D9%81%D9%8A%D9%86%D8%B4%D9%8A-%D8%A7%D9%84%D8%B9%D8%A7%D8%B5%D9%85%D8%A9-%D8%A7%D9%84%D8%A5%D8%AF%D8%A7%D8%B1%D9%8A%D8%A9-%D8%A7%D9%84%D8%AC%D8%AF%D9%8A%D8%AF%D8%A9-ID204024203.html","2026-05-09 13:56:53.438","dubizzle","2026-05-09 13:56:53.438","2026-05-09 20:35:58.868389"
1523,"6ce8af0b5bbcfbfa746888d9357c6c48",19073000,"Heliopolis, Cairo","","","",153,"Office Space","Unfurnished","Air Conditioning, Covered Parking, Security","https://www.dubizzle.com.eg/en/ad/prime-administrative-office-153-sqm-valore-el-thawra-el-thawra-street-view-ultra-super-lux-finishing-with-air-conditioning-garage-share-ID503236778.html","2026-05-09 13:56:53.679","dubizzle","2026-05-09 13:56:53.679","2026-05-09 20:35:59.25879"
1524,"e11d2d7e2a63a0ca267feaf0a0fc6224",20000,"Smoha, Alexandria","","","",140,"Office Space","Unfurnished","Security","https://www.dubizzle.com.eg/en/ad/administrative-headquarters-for-rent-140m-smouha-directly-in-front-of-zahran-mall-20000-egp-monthly-ID503485843.html","2026-05-09 13:56:54.144","dubizzle","2026-05-09 13:56:54.144","2026-05-09 20:35:59.669133"
1525,"4b671087ed1fd25925a1a08256811b93",6500,"Telal Sokhna, Ain Sukhna","","4",3,280,"Standalone Villa","","Balcony, Built in Kitchen Appliances, Private Garden, Central A/C & heating, Security, Sea View, Pool, Electricity Meter, Water Meter","https://www.dubizzle.com.eg/en/ad/%D9%81%D9%8A%D9%84%D8%A7-%D9%84%D9%84%D8%A7%D9%8A%D8%AC%D8%A7%D8%B1-%D9%A4-%D8%BA%D8%B1%D9%81-%D8%A8%D8%AA%D9%84%D8%A7%D9%84-%D8%A7%D9%84%D8%B9%D9%8A%D9%86-%D8%A7%D9%84%D8%B3%D8%AE%D9%86%D9%87-%D8%AA%D8%B1%D9%89-%D8%A7%D9%84%D8%A8%D8%AD%D8%B1-ID204196742.html","2026-05-09 13:56:54.375","dubizzle","2026-05-09 13:56:54.375","2026-05-09 20:36:00.058477"
1526,"e8784fe705f26d4c6477daf3b3951da2",4650000,"Galleria Moon Valley Compound, 5th Settlement","","3",3,153,"Apartment","Unfurnished","Balcony, Built in Kitchen Appliances, Private Garden, Security, Covered Parking, Pets Allowed, Pool, Electricity Meter, Water Meter, Natural Gas, Landline","https://www.dubizzle.com.eg/en/ad/apartment-for-sale-immediate-delivery-in-galleria-compound-new-cairo-fifth-settlement-ID503340035.html","2026-05-09 13:56:54.616","dubizzle","2026-05-09 13:56:54.616","2026-05-09 20:36:00.449943"
1527,"0e6ef1cf260f3508ea0b65c143a9f9a0",22000000,"Saada Compound, 1st Settlement","","3",3,350,"Stand Alone Villa","Unfurnished","Balcony, Private Garden, Security, Covered Parking, Pets Allowed","https://www.dubizzle.com.eg/en/ad/a-rare-below-market-opportunity-villa-350m-3bedrooms-prime-location-in-saada-new-cairo-flexible-installments-ID503477175.html","2026-05-09 13:56:54.848","dubizzle","2026-05-09 13:56:54.848","2026-05-09 20:36:00.838274"
1528,"52fa123150ace3abbd33a006c9140473",29000000,"Palm Hills Katameya Extension Compound, 5th Settlement","","4",5,380,"Stand Alone Villa","Unfurnished","Private Garden, Security","https://www.dubizzle.com.eg/en/ad/villa-at-the-lowest-price-380m-immediate-delivery-directly-on-the-landscape-4-rooms-in-a-very-special-location-for-a-limited-time-ID503481567.html","2026-05-09 13:56:55.083","dubizzle","2026-05-09 13:56:55.083","2026-05-09 20:36:01.279306"
1529,"8e0f66497b274dcd4d7c4c3c8378fa7a",10167000,"Mountain View iCity Compound, 5th Settlement","","3",3,240,"iVilla","","Private Garden, Security","https://www.dubizzle.com.eg/en/ad/unbeatable-price-240m2-villa-85m2-garden-immediate-occupancy-with-a-stunning-view-overlooking-the-landscape-ID503482494.html","2026-05-09 13:56:55.321","dubizzle","2026-05-09 13:56:55.321","2026-05-09 20:36:01.688848"
1530,"d1baf5cb2202fe09df993720351b73fa",8500000,"Mountain View iCity Compound, 5th Settlement","","3",3,175,"Apartment","Unfurnished","Private Garden, Security, Electricity Meter, Natural Gas","https://www.dubizzle.com.eg/en/ad/at-the-lowest-price-a-175m2-apartment-ready-for-immediate-occupancy-finished-to-an-ultra-super-lux-standard-furnished-with-an-open-view-ID503434211.html","2026-05-09 13:56:55.562","dubizzle","2026-05-09 13:56:55.562","2026-05-09 20:36:02.068864"
1531,"1733ffa8ddc0ddbd7f3b5e44021ebac2",10408000,"Mountain View iCity Compound, 5th Settlement","","3",3,235,"iVilla","","Security, Electricity Meter, Natural Gas","https://www.dubizzle.com.eg/en/ad/at-the-lowest-price-a-villa-of-235m2-with-immediate-delivery-and-a-distinctive-view-for-a-limited-time-ID503412811.html","2026-05-09 13:56:55.788","dubizzle","2026-05-09 13:56:55.788","2026-05-09 20:36:02.4383"
1532,"a291f0cbe7e34ea39434ca04a93b801e",6850000,"Mountain View iCity Compound, 5th Settlement","","3",3,165,"Apartment","Unfurnished","Private Garden, Security, Electricity Meter, Natural Gas","https://www.dubizzle.com.eg/en/ad/for-a-limited-time-now-a-165m2-apartment-with-a-very-special-view-is-available-at-a-great-price-ID503358564.html","2026-05-09 13:56:56.019","dubizzle","2026-05-09 13:56:56.019","2026-05-09 20:36:02.858619"
1533,"f9c584a31815f20510fec8538b9751a2",9350000,"Mountain View Ras Al Hekma, Ras Al Hekma","","3",2,113,"Penthouse","Furnished","Built in Kitchen Appliances, Security","https://www.dubizzle.com.eg/en/ad/resale-for-sale-lowest-price-3-bedroom-penthouse-chalet-with-immediate-delivery-and-a-double-view-in-mountain-view-ras-el-hekma-for-quick-sale-ID503479495.html","2026-05-09 13:56:56.248","dubizzle","2026-05-09 13:56:56.248","2026-05-09 20:36:03.218355"
1534,"0f20a487cd1f99e98e2049ad4b2b60e7",900,"Sharm al-Sheikh, Sinai","","1",1,51,"Studio","Furnished","Balcony, Built in Kitchen Appliances, Private Garden, Central A/C & heating, Security, Covered Parking, Pool, Electricity Meter, Water Meter","https://www.dubizzle.com.eg/en/ad/for-rent-in-delta-sharm-ID501498416.html","2026-05-09 13:56:56.484","dubizzle","2026-05-09 13:56:56.484","2026-05-09 20:36:03.618217"
1536,"799f7eca6b2b0fec81f8f2f9aec3442a",18500000,"Eastown Compound, 5th Settlement","","4",4,244,"Twin House","Unfurnished","Built in Kitchen Appliances, Private Garden, Covered Parking, Pets Allowed, Electricity Meter, Water Meter, Natural Gas, Landline","https://www.dubizzle.com.eg/en/ad/for-sale-finished-twin-house-villa-245-sq-m-in-eastown-compound-fifth-settlement-new-cairo-ready-to-move-ID503328328.html","2026-05-09 13:56:56.94","dubizzle","2026-05-09 13:56:56.94","2026-05-09 20:36:04.45929"
1537,"c9cf6a3bb6e4a0e20b9fb04a6de1ed59",35000,"Madinaty, Cairo","","3",2,118,"Apartment","Furnished","Balcony, Private Garden, Security, Water Meter, Landline","https://www.dubizzle.com.eg/en/ad/luxury-apartment-for-rent-on-the-ground-floor-with-a-garden-view-very-classy-furnishings-ID503485202.html","2026-05-09 13:56:57.169","dubizzle","2026-05-09 13:56:57.169","2026-05-09 20:36:04.908672"
1538,"999504c2a34042e1c3db78098a511fd7",3500000,"Stone Residence Compound, Katameya","","1",1,48,"Apartment","Unfurnished","Built in Kitchen Appliances, Private Garden, Security, Pets Allowed, Pool, Electricity Meter, Water Meter, Natural Gas, Landline","https://www.dubizzle.com.eg/en/ad/stone-residence-studio-with-open-roof-bua-48-m2-up-to-84-m2-open-roof-64-m2-1-bedroom-1-bathroom-fully-finished-ready-to-move-dp-3200000-ID503485212.html","2026-05-09 13:56:57.407","dubizzle","2026-05-09 13:56:57.407","2026-05-09 20:36:05.308916"
1539,"3b235d30df3020bd9f9408028a2edcd5",43000000,"Hyde Park New Cairo Compound, 5th Settlement","","5",5,510,"Stand Alone Villa","Unfurnished","","https://www.dubizzle.com.eg/en/ad/lowest-total-price-villa-modern-510m-best-down-payment-lowest-installments-first-row-view-on-park-141-acres-in-hyde-park-new-cairo-fifth-settlement-ID503485210.html","2026-05-09 13:56:57.645","dubizzle","2026-05-09 13:56:57.645","2026-05-09 20:36:05.688356"
1540,"0be2255be18074cd6f4079f28660085c",15000,"Saraya, Sidi Beshr","","3",1,140,"Apartment","Unfurnished","Balcony, Security, Electricity Meter, Water Meter, Natural Gas, Elevator","https://www.dubizzle.com.eg/en/ad/for-rent-residential-ali-tram-station-sidi-bishr-after-al-iqbal-street-ID503435241.html","2026-05-09 13:56:57.882","dubizzle","2026-05-09 13:56:57.882","2026-05-09 20:36:06.078267"
1541,"0723e1eeceff1334e08d66d2ebaf5fb1",55000,"New Giza Compound, 6th of October","","3",3,205,"Penthouse","Unfurnished","Balcony, Central A/C & heating, Security, Electricity Meter, Water Meter","https://www.dubizzle.com.eg/en/ad/penthouse-first-use-205m-with-kitchen-acs-for-rent-in-amberville-new-giza-ID503485204.html","2026-05-09 13:56:58.123","dubizzle","2026-05-09 13:56:58.123","2026-05-09 20:36:06.488148"
1542,"a398d7fda86f0e4a88a8b8f94d0459e8",60000,"West Somid, 6th of October","","","",100,"Restaurant & Cafe","","Air Conditioning, Covered Parking, Security, Storage","https://www.dubizzle.com.eg/en/ad/fb-spaces-restaurant-or-caf-equipped-food-court-hood-service-prime-frontage-6-october-west-somid-immediate-handover-from-owner-ID503203600.html","2026-05-09 13:56:58.368","dubizzle","2026-05-09 13:56:58.368","2026-05-09 20:36:06.878493"
1543,"a4296d580327700d3d24c6ef3f145398",140000,"West Somid, 6th of October","","","",120,"Pharmacy","","Air Conditioning, Covered Parking, Security, Storage","https://www.dubizzle.com.eg/en/ad/direct-from-owner-prime-pharmacy-120-sqm-fully-ac-ground-main-frontage-6-october-west-somid-al-wahat-rd-26-july-immediate-handover-ID503203580.html","2026-05-09 13:56:58.6","dubizzle","2026-05-09 13:56:58.6","2026-05-09 20:36:07.268437"
1544,"821b0be53244ad27394af6bf3a7158ce",12000000,"Fouka Bay, North Coast","","2",2,92,"Chalet","Unfurnished","Private Garden, Sea View, Gym, Pool, Electricity Meter, Water Meter, Elevator","https://www.dubizzle.com.eg/en/ad/chalet-for-sale-in-fouka-bay-north-coast-next-to-hacienda-west-sea-shore-la-vista-after-marassi-hacienda-whiteras-el-hekma-before-sidi-heneish-ID503464144.html","2026-05-09 13:56:58.829","dubizzle","2026-05-09 13:56:58.829","2026-05-09 20:36:07.688498"
1545,"d40f899944e455abae4724a2a2fad1aa",60000,"Kafr Abdo, Alexandria","","","",100,"Retail","Unfurnished","","https://www.dubizzle.com.eg/en/ad/for-rent-in-the-strongest-locations-of-kafr-abdu-khalil-al-khayyat-street-suitable-for-all-activities-ID503485178.html","2026-05-09 13:56:59.064","dubizzle","2026-05-09 13:56:59.065","2026-05-09 20:36:08.079411"
1546,"6d58db80b0def3d04a5fd91382a00666",45000,"El Lotus, 5th Settlement","","","",200,"Office Space","Unfurnished","Covered Parking","https://www.dubizzle.com.eg/en/ad/prime-200m2-administrative-office-for-rent-direct-view-on-clubs-st-new-cairo-ID503485168.html","2026-05-09 13:56:59.293","dubizzle","2026-05-09 13:56:59.293","2026-05-09 20:36:08.499822"
1547,"b1572c23b0298515f17058d03f6c91bc",11000000,"Fifth Square Compound, 5th Settlement","","3",3,170,"Penthouse","Unfurnished","","https://www.dubizzle.com.eg/en/ad/lowest-price-penthouse-170m-finished-with-acs-ready-to-move-view-landscape-in-almarasem-fifth-square-new-cairo-fifth-settlement-ID503485194.html","2026-05-09 13:56:59.523","dubizzle","2026-05-09 13:56:59.523","2026-05-09 20:36:08.94886"
1548,"86631daef4d98d62dc663851304d1966",7800000,"Fifth Square Compound, 5th Settlement","","1",1,90,"Studio","Unfurnished","","https://www.dubizzle.com.eg/en/ad/for-sale-apartment-finished-with-acs-kitchen-lowest-down-payment-installments-90m-with-karge-garden-in-best-location-in-al-maraseem-fifth-square-n-ID503485151.html","2026-05-09 13:56:59.766","dubizzle","2026-05-09 13:56:59.766","2026-05-09 20:36:09.339242"
1549,"893cbb0df75bcb973b819cf344341cc1",13750000,"Azzar Compound, 5th Settlement","","5",4,176,"Town House","Unfurnished","Private Garden, Pool","https://www.dubizzle.com.eg/en/ad/townhouse-ready-to-move-prime-view-below-market-price-ready-for-viewing-anytime-in-azzar-infinity-new-cairo-near-golden-square-and-90-street-for-sale-ID503485187.html","2026-05-09 13:57:00.01","dubizzle","2026-05-09 13:57:00.01","2026-05-09 20:36:09.698746"
1550,"25672dd5c70db9684acc8870153a7f9e",375000,"Bank Center, 5th Settlement","","","",460,"Office Space","Unfurnished","Air Conditioning, Security","https://www.dubizzle.com.eg/en/ad/office-for-rent-fully-finished-and-air-conditioned-area-460-square-meters-in-the-fifth-settlement-ID503453624.html","2026-05-09 13:57:00.241","dubizzle","2026-05-09 13:57:00.241","2026-05-09 20:36:10.089154"
1551,"daf96de1f566512a6b8693da509fab56",7500000,"Azha, Ras Al Hekma","","1",2,75,"Chalet","Unfurnished","Built in Kitchen Appliances, Private Garden, Sea View, Gym, Pool, Electricity Meter, Water Meter, Elevator","https://www.dubizzle.com.eg/en/ad/first-row-beachfront-chalet-for-sale-in-azha-north-coast-next-to-mountain-view-fouka-bay-in-ras-el-hekma-minutes-from-marassi-ID503451419.html","2026-05-09 13:57:00.478","dubizzle","2026-05-09 13:57:00.478","2026-05-09 20:36:10.470603"
1552,"ebd3fc783873a2f179ea000b76df514f",17000,"Madinaty, Cairo","","2",2,96,"Apartment","Unfurnished","","https://www.dubizzle.com.eg/en/ad/96-meter-ultra-super-lux-apartment-with-kitchen-ready-for-housing-on-the-fourth-floor-with-b7-finishing-distinguished-ID503484758.html","2026-05-09 13:57:00.707","dubizzle","2026-05-09 13:57:00.707","2026-05-09 20:36:10.94908"
1553,"41e824b79262925520d18887a5776a3a",7200000,"La Vista Bay East, North Coast","","3",2,150,"Chalet","Unfurnished","Built in Kitchen Appliances, Sea View, Electricity Meter, Water Meter","https://www.dubizzle.com.eg/en/ad/ground-garden-first-row-lagoon-for-sale-in-la-vista-bay-north-coast-ras-el-hekma-bay-next-to-caesar-sodic-after-marassi-ID503458693.html","2026-05-09 13:57:00.934","dubizzle","2026-05-09 13:57:00.934","2026-05-09 20:36:11.518839"
1554,"19dcc20b8470b6a030f36cb4e83e7684",7000000,"La Vista Ras El Hikma, Ras Al Hekma","","3",2,150,"Chalet","Unfurnished","Built in Kitchen Appliances, Private Garden, Sea View, Gym, Pool, Electricity Meter, Water Meter, Elevator","https://www.dubizzle.com.eg/en/ad/first-row-lagoon-ground-garden-chalet-for-sale-in-la-vista-ras-el-hekma-north-coastafter-el-alamein-city-marassi-ghazala-bay-before-sidi-heneish-ID503458878.html","2026-05-09 13:57:01.164","dubizzle","2026-05-09 13:57:01.164","2026-05-09 20:36:12.189868"
1556,"979ccbc4701d59705ef43e2d583ca906",18000000,"Bloomfields, Mostakbal City","","3",4,180,"Town House","Unfurnished","Pets Allowed, Electricity Meter, Water Meter, Natural Gas, Landline","https://www.dubizzle.com.eg/en/ad/pay-only-900000-and-own-a-dream-villa-overlooking-greenery-in-cityzen-compound-mostakbal-city-ID503457024.html","2026-05-09 13:57:01.622","dubizzle","2026-05-09 13:57:01.622","2026-05-09 20:36:13.598453"
1557,"81fa012a32a4be2a1fe3ed2429ca74df",9500000,"Stone Park Compound, Katameya","","3",3,166,"Apartment","Unfurnished","Balcony, Built in Kitchen Appliances, Private Garden, Central A/C & heating, Security, Covered Parking, Pets Allowed, Electricity Meter, Water Meter, Natural Gas, Landline","https://www.dubizzle.com.eg/en/ad/garden-apartment-for-sale-in-stone-park-new-cairo-ID503485846.html","2026-05-09 13:57:01.851","dubizzle","2026-05-09 13:57:01.851","2026-05-09 20:36:14.008962"
1558,"4b1a36601e45e34cc1cc3c13d97f05d1",750000,"Nakheel, Alexandria","","2",1,100,"Apartment","Unfurnished","Covered Parking, Pets Allowed, Electricity Meter, Water Meter, Landline","https://www.dubizzle.com.eg/en/ad/luxury-finishing-apartment-for-sale-in-alexandria-al-nakhil-beach-just-a-few-steps-from-the-sea-ID503131213.html","2026-05-09 13:57:02.084","dubizzle","2026-05-09 13:57:02.084","2026-05-09 20:36:14.449085"
1559,"a8545d2df584d1f610562e433dfa4578",780000,"Nakheel, Alexandria","","2",1,100,"Apartment","Unfurnished","","https://www.dubizzle.com.eg/en/ad/apartment-in-alexandria-al-nakheel-beach-al-agami-next-to-the-sea-ID503485678.html","2026-05-09 13:57:02.311","dubizzle","2026-05-09 13:57:02.312","2026-05-09 20:36:14.828586"
1560,"2615ae5f9eb8da2c5cfea2c74e9fdae4",20000000,"South Med, North Coast","","3",4,142,"Chalet","Furnished","Balcony, Private Garden, Security, Sea View, Gym, Pool, Electricity Meter, Water Meter, Elevator","https://www.dubizzle.com.eg/en/ad/chalet-southmed-sea-view-ID207776682.html","2026-05-09 13:57:02.542","dubizzle","2026-05-09 13:57:02.542","2026-05-09 20:36:15.528894"
1561,"50309d155ca5c14fb74dc3bde252a1c4",8160000,"Gharb Golf & Extension Compound, Katameya","","4",5,340,"Apartment","Unfurnished","Private Garden, Electricity Meter, Water Meter, Natural Gas, Elevator","https://www.dubizzle.com.eg/en/ad/the-booking-for-a-residential-villa-in-the-most-upscale-neighborhoods-in-new-cairo-fifth-settlement-west-golf-extension-has-been-opened-ID503336955.html","2026-05-09 13:57:02.77","dubizzle","2026-05-09 13:57:02.77","2026-05-09 20:36:15.919674"
1562,"f531174d80b4d029806c7612907d3eee",200,"El Rawda, North Coast","","3",2,300,"Chalet","","Private Garden, Security, Pool","https://www.dubizzle.com.eg/en/ad/%D8%B4%D8%A7%D9%84%D9%8A%D8%A9-%D8%AB%D9%84%D8%A7%D8%AB-%D8%BA%D8%B1%D9%81-%D8%B9%D8%A7%D8%A6%D9%84%D8%A7%D8%AA-%D9%81%D9%82%D8%B7-ID205113524.html","2026-05-09 13:57:02.998","dubizzle","2026-05-09 13:57:02.998","2026-05-09 20:36:16.330378"
1563,"9390e104303b1e3becd1442420ef3426",15466000,"Gharb Golf & Extension Compound, Katameya","","5",4,418,"Apartment","Unfurnished","Balcony, Electricity Meter, Water Meter, Natural Gas, Elevator","https://www.dubizzle.com.eg/en/ad/the-booking-for-a-residential-villa-in-the-most-upscale-neighborhoods-in-new-cairo-fifth-settlement-west-golf-extension-has-been-opened-ID503337847.html","2026-05-09 13:57:03.227","dubizzle","2026-05-09 13:57:03.227","2026-05-09 20:36:16.729397"
1564,"0ee9731a6cc1f3952e85ae2709b7d412",12600000,"Gharb Golf & Extension Compound, Katameya","","4",3,300,"Apartment","Unfurnished","Balcony, Private Garden, Electricity Meter, Water Meter, Natural Gas, Elevator","https://www.dubizzle.com.eg/en/ad/the-booking-for-a-residential-villa-in-the-most-upscale-neighborhoods-in-new-cairo-fifth-settlement-west-golf-extension-has-been-opened-ID503337194.html","2026-05-09 13:57:03.455","dubizzle","2026-05-09 13:57:03.455","2026-05-09 20:36:17.169115"
1565,"9f1677357587661ede95517e4d1c05d6",20000,"Crystal Plaza, Zahraa Al Maadi","","3",2,160,"Apartment","Unfurnished","Balcony, Private Garden, Security, Pets Allowed, Electricity Meter, Water Meter, Landline, Elevator","https://www.dubizzle.com.eg/en/ad/new-apartment-for-rent-in-crystal-plaza-zahraa-el-maadi-ID503255551.html","2026-05-09 13:57:03.688","dubizzle","2026-05-09 13:57:03.688","2026-05-09 20:36:17.539149"
1566,"4678e269f9b1178412e6afb70c7b8766",6500000,"Bavaria Town, Zahraa Al Maadi","","3",2,220,"Apartment","Unfurnished","Landline","https://www.dubizzle.com.eg/en/ad/for-sale-a-220m-ultra-luxurious-apartment-in-bavaria-town-compound-next-to-modern-academy-on-the-ring-road-of-maadi-all-payments-and-maintenance-are-settled-ID503485842.html","2026-05-09 13:57:03.914","dubizzle","2026-05-09 13:57:03.914","2026-05-09 20:36:17.924303"
1567,"03c4eb1eaf253f4c2fb24ba8a6949388",4760000,"Village West Compound, Sheikh Zayed","","3",3,149,"Apartment","Unfurnished","Balcony, Built in Kitchen Appliances, Private Garden, Security, Covered Parking, Pets Allowed, Pool, Electricity Meter, Water Meter, Natural Gas, Landline","https://www.dubizzle.com.eg/en/ad/apartment-149-meters-3-rooms-finished-for-sale-in-village-west-compound-sheikh-zayed-ID503439068.html","2026-05-09 13:57:04.162","dubizzle","2026-05-09 13:57:04.162","2026-05-09 20:36:18.319282"
1568,"154bec8e196501e808e34e82e054837c",19300000,"Swan Lake West, Sheikh Zayed","","4",4,300,"Stand Alone Villa","","Balcony, Private Garden, Security, Covered Parking, Maids Room, Pets Allowed, Pool, Electricity Meter, Water Meter, Natural Gas, Landline","https://www.dubizzle.com.eg/en/ad/own-a-detached-villa-for-the-longest-payment-period-in-swan-lake-west-next-to-palm-hills-ID503399455.html","2026-05-09 13:57:04.388","dubizzle","2026-05-09 13:57:04.388","2026-05-09 20:36:19.020492"
1569,"3a65e694e55f6cf9b0c7d4b77f4275a6",4300000,"Nasr City, Cairo","","3",1,170,"Apartment","Unfurnished","","https://www.dubizzle.com.eg/en/ad/a-great-deal-on-an-apartment-for-sale-at-a-very-special-price-170-square-meters-in-a-prime-location-in-the-golden-square-nasr-city-ID503477041.html","2026-05-09 13:57:04.635","dubizzle","2026-05-09 13:57:04.635","2026-05-09 20:36:19.699471"
1570,"4db48f04c3ef6c3d2bcd48de79eb2278",3750000,"Madinaty, Cairo","","1",1,55,"Studio","Unfurnished","Built in Kitchen Appliances, Private Garden, Security, Covered Parking, Pets Allowed, Electricity Meter, Water Meter, Natural Gas, Landline","https://www.dubizzle.com.eg/en/ad/studio-for-sale-in-b7-ground-floor-with-private-garden-hotel-style-finishes-prime-location-near-services-ID503449977.html","2026-05-09 13:57:04.864","dubizzle","2026-05-09 13:57:04.864","2026-05-09 20:36:20.109002"
1571,"311bc2b679c2f2cf07bfce4e792e552f",14000000,"Beverly Hills Compound, Sheikh Zayed","","4",4,585,"Stand Alone Villa","Unfurnished","Balcony, Built in Kitchen Appliances, Private Garden, Central A/C & heating, Security, Pool, Landline","https://www.dubizzle.com.eg/en/ad/receive-now-a-villa-immediately-at-a-bargain-price-in-the-heart-of-sheikh-zayed-next-to-sodic-beverly-hills-ID503479043.html","2026-05-09 13:57:05.094","dubizzle","2026-05-09 13:57:05.094","2026-05-09 20:36:20.509233"
1572,"b51a774c65b5c190b121121711b55088",26000000,"Mesca, Soma Bay","","4",5,400,"Stand Alone Villa","Unfurnished","Balcony, Built in Kitchen Appliances, Private Garden, Central A/C & heating, Security, Covered Parking, Maids Room, Pets Allowed, Pool, Electricity Meter, Water Meter, Natural Gas, Landline","https://www.dubizzle.com.eg/en/ad/last-large-luxury-sea-view-villa-4-bed-in-soma-bay-in-hurghada-red-seaover-8-years-ID503482603.html","2026-05-09 13:57:05.322","dubizzle","2026-05-09 13:57:05.322","2026-05-09 20:36:20.879976"
1573,"5942f16afeebee167dc1091a0acb344e",12500000,"New Cairo, Cairo","","3",2,135,"Apartment","Unfurnished","","https://www.dubizzle.com.eg/en/ad/less-than-the-market-price-a-fully-finished-apartment-with-furniture-in-mountain-view-compound-with-a-deposit-of-100000-ID503475114.html","2026-05-09 13:57:05.558","dubizzle","2026-05-09 13:57:05.558","2026-05-09 20:36:21.260011"
1574,"e162d067d2d4b4dd24a3f90896dac736",55000,"Maadi, Cairo","","","",140,"Office Space","Unfurnished","Air Conditioning, Security, Storage","https://www.dubizzle.com.eg/en/ad/premium-office-for-rent-in-zahraa-maadi-ultra-super-lux-finishing-strategic-location-near-wadi-degla-club-fully-equipped-workspace-ID503410651.html","2026-05-09 13:57:05.79","dubizzle","2026-05-09 13:57:05.79","2026-05-09 20:36:21.639886"
1575,"29cb8a48f98f8ed4026659b79eefd8d1",25000000,"New Cairo, Cairo","","4",4,217,"Stand Alone Villa","Unfurnished","Private Garden, Covered Parking, Pets Allowed, Pool, Natural Gas, Landline","https://www.dubizzle.com.eg/en/ad/for-the-quick-sale-at-less-than-its-price-and-with-a-5-down-payment-and-over-the-longest-repayment-period-own-a-villa-in-the-most-upscale-compound-in-the-community-ID503458476.html","2026-05-09 13:57:06.024","dubizzle","2026-05-09 13:57:06.024","2026-05-09 20:36:22.089478"
1576,"d195e8f15cb0f14cecc2b3eec4f7d0d7",10000000,"Sarai, Mostakbal City","","4",4,212,"Stand Alone Villa","Unfurnished","Private Garden, Covered Parking, Pets Allowed, Pool, Electricity Meter, Water Meter, Natural Gas, Landline","https://www.dubizzle.com.eg/en/ad/at-the-old-price-and-with-only-a-5-down-payment-own-a-villa-in-the-saray-compound-next-to-madinaty-ID503312523.html","2026-05-09 13:57:06.255","dubizzle","2026-05-09 13:57:06.255","2026-05-09 20:36:22.458855"
1577,"d17a0462bf128cfc24d9d3f5cc7a3984",20342000,"Trio Gardens Compound, 5th Settlement","","4",5,293,"Town House","Unfurnished","Balcony, Security, Covered Parking, Maids Room, Electricity Meter, Water Meter","https://www.dubizzle.com.eg/en/ad/townhouse-4-beds-including-3-master-plus-nannys-room-and-living-in-mist-by-m-squared-ID503418893.html","2026-05-09 13:57:06.486","dubizzle","2026-05-09 13:57:06.486","2026-05-09 20:36:22.868868"
1578,"bb32c14d3755c826cffef0ef85fb0a80",8427000,"Trio Gardens Compound, 5th Settlement","","2",3,134,"Apartment","Unfurnished","Balcony, Security, Covered Parking, Electricity Meter, Water Meter","https://www.dubizzle.com.eg/en/ad/fully-finished-apartment-for-sale-in-very-prime-location-in-golden-square-discount-40-ID503419465.html","2026-05-09 13:57:06.714","dubizzle","2026-05-09 13:57:06.714","2026-05-09 20:36:23.249543"
1579,"5184233e4af0a9125f2a28183c42d454",14043590,"Trio Gardens Compound, 5th Settlement","","2",3,134,"Apartment","Unfurnished","Balcony, Security, Covered Parking, Electricity Meter, Water Meter","https://www.dubizzle.com.eg/en/ad/attractive-payment-pay-6-only-for-1-year-without-installments-fully-finished-ground-apartment-very-prime-location-10-years-installments-ID503419427.html","2026-05-09 13:57:06.944","dubizzle","2026-05-09 13:57:06.944","2026-05-09 20:36:23.649212"
1580,"dc13d9f13de5d7acc1417fc13e75a0ce",6458000,"Trio Gardens Compound, 5th Settlement","","2",3,115,"Apartment","Unfurnished","Balcony, Security, Covered Parking, Electricity Meter, Water Meter","https://www.dubizzle.com.eg/en/ad/fully-finished-apartment-for-sale-in-very-prime-location-in-golden-square-discount-40-ID503419144.html","2026-05-09 13:57:07.173","dubizzle","2026-05-09 13:57:07.173","2026-05-09 20:36:24.039188"
1581,"f227e5121ab2f243f3359f9b1f0ba8c5",10000000,"Madinaty, Cairo","","3",3,175,"Apartment","Unfurnished","Balcony, Security, Covered Parking, Pets Allowed, Electricity Meter, Water Meter","https://www.dubizzle.com.eg/en/ad/apartment-175-m-for-sale-in-madinaty-b1-fully-finished-to-a-high-standard-next-to-metro-market-and-the-mosque-directly-ID503313904.html","2026-05-09 13:57:07.41","dubizzle","2026-05-09 13:57:07.41","2026-05-09 20:36:24.659131"
1582,"0e77c486cc1506e24e3794d9d90404e1",39000000,"Sodic East, New Heliopolis","","3",4,220,"Town House","Unfurnished","Balcony, Private Garden, Security, Pets Allowed","https://www.dubizzle.com.eg/en/ad/villa-delivery-2-years-with-instalments-over-10-years-fully-finished-operating-compound-in-sodic-east-el-shorouk-city-ID503432468.html","2026-05-09 13:57:07.64","dubizzle","2026-05-09 13:57:07.64","2026-05-09 20:36:25.389527"
1583,"f83cf0b3bcd31185739c3146ea6026a5",14316000,"Sodic East, New Heliopolis","","2",2,125,"Apartment","Unfurnished","Balcony, Security, Pets Allowed, Electricity Meter, Water Meter, Natural Gas","https://www.dubizzle.com.eg/en/ad/apartment-fully-finished-delivery-2026-with-installments-over-8-years-in-sodic-east-oak-ID503432488.html","2026-05-09 13:57:07.87","dubizzle","2026-05-09 13:57:07.87","2026-05-09 20:36:25.979158"
1584,"904a4df6311ba2e354dd670ae073dd0f",10500000,"Mountain View - October Park Compound, 6th of October","","4",4,326,"iVilla","","","https://www.dubizzle.com.eg/en/ad/for-sale-i-villa-roof-corner-ready-to-move-326m-4bedrooms-in-best-location-in-compound-mountain-view-october-park-6-october-ID503293946.html","2026-05-09 13:57:08.101","dubizzle","2026-05-09 13:57:08.101","2026-05-09 20:36:26.589016"
1585,"3589433893f47cadc972abc95b7ec1e7",13000000,"Mountain View - October Park Compound, 6th of October","","4",3,228,"iVilla","","","https://www.dubizzle.com.eg/en/ad/lowest-price-for-i-villa-with-garden-3-bedrooms-fully-finished-in-best-location-in-compound-mountain-view-october-park-6-october-ID502879080.html","2026-05-09 13:57:08.332","dubizzle","2026-05-09 13:57:08.332","2026-05-09 20:36:27.219561"
1586,"ce8ae1e6c5984cfd81fe5c63b6cec082",9000000,"Mountain View Chillout Park Compound, 6th of October","","3",3,165,"Penthouse","Unfurnished","","https://www.dubizzle.com.eg/en/ad/for-sale-penthouse-ready-to-move-165m-view-landscape-lowest-price-in-mountain-view-chillout-park-6-october-ID503432165.html","2026-05-09 13:57:08.558","dubizzle","2026-05-09 13:57:08.558","2026-05-09 20:36:28.070964"
1587,"73564e0cd8e097295c501a2907abccfc",16000000,"Mountain View Chillout Park Compound, 6th of October","","5",4,325,"Stand Alone Villa","Unfurnished","","https://www.dubizzle.com.eg/en/ad/villa-325m-90-finished-under-market-price-ready-to-move-view-landscape-in-compound-mountain-view-chill-out-park-6-october-ID503347128.html","2026-05-09 13:57:08.815","dubizzle","2026-05-09 13:57:08.815","2026-05-09 20:36:28.990344"
1588,"7269e6dd41d70b3cf7d9bb2f7741ce08",16600000,"Mountain View Chillout Park Compound, 6th of October","","4",4,262,"Stand Alone Villa","Unfurnished","","https://www.dubizzle.com.eg/en/ad/lowets-price-for-villa-standalone-262m-4-bedrooms-ready-to-move-north-direction-view-landscape-in-compound-mountain-view-chill-out-park-6-occtober-ID503344890.html","2026-05-09 13:57:09.049","dubizzle","2026-05-09 13:57:09.049","2026-05-09 20:36:29.419103"
1589,"78394d867f4bfc0d455486e08f0d2ac5",13456910,"Mountain View Chillout Park Compound, 6th of October","","4",3,210,"Town House","Unfurnished","","https://www.dubizzle.com.eg/en/ad/lowest-down-paymentinstallments-townhouse-210m-view-landscape-garden127m-ready-to-move-in-mountain-view-chillout-park-6-october-ID503318328.html","2026-05-09 13:57:09.285","dubizzle","2026-05-09 13:57:09.285","2026-05-09 20:36:29.870606"
1590,"834bdf57046f3fd8b9713fb7676ae8c9",13000000,"Mountain View Chillout Park Compound, 6th of October","","4",3,280,"iVilla","","","https://www.dubizzle.com.eg/en/ad/for-sale-lowest-price-i-villa-garden-280m-ready-to-move-view-landscape-in-mountain-view-chillout-park-6-october-northen-exapsion-ID503082568.html","2026-05-09 13:57:09.512","dubizzle","2026-05-09 13:57:09.512","2026-05-09 20:36:30.379648"
1591,"b1ec4640869757431461cda221c0598e",11000000,"Mountain View Chillout Park Compound, 6th of October","","4",4,280,"iVilla","","","https://www.dubizzle.com.eg/en/ad/lowest-price-avaliable-in-compoundmountain-view-chill-out-park-i-villa-280m-corner-ready-to-move-in-best-location-6-october-ID502785134.html","2026-05-09 13:57:09.739","dubizzle","2026-05-09 13:57:09.739","2026-05-09 20:36:30.759913"
1592,"3857f0bd41a5b64e81fc913f7df0416d",5500000,"Sand Beach, Ain Sukhna","","3",2,500,"Standalone Villa","Furnished","Balcony, Built in Kitchen Appliances, Private Garden, Central A/C & heating, Security, Sea View, Electricity Meter, Water Meter","https://www.dubizzle.com.eg/en/ad/%D9%81%D9%8A%D9%84%D8%A7-%D8%A7%D9%84%D8%B9%D9%8A%D9%86-%D8%A7%D9%84%D8%B3%D8%AE%D9%86%D9%87-ID205286190.html","2026-05-09 13:57:09.969","dubizzle","2026-05-09 13:57:09.969","2026-05-09 20:36:31.14903"
1593,"c0cb9c07923916cfbdf1d548ebb60403",32590,"Sheraton, Cairo","","","",10,"Office Space","Furnished","Air Conditioning","https://www.dubizzle.com.eg/en/ad/private-office-space-for-2-persons-in-paramount-business-complex-ID198262761.html","2026-05-09 13:57:10.198","dubizzle","2026-05-09 13:57:10.198","2026-05-09 20:36:31.559001"
1594,"f2b511983d192c86fd31995a676c6693",50000,"Madinaty, Cairo","","","",47,"Clinic","Furnished","","https://www.dubizzle.com.eg/en/ad/for-rent-furnished-clinic-literally-a-gem-in-the-best-places-of-madinaty-the-east-hub-medical-center-fully-furnished-madinaty-air-conditioned-ID503485140.html","2026-05-09 13:57:10.435","dubizzle","2026-05-09 13:57:10.435","2026-05-09 20:36:31.949419"
1597,"04852c2cdf2e2d8c860dbc7e672bde86",45000,"Eastown Compound, 5th Settlement","","2",3,152,"Apartment","Furnished","Balcony, Built in Kitchen Appliances, Private Garden, Central A/C & heating, Security, Covered Parking, Pets Allowed, Electricity Meter, Water Meter, Natural Gas, Landline","https://www.dubizzle.com.eg/en/ad/modern-2br-apartment-for-rent-in-eastown-ID503485835.html","2026-05-09 13:57:11.343","dubizzle","2026-05-09 13:57:11.343","2026-05-09 20:36:33.179975"
1598,"be2f9fd11be7c68dceacfffad46fc099",17000,"Town Center El-Shorouk Mall, Shorouk City","","","",42,"Clinic","Furnished","Air Conditioning, Covered Parking, Security","https://www.dubizzle.com.eg/en/ad/%D8%B9%D9%8A%D8%A7%D8%AF%D8%A9-%D8%B7%D8%A8%D9%8A%D8%A9-%D9%88-%D8%AA%D8%B5%D9%84%D8%AD-%D9%85%D9%83%D8%AA%D8%A8-%D8%A3%D8%AF%D8%A7%D8%B1%D9%8A-%D9%84%D9%84%D8%A5%D9%8A%D8%AC%D8%A7%D8%B1-%D9%85%D9%86-%D8%A7%D9%84%D9%85%D8%A7%D9%84%D9%83-%D9%85%D8%A8%D8%A7%D8%B4%D8%B1%D8%A9-ID207889566.html","2026-05-09 13:57:11.809","dubizzle","2026-05-09 13:57:11.809","2026-05-09 20:36:33.599355"
1599,"7761f1837af451cdfa9cc91743aec081",7500000,"New Cairo, Cairo","","2",2,120,"Apartment","Unfurnished","Built in Kitchen Appliances, Private Garden, Pool","https://www.dubizzle.com.eg/en/ad/installments-for-12-years-with-the-lowest-down-payment-for-a-fully-finished-hotel-apartment-with-air-conditioning-in-the-finest-compound-in-the-heart-of-the-gathering-ID503476299.html","2026-05-09 13:57:12.047","dubizzle","2026-05-09 13:57:12.047","2026-05-09 20:36:33.989555"
1600,"4626b25a4dae0f6aa67ea1d1e83221ae",4500000,"Palm Hills, 6th of October","","","",65,"Office Space","Unfurnished","Security","https://www.dubizzle.com.eg/en/ad/prime-office-clinic-for-sale-in-palladium-mall-palm-hills-ID502667827.html","2026-05-09 13:57:12.284","dubizzle","2026-05-09 13:57:12.284","2026-05-09 20:36:34.398842"
1601,"b6f4400a541434627ae26a5b41e740c0",12000000,"90 Avenue Compound, 5th Settlement","","4",3,282,"Duplex","Unfurnished","Balcony, Private Garden, Security, Pool, Electricity Meter","https://www.dubizzle.com.eg/en/ad/duplex-with-roof-for-sale-immediate-delivery-in-a-prime-location-in-fifth-settlement-directly-on-90th-street-overlooking-landscaped-grounds-and-a-s-ID503475402.html","2026-05-09 13:57:12.514","dubizzle","2026-05-09 13:57:12.514","2026-05-09 20:36:34.819593"
1602,"87eb62a91f6e0454d48535ee6d476805",315000,"Sarayat El Maadi, Maadi","","","",1200,"Full Commercial Building","Unfurnished","Security","https://www.dubizzle.com.eg/en/ad/administrative-headquarters-for-rent-sarayat-maadi-1200-sqm-14-rooms-professional-layout-prime-location-ideal-for-corporate-operations-ID503483416.html","2026-05-09 13:57:12.83","dubizzle","2026-05-09 13:57:12.83","2026-05-09 20:36:35.228425"
1603,"444c9136626f612fe95b3ede71d811e2",16750000,"La Vista Bay North Coast, North Coast","","3",2,120,"Chalet","Unfurnished","Balcony, Private Garden, Security","https://www.dubizzle.com.eg/en/ad/for-sale-bahary-ground-chalet-in-la-vista-bay-3-bedrooms-north-coast-ID503397970.html","2026-05-09 13:57:13.057","dubizzle","2026-05-09 13:57:13.057","2026-05-09 20:36:35.609196"
1604,"fe5eb5cfbada75bba314c261f7ef53c0",15000000,"Alamein Towers, Alamein","","3",2,117,"Chalet","Unfurnished","Balcony, Security, Sea View","https://www.dubizzle.com.eg/en/ad/for-sale-full-sea-view-chalet-prime-location-in-alamein-towers-north-coast-ID503374828.html","2026-05-09 13:57:13.285","dubizzle","2026-05-09 13:57:13.285","2026-05-09 20:36:36.219121"
1605,"4ca08e3d06bcd2f3cb39014c99093a7b",7750000,"Stone Residence Compound, Katameya","","3",3,220,"Apartment","Unfurnished","Balcony, Security, Covered Parking, Pets Allowed","https://www.dubizzle.com.eg/en/ad/own-your-3-bedrooms-apartment-ready-to-move-in-stone-residence-new-cairo-ID501905520.html","2026-05-09 13:57:13.515","dubizzle","2026-05-09 13:57:13.515","2026-05-09 20:36:37.039829"
1606,"ad51645d6f7000d88e3b8bba958d6cf4",8500000,"Mountain View iCity Compound, 5th Settlement","","4",3,230,"Apartment","Unfurnished","Balcony, Built in Kitchen Appliances, Private Garden","https://www.dubizzle.com.eg/en/ad/apartment-in-mountain-view-compound-at-a-special-price-lowest-price-ID503483377.html","2026-05-09 13:57:13.75","dubizzle","2026-05-09 13:57:13.75","2026-05-09 20:36:37.709942"
1607,"5feafaaa22b79e452e115fd5ccde0bde",35000000,"Marassi, Sidi Abdel Rahman","","3",3,168,"Town House","Furnished","Balcony, Private Garden, Security, Covered Parking, Pets Allowed, Pool","https://www.dubizzle.com.eg/en/ad/direct-on-pool-townhouse-corner-3-bedrooms-in-marssai-riva-lagoon-north-coast-ID503368289.html","2026-05-09 13:57:13.978","dubizzle","2026-05-09 13:57:13.978","2026-05-09 20:36:38.311406"
1608,"f96ce72ee177d9f9e598d114b052dcb0",40000,"Marassi, Sidi Abdel Rahman","","5",4,395,"Stand Alone Villa","Furnished","Balcony, Private Garden, Security, Covered Parking, Maids Room, Pets Allowed","https://www.dubizzle.com.eg/en/ad/for-rent-bahary-villa-5-bedrooms-in-marassi-blanca-north-coast-ID503359589.html","2026-05-09 13:57:14.21","dubizzle","2026-05-09 13:57:14.21","2026-05-09 20:36:39.009908"
1609,"60be4c14939a99ce96d3cf941f1b66c5",6000000,"Talala, New Heliopolis","","2",2,100,"Apartment","Unfurnished","Balcony, Security, Covered Parking, Electricity Meter, Water Meter","https://www.dubizzle.com.eg/en/ad/best-price-apartment-2-bedrooms-fully-finished-100-sqm-in-talala-very-prime-location-over-10-years-ID503466719.html","2026-05-09 13:57:14.443","dubizzle","2026-05-09 13:57:14.443","2026-05-09 20:36:39.809697"
1610,"a46d267cbf97ec6816c47788d2fca7c8",7457000,"Talala, New Heliopolis","","3",3,125,"Apartment","Unfurnished","Balcony, Security, Covered Parking, Electricity Meter, Water Meter","https://www.dubizzle.com.eg/en/ad/best-price-apartment-3-bedrooms-fully-finished-125-sqm-in-talala-very-prime-location-over-10-years-ID503466689.html","2026-05-09 13:57:14.671","dubizzle","2026-05-09 13:57:14.671","2026-05-09 20:36:40.610763"
1611,"1383695bbd519a719eae0dd7898d7e02",5400000,"EL Patio ORO Compound, 5th Settlement","","3",2,120,"Apartment","","Built in Kitchen Appliances, Private Garden, Security, Covered Parking, Pets Allowed, Pool, Water Meter, Landline","https://www.dubizzle.com.eg/en/ad/apartment-for-sale-ready-for-immediate-occupancy-viewing-available-in-fifth-settlement-in-al-patio-oro-compound-minutes-from-golden-square-next-ID503349323.html","2026-05-09 13:57:14.904","dubizzle","2026-05-09 13:57:14.904","2026-05-09 20:36:41.259553"
1612,"cb5978086456db4eea6c3a420ee8d5d3",6690,"Maadi, Cairo","","","",8,"Office Space","Furnished","","https://www.dubizzle.com.eg/en/ad/fully-serviced-private-office-space-to-rent-for-you-and-your-team-in-maadi-club-ID503168567.html","2026-05-09 13:57:15.147","dubizzle","2026-05-09 13:57:15.147","2026-05-09 20:36:41.809859"
1613,"c1068e008ebcb26fb948049da5f4b9fd",134580,"Roushdy, Alexandria","","","",100,"Office Space","Furnished","","https://www.dubizzle.com.eg/en/ad/book-open-office-space-for-rent-for-businesses-of-all-sizes-in-kamarayet-roushdy-ID503159688.html","2026-05-09 13:57:15.373","dubizzle","2026-05-09 13:57:15.373","2026-05-09 20:36:42.359696"
1614,"c2a666f5d7ed98bab1729cbf5831d3c6",18290,"Maadi, Cairo","","","",10,"Office Space","Furnished","","https://www.dubizzle.com.eg/en/ad/fully-furnished-office-space-for-rent-in-maadi-club-for-2-persons-with-everything-taken-care-of-ID503127743.html","2026-05-09 13:57:15.601","dubizzle","2026-05-09 13:57:15.601","2026-05-09 20:36:43.039986"
1615,"a152f3c63b0336d810f02acfd920134d",7500000,"Sarai, Mostakbal City","","3",3,212,"Duplex","Unfurnished","","https://www.dubizzle.com.eg/en/ad/duplex-at-the-lowest-market-price-immediate-delivery-with-landscape-view-in-sarai-compound-mostakbal-city-phase-s2-ID502871237.html","2026-05-09 13:57:15.83","dubizzle","2026-05-09 13:57:15.83","2026-05-09 20:36:44.549264"
1616,"e4125e7bc93aa71cce884df4d261b175",53090,"New Cairo, Cairo","","","",30,"Office Space","Furnished","Air Conditioning","https://www.dubizzle.com.eg/en/ad/private-office-space-for-5-persons-in-raya-offices-133-ID500691195.html","2026-05-09 13:57:16.109","dubizzle","2026-05-09 13:57:16.109","2026-05-09 20:36:45.109823"
1617,"dfd61031ecdd8b70343ec611a538b258",23990,"Sheikh Zayed, Giza","","","",10,"Office Space","Furnished","Air Conditioning","https://www.dubizzle.com.eg/en/ad/office-space-for-rent-for-2-persons-in-cairo-park-street-west-ID500682376.html","2026-05-09 13:57:16.336","dubizzle","2026-05-09 13:57:16.336","2026-05-09 20:36:45.82907"
1618,"1989a3070be296e6322576c031692e1e",3600000,"Aljar, Sheraton","","3",2,146,"Apartment","","Private Garden, Pool","https://www.dubizzle.com.eg/en/ad/radytomove-ull-finishing-including-air-conditioning-and-kitchen-in-al-gar-sheraton-compound-next-to-city-centre-almaza-cairo-airport-ID503485118.html","2026-05-09 13:57:16.564","dubizzle","2026-05-09 13:57:16.564","2026-05-09 20:36:46.429485"
1619,"a3cb7d29d3fbdf4dd9da90c6ba8b51df",10000000,"The Crest Compound, 5th Settlement","","3",3,185,"Apartment","Unfurnished","Balcony, Security, Covered Parking, Electricity Meter","https://www.dubizzle.com.eg/en/ad/lowest-downpayment-3-bedrooms-overlooking-lakes-and-rest-over-10-years-ID503477717.html","2026-05-09 13:57:16.8","dubizzle","2026-05-09 13:57:16.8","2026-05-09 20:36:46.8493"
1620,"2b0937820dc0e1999d468820c96a0371",22000000,"Ras Soma, Red Sea","","3",3,173,"Chalet","Unfurnished","Balcony, Security, Sea View, Pool, Electricity Meter, Water Meter","https://www.dubizzle.com.eg/en/ad/3-bedrooms-corner-and-laundry-room-fully-finished-huge-terrace-in-travco-ras-soma-ID503475853.html","2026-05-09 13:57:17.026","dubizzle","2026-05-09 13:57:17.026","2026-05-09 20:36:48.14881"
1621,"60c724930ddcc21e3c4c5e7514b2f4c8",36600000,"Saada Boutique, 6th Settlement","","4",3,210,"Stand Alone Villa","Unfurnished","Balcony, Security, Covered Parking, Electricity Meter, Water Meter","https://www.dubizzle.com.eg/en/ad/fully-finished-standalone-210sqm-in-saada-boutique-prime-location-water-feature-green-area-view-over-9-years-ID503475041.html","2026-05-09 13:57:17.254","dubizzle","2026-05-09 13:57:17.254","2026-05-09 20:36:48.599655"
1622,"e4e1bc05ed02e24e314ea21c5020a18f",9600000,"The Butterfly, Mostakbal City","","3",3,136,"Apartment","Unfurnished","Security, Covered Parking","https://www.dubizzle.com.eg/en/ad/apartment-with-downpayment-15-12-years-installments-delivery-45-years-ID503467537.html","2026-05-09 13:57:17.486","dubizzle","2026-05-09 13:57:17.486","2026-05-09 20:36:49.152126"
1623,"ac95799cfc802642894c89596bba7617",16000000,"Saada Compound, 1st Settlement","","4",6,215,"Stand Alone Villa","","Private Garden, Pool","https://www.dubizzle.com.eg/en/ad/the-least-finished-villa-in-saada-is-ready-for-viewing-and-offered-in-installments-for-a-limited-time-ID503485135.html","2026-05-09 13:57:17.716","dubizzle","2026-05-09 13:57:17.716","2026-05-09 20:36:49.629797"
1624,"c1bf87ba6a30d86e62121cd46098e0f9",16000000,"Mountain View 1.1, 5th Settlement","","3",3,250,"Duplex","Unfurnished","Balcony, Security, Maids Room, Pets Allowed, Water Meter","https://www.dubizzle.com.eg/en/ad/i-villa-roof-garden-corner-for-sale-mountain-view-11-new-cairo-with-prime-location-semi-finished-ID502616845.html","2026-05-09 13:57:17.946","dubizzle","2026-05-09 13:57:17.946","2026-05-09 20:36:50.290119"
1625,"cc0e4b0f72a8fbf5ec24a619eaac85bf",17290000,"City Gate Compound, 5th Settlement","","3",3,223,"Apartment","Unfurnished","Balcony, Security, Maids Room, Pets Allowed, Electricity Meter, Water Meter, Natural Gas","https://www.dubizzle.com.eg/en/ad/apartment-with-down-payment-for-sale-at-city-gate-new-cairo-fully-finished-delivery-2027-ID502013534.html","2026-05-09 13:57:18.175","dubizzle","2026-05-09 13:57:18.175","2026-05-09 20:36:50.829792"
1626,"a88f0665d92df54882bb6e062f3b09a5",250,"Miami, Alexandria","","2",2,100,"Studio","Furnished","Balcony, Built in Kitchen Appliances, Private Garden, Security, Covered Parking, Pets Allowed, Elevator","https://www.dubizzle.com.eg/en/ad/%D8%B3%D8%AA%D9%88%D8%AF%D9%8A%D9%88-%D9%85%D9%81%D8%B1%D9%88%D8%B4-%D8%A7%D9%84%D8%A7%D8%B3%D9%83%D9%86%D8%AF%D8%B1%D9%8A%D8%A9-%D9%85%D9%8A%D8%A7%D9%85%D9%8A-%D8%AE%D8%A7%D9%84%D8%AF-%D8%A7%D9%84%D9%88%D9%84%D9%8A%D8%AF-%D9%85%D8%AD%D9%85%D8%AF-%D9%86%D8%AC%D9%8A%D8%A8-%D8%B9%D8%B5%D8%A7%D9%81%D8%B1%D8%A9-ID199628084.html","2026-05-09 13:57:18.416","dubizzle","2026-05-09 13:57:18.416","2026-05-09 20:36:51.23954"
1627,"0b09e62a69a8479b5e2a3aa11b0ea93b",4000,"Mohandessin, Giza","","3",3,250,"Hotel Apartment","Furnished","Balcony, Built in Kitchen Appliances, Central A/C & heating, Security, Pets Allowed, Electricity Meter, Water Meter, Landline, Elevator","https://www.dubizzle.com.eg/en/ad/%D8%B4%D9%82%D8%A9-%D9%81%D9%86%D8%AF%D9%82%D9%8A%D8%A9-%D8%A7%D9%8A%D8%AC%D8%A7%D8%B1-%D9%8A%D9%88%D9%85%D9%8A-%D8%A7%D9%88-%D8%A7%D8%B3%D8%AA%D8%AB%D9%85%D8%A7%D8%B1-ID207577199.html","2026-05-09 13:57:18.653","dubizzle","2026-05-09 13:57:18.653","2026-05-09 20:36:51.629955"
1628,"22407edad96f30a4fce7dafea5ec300d",2000000,"Abo Qir St., Sporting","","","",42,"Clinic","Furnished","Air Conditioning","https://www.dubizzle.com.eg/en/ad/%D8%B9%D9%8A%D8%A7%D8%AF%D8%A9-%D8%A7%D8%B3%D9%86%D8%A7%D9%86-%D9%84%D9%84%D8%A8%D9%8A%D8%B9-%D8%AA%D8%B5%D9%84%D8%AD-%D9%84%D8%AC%D9%85%D9%8A%D8%B9-%D8%A7%D9%84%D8%A7%D8%BA%D8%B1%D8%A7%D8%B6-%D9%85%D8%B1%D8%AE%D8%B5%D8%A9-%D8%A7%D8%AF%D8%A7%D8%B1%D9%89-ID207861818.html","2026-05-09 13:57:18.885","dubizzle","2026-05-09 13:57:18.885","2026-05-09 20:36:52.049365"
1629,"44fc9d35138fbd449b331692f0791ceb",95000000,"City Gate Compound, 5th Settlement","","5",6,700,"Stand Alone Villa","Unfurnished","Balcony, Built in Kitchen Appliances, Private Garden, Central A/C & heating, Security, Covered Parking, Maids Room, Pool, Electricity Meter, Water Meter, Natural Gas, Landline","https://www.dubizzle.com.eg/en/ad/1st-row-golf-villa-at-lunch-price-in-new-cairo-over-8-years-5bedrooms-villa-prime-location-golden-square-ID503483470.html","2026-05-09 13:57:19.115","dubizzle","2026-05-09 13:57:19.115","2026-05-09 20:36:52.459365"
1630,"b8d34890ab6ac193eb0fc4fd66cf79a8",16500000,"Marassi, Sidi Abdel Rahman","","2",2,137,"Chalet","Furnished","Balcony, Security","https://www.dubizzle.com.eg/en/ad/for-sale-2-bedrooms-furnished-chalet-in-marassi-greek-north-coast-ID503273745.html","2026-05-09 13:57:19.349","dubizzle","2026-05-09 13:57:19.349","2026-05-09 20:36:52.851907"
1631,"fd92680c136f02fc9813a655631cf9b1",4500000,"Beit Al Watan, 5th Settlement","","3",3,200,"Apartment","Unfurnished","Balcony, Private Garden, Security, Covered Parking, Pets Allowed","https://www.dubizzle.com.eg/en/ad/for-sale-ready-to-move-ground-apartment-with-garden-in-beit-el-watan-new-cairo-ID503170423.html","2026-05-09 13:57:19.583","dubizzle","2026-05-09 13:57:19.583","2026-05-09 20:36:53.249385"
1632,"7c91ee5e6a0efc9e9aa1ea2cbfd1a8ae",9500000,"The Address East Compound, 5th Settlement","","3",2,163,"Apartment","Unfurnished","Balcony, Private Garden, Security, Covered Parking, Pets Allowed","https://www.dubizzle.com.eg/en/ad/attractive-price-a-very-prime-fully-finished-ground-apartment-in-the-adress-east-new-cairo-ID503041922.html","2026-05-09 13:57:19.825","dubizzle","2026-05-09 13:57:19.825","2026-05-09 20:36:53.679407"
1633,"2349324e1a54d96e26e4952413ff8d39",8800000,"Mountain View iCity Compound, 6th of October","","4",3,205,"Apartment","Unfurnished","Built in Kitchen Appliances, Covered Parking, Pets Allowed, Electricity Meter, Water Meter, Natural Gas","https://www.dubizzle.com.eg/en/ad/apartment-for-sale-ready-to-move-semi-finished-best-price-prime-location-205-m-4-br-mountain-view-i-city-october-compound-ID502566194.html","2026-05-09 13:57:20.079","dubizzle","2026-05-09 13:57:20.079","2026-05-09 20:36:54.070497"
1634,"6925684739d880065da523cfa4627f87",250000,"10th of Ramadan, Sharqia","","","",1600,"Warehouse","Unfurnished","","https://www.dubizzle.com.eg/en/ad/%D9%85%D8%AE%D8%B2%D9%86-%D9%84%D9%84%D8%A7%D9%8A%D8%AC%D8%A7%D8%B1-%D9%85%D8%B3%D8%A7%D8%AD%D8%A9-1600-%D9%85%D8%AA%D8%B1-%D8%A8%D8%A7%D9%84%D8%B9%D8%A7%D8%B4%D8%B1-%D9%85%D9%86-%D8%B1%D9%85%D8%B6%D8%A7%D9%86-%D8%B1%D8%AE%D8%B5%D8%A9-%D9%85%D8%AE%D8%A7%D8%B2%D9%86-%D9%85%D8%AA%D9%86%D9%88%D8%B9%D8%A9-ID503483405.html","2026-05-09 13:57:20.315","dubizzle","2026-05-09 13:57:20.315","2026-05-09 20:36:54.459123"
1635,"cee46e362e2f99c3bcfa9279427db219",9300000,"La Vista City, New Capital City","","4",4,235,"Town House","Unfurnished","Balcony, Private Garden, Central A/C & heating, Security, Covered Parking, Pets Allowed, Pool, Electricity Meter, Water Meter, Natural Gas, Landline","https://www.dubizzle.com.eg/en/ad/fully-finished-townhouse-ready-for-immediate-delivery-in-la-vista-city-compound-new-cairo-the-compound-is-fully-inhabited-and-complete-ID503481890.html","2026-05-09 13:57:20.551","dubizzle","2026-05-09 13:57:20.551","2026-05-09 20:36:54.869485"
1636,"2f0b9a26a067c33ad7b17f5898531246",7800000,"Mountain View Hyde Park Compound, 5th Settlement","","2",2,134,"Apartment","Unfurnished","Balcony, Private Garden, Security, Covered Parking","https://www.dubizzle.com.eg/en/ad/fully-finished-apartment-in-mountain-view-hyde-park-for-sale-ready-to-move-ID503466228.html","2026-05-09 13:57:20.785","dubizzle","2026-05-09 13:57:20.785","2026-05-09 20:36:55.2595"
1637,"c553290ceb3781b9f868e1e3a17adc65",8500000,"Taj City Compound, 1st Settlement","","3",3,170,"Apartment","Unfurnished","Balcony, Private Garden, Security, Pool","https://www.dubizzle.com.eg/en/ad/apartment-for-sale-ready-to-move-double-view-inside-taj-city-compound-ID503480093.html","2026-05-09 13:57:21.012","dubizzle","2026-05-09 13:57:21.012","2026-05-09 20:36:55.649513"
1638,"a9ff0c60ebe7a90f9d8b0f794ab5a522",12500500,"Swan Lake West, Sheikh Zayed","","4",4,258,"Town House","","Private Garden, Covered Parking, Pets Allowed, Electricity Meter, Water Meter, Natural Gas, Landline","https://www.dubizzle.com.eg/en/ad/townhouse-for-sale-3-floors-on-dahshour-road-in-front-of-al-kababji-palace-and-beverly-hills-ID503465827.html","2026-05-09 13:57:21.241","dubizzle","2026-05-09 13:57:21.241","2026-05-09 20:36:56.029275"
1639,"89bbb5906cfb58c2408efef3a1d76443",15900000,"Sodic East, New Heliopolis","","3",4,234,"Town House","Unfurnished","Balcony, Private Garden, Security, Maids Room, Pets Allowed, Electricity Meter, Water Meter, Natural Gas","https://www.dubizzle.com.eg/en/ad/town-house-for-sale-at-sodic-east-new-cairo-prime-location-bahary-direct-on-greenery-fully-finished-ready-to-move-ID502785780.html","2026-05-09 13:57:21.482","dubizzle","2026-05-09 13:57:21.482","2026-05-09 20:36:56.439697"
1640,"d1cb774f50b62efe8f757697b04f5dcd",8500000,"La Vista 3, Ain Sukhna","","3",2,140,"Chalet","Unfurnished","Balcony, Built in Kitchen Appliances, Private Garden, Central A/C & heating, Security, Sea View, Electricity Meter, Water Meter","https://www.dubizzle.com.eg/en/ad/ground-chalet-for-sale-in-la-vista-3-sokhna-prime-location-with-full-sea-view-pool-view-fully-finished-with-kitchen-and-acs-ID502738708.html","2026-05-09 13:57:21.729","dubizzle","2026-05-09 13:57:21.729","2026-05-09 20:36:56.849662"
1641,"fdff7f730e13cb98809732d6107271e2",11148228,"Hacienda West, Ras Al Hekma","","3",4,153,"Chalet","Unfurnished","Balcony, Private Garden, Security, Electricity Meter, Water Meter","https://www.dubizzle.com.eg/en/ad/chalet-for-sale-in-hacienda-west-by-palm-hills-phase-hazel-prime-location-direct-on-greenery-facing-north-fully-finished-ready-to-move-ID502479753.html","2026-05-09 13:57:21.972","dubizzle","2026-05-09 13:57:21.972","2026-05-09 20:36:57.249423"
1642,"6e6afb5b34fdb222d90f18c145169c98",28700000,"layan Compound, 5th Settlement","","4",4,326,"Twin House","Unfurnished","Balcony, Private Garden, Security, Covered Parking, Maids Room, Pets Allowed, Electricity Meter, Water Meter, Natural Gas","https://www.dubizzle.com.eg/en/ad/twin-house-for-sale-in-layan-new-cairo-ahly-sabbour-prime-location-open-view-over-looking-on-water-features-and-green-area-ID501946521.html","2026-05-09 13:57:22.219","dubizzle","2026-05-09 13:57:22.219","2026-05-09 20:36:57.641118"
1643,"38df0e557626bc248b159273aedf7be4",750,"Fayed, Ismailia","","2",1,65,"Chalet","","","https://www.dubizzle.com.eg/en/ad/hotel-chalet-for-rent-fully-air-conditioned-first-row-directly-on-the-sea-in-the-best-villages-of-fayid-ID503401590.html","2026-05-09 13:57:22.458","dubizzle","2026-05-09 13:57:22.458","2026-05-09 20:36:58.03979"
1644,"67ef12672fa536d10f2f82f77a1e0be0",150000,"Nasr City, Cairo","","","",380,"Office Space","Furnished","Air Conditioning, Covered Parking, Security, Storage","https://www.dubizzle.com.eg/en/ad/%D9%85%D9%82%D8%B1-%D8%A7%D8%AF%D8%A7%D8%B1%D9%8A-%D9%85%D9%81%D8%B1%D9%88%D8%B4-%D8%A8%D8%A7%D9%84%D9%83%D8%A7%D9%85%D9%84-%D9%88%D9%85%D9%83%D9%8A%D9%81-%D9%85%D9%88%D9%82%D8%B9-%D9%85%D9%85%D9%8A%D8%B2-%D8%A7%D8%A8%D8%B1%D8%A7%D8%AC-%D8%A7%D9%84%D8%B3%D8%B1%D8%A7%D8%AC-%D9%85%D9%88%D9%84-ID195516921.html","2026-05-09 13:57:22.687","dubizzle","2026-05-09 13:57:22.687","2026-05-09 20:36:58.479843"
1645,"45db0597e0c7e22fe76a5e22ff17e2ee",13000,"Faisal, Giza","","3",2,140,"Apartment","Furnished","Balcony, Built in Kitchen Appliances, Central A/C & heating, Security, Electricity Meter, Water Meter, Natural Gas, Landline, Elevator","https://www.dubizzle.com.eg/en/ad/%D8%B4%D9%82%D9%87-%D9%84%D9%84%D8%A7%D9%8A%D8%AC%D8%A7%D8%B1-%D9%85%D9%81%D8%B1%D9%88%D8%B4-%D9%81%D9%8A-%D9%81%D9%8A%D8%B5%D9%84-ID192239101.html","2026-05-09 13:57:22.919","dubizzle","2026-05-09 13:57:22.919","2026-05-09 20:36:59.149971"
1646,"7b9a99640dcf95cad3706735a5e96a26",19500,"El Banafseg 5, 1st Settlement","","3",2,180,"Apartment","Unfurnished","","https://www.dubizzle.com.eg/en/ad/apartment-for-rent-in-al-banafseg-5-villas-near-al-sadat-axis-ID503485060.html","2026-05-09 13:57:23.154","dubizzle","2026-05-09 13:57:23.154","2026-05-09 20:36:59.710118"
1647,"a90035bb052efd1784b4d04c006a2c55",8200000,"Maadi, Cairo","","3",2,270,"Apartment","Unfurnished","Balcony, Covered Parking, Pets Allowed, Electricity Meter, Water Meter, Natural Gas, Landline, Elevator","https://www.dubizzle.com.eg/en/ad/apartment-for-sale-270-square-meters-open-view-surrounded-by-trees-sunny-on-street-201-in-degla-ID503360836.html","2026-05-09 13:57:23.384","dubizzle","2026-05-09 13:57:23.384","2026-05-09 20:37:00.269441"
1648,"7d5391f2be949e5aded7452e36e77c09",3750000,"Al Andalous, 5th Settlement","","3",3,165,"Apartment","Unfurnished","Balcony","https://www.dubizzle.com.eg/en/ad/apartment-for-sale-165-sqm-open-view-immediate-delivery-new-andalus-new-cairo-ID503377831.html","2026-05-09 13:57:23.612","dubizzle","2026-05-09 13:57:23.612","2026-05-09 20:37:00.919327"
1649,"e69b4e6fc8c8d1df693f1bd657665950",4065000,"Beit Al Watan, 5th Settlement","","3",2,166,"Apartment","Unfurnished","Balcony, Covered Parking","https://www.dubizzle.com.eg/en/ad/apartment-for-sale-166m-ground-floor-with-private-garden-immediate-delivery-prime-location-on-a-main-street-in-the-first-district-beit-al-watan-ID502835448.html","2026-05-09 13:57:23.842","dubizzle","2026-05-09 13:57:23.842","2026-05-09 20:37:01.439192"
1650,"e8c8e58863f55acc5306ce0c7b75d09d",9800000,"Fifth Square Compound, 5th Settlement","","3",3,160,"Apartment","Unfurnished","","https://www.dubizzle.com.eg/en/ad/for-sale-lowest-price-apartment-with-acs-ready-to-move-3bedrooms-view-on-club-house-in-al-marseem-fifth-square-new-cairo-fifth-settlement-ID503485121.html","2026-05-09 13:57:24.074","dubizzle","2026-05-09 13:57:24.074","2026-05-09 20:37:01.86931"
1651,"4ec922234490597a7bc65f9a9471ca69",12000,"Gianaclis, Alexandria","","2",2,176,"Apartment","Unfurnished","Balcony, Security, Pets Allowed, Electricity Meter, Water Meter, Natural Gas, Landline","https://www.dubizzle.com.eg/en/ad/super-deluxe-apartment-176-m2-for-rent-in-gianaclis-next-to-the-tram-station-ID503450784.html","2026-05-09 13:57:24.322","dubizzle","2026-05-09 13:57:24.322","2026-05-09 20:37:02.279289"
1652,"7a0e712e1a5e8d28d49891f343f74c58",2750000,"Al Andalous, 5th Settlement","","3",1,125,"Apartment","Unfurnished","Balcony","https://www.dubizzle.com.eg/en/ad/immediate-delivery-apartment-prime-location-in-al-andalus-new-cairo-own-a-125-sqm-apartment-in-a-corner-building-with-a-north-facing-orientation-ID503435489.html","2026-05-09 13:57:24.56","dubizzle","2026-05-09 13:57:24.56","2026-05-09 20:37:02.709289"
1653,"7e7c09376d0dac524f90c46963fc1ab7",7400000,"El Koronfel, 1st Settlement","","4",3,235,"Apartment","Unfurnished","Balcony, Covered Parking","https://www.dubizzle.com.eg/en/ad/apartment-for-sale-in-koronfel-villas-immediate-delivery-garden-view-235m-new-cairo-fifth-settlement-ID503425934.html","2026-05-09 13:57:24.787","dubizzle","2026-05-09 13:57:24.787","2026-05-09 20:37:03.109537"
1654,"b5a83004d0be5648231a5c090ee887a8",2100000,"Nasr City, Cairo","","3",2,180,"Apartment","Unfurnished","Balcony, Security, Pets Allowed, Electricity Meter, Water Meter, Natural Gas, Landline, Elevator","https://www.dubizzle.com.eg/en/ad/a-great-deal-on-a-180-sq-m-fully-finished-apartment-next-to-al-ahly-club-in-nasr-city-ID503408909.html","2026-05-09 13:57:25.018","dubizzle","2026-05-09 13:57:25.018","2026-05-09 20:37:03.529503"
1655,"57219c28efcd843650bbcc190107c30a",5475000,"El Lotus, 5th Settlement","","3",3,192,"Apartment","Unfurnished","Covered Parking","https://www.dubizzle.com.eg/en/ad/ground-floor-apartment-192-m-89-m-private-garden-prime-front-facing-unit-el-lotus-new-cairo-ID502958716.html","2026-05-09 13:57:25.246","dubizzle","2026-05-09 13:57:25.246","2026-05-09 20:37:03.927842"
1656,"695f239b923cc291713088759318d923",14000000,"Cleopatra, Alexandria","","","",220,"Retail","Unfurnished","Air Conditioning, Covered Parking, Security, Storage","https://www.dubizzle.com.eg/en/ad/commercial-shop-for-sale-220-sq-m-super-deluxe-currently-leased-to-a-brand-in-cleopatra-beach-next-to-the-cleopatra-ID502799549.html","2026-05-09 13:57:25.48","dubizzle","2026-05-09 13:57:25.48","2026-05-09 20:37:04.339927"
1657,"fd8dd4df89dad65e5c5744af8ae85c5f",35000,"Madinaty, Cairo","","3",2,105,"Apartment","Furnished","Balcony, Built in Kitchen Appliances, Central A/C & heating, Security, Covered Parking, Electricity Meter, Water Meter, Elevator","https://www.dubizzle.com.eg/en/ad/%D8%B4%D9%82%D9%87-%D9%85%D9%81%D8%B1%D9%88%D8%B4%D9%87-%D9%A3-%D8%BA%D8%B1%D9%81-%D9%81%D9%8A-b6-ID203553403.html","2026-05-09 13:57:25.708","dubizzle","2026-05-09 13:57:25.708","2026-05-09 20:37:04.749214"
1658,"125f19b18f2f50bead749d70897c77c4",4610000,"Beit Al Watan, 5th Settlement","","3",3,188,"Apartment","Unfurnished","Balcony, Covered Parking","https://www.dubizzle.com.eg/en/ad/apartment-for-sale-188-m-first-district-immediate-delivery-north-facing-on-a-main-street-ID503435715.html","2026-05-09 13:57:25.94","dubizzle","2026-05-09 13:57:25.94","2026-05-09 20:37:05.159208"
1659,"fb3792a201191eb7bb4266c1c37e39e4",2500000,"Tahiti, North Coast","","2",2,100,"Chalet","Unfurnished","Balcony, Security, Sea View, Gym, Pool, Electricity Meter, Water Meter","https://www.dubizzle.com.eg/en/ad/%D8%AA%D8%A7%D9%87%D9%8A%D8%AA%D9%8A-%D8%A8%D8%A7%D9%8A-%D8%A7%D9%84%D8%AC%D8%B1%D8%A7%D9%88%D9%84%D9%87-%D8%A7%D9%84%D9%83%D9%8A%D9%84%D9%88-%D9%A2%D9%A5%D9%A9-%D8%A8%D8%B9%D8%AF-%D8%B1%D8%A7%D8%B3-%D8%A7%D9%84%D8%AD%D9%83%D9%85%D9%87-%D8%A8%D9%86%D8%B5-%D8%B3%D8%A7%D8%B9%D9%87-ID207829571.html","2026-05-09 13:57:26.17","dubizzle","2026-05-09 13:57:26.17","2026-05-09 20:37:05.561302"
1660,"00ce3b695536a33a24201177dec8d62d",15500000,"Badr City, Cairo","","","",490,"Residential","","","https://www.dubizzle.com.eg/en/ad/%D8%A7%D9%81%D8%B6%D9%84-%D8%B9%D9%85%D8%A7%D8%B1%D8%A9-%D9%81%D9%89-%D8%A7%D9%84%D9%85%D8%AA%D9%85%D9%8A%D8%B2-490-%D9%85%D8%AA%D8%B1-%D9%86%D8%B5-%D8%AA%D8%B4%D8%B7%D9%8A%D8%A8-%D8%B9%D9%84%D9%89-%D8%A7%D9%84%D8%AD%D8%B2%D8%A7%D9%85-%D8%A7%D9%84%D8%A3%D8%AE%D8%B6%D8%B1-%D9%85%D8%A8%D8%A7%D8%B4%D8%B1-ID503485822.html","2026-05-09 13:57:26.404","dubizzle","2026-05-09 13:57:26.404","2026-05-09 20:37:05.972099"
1661,"516479318c2e8444493054d30cffa227",16000,"Rehab City, New Cairo","","2",1,90,"Apartment","Unfurnished","","https://www.dubizzle.com.eg/en/ad/for-rent-an-apartment-according-to-law-90-meters-rehab-1-at-a-suitable-price-ID503485819.html","2026-05-09 13:57:26.634","dubizzle","2026-05-09 13:57:26.634","2026-05-09 20:37:06.381329"
1662,"c197ba3022870b7f432e20640279c89b",13000000,"Rock Eden, Hadayek October","","5",4,539,"Stand Alone Villa","Unfurnished","Balcony, Built in Kitchen Appliances, Private Garden, Security, Covered Parking, Maids Room, Pets Allowed, Pool, Electricity Meter, Water Meter, Landline","https://www.dubizzle.com.eg/en/ad/the-most-distinctive-villa-in-the-compound-with-a-very-large-area-and-a-spacious-garden-sheikh-zayed-side-msa-ID503485816.html","2026-05-09 13:57:26.866","dubizzle","2026-05-09 13:57:26.866","2026-05-09 20:37:06.921336"
1663,"839269c84fe7c575b167b807d7595a54",10500000,"Rehab City, New Cairo","","3",2,182,"Apartment","Unfurnished","Balcony, Built in Kitchen Appliances, Private Garden, Security, Pets Allowed, Pool, Electricity Meter, Water Meter, Natural Gas, Landline","https://www.dubizzle.com.eg/en/ad/apartment-for-sale-in-al-rehab-2-phase-7-new-cairo-a-beautifully-finished-apartment-in-a-prime-location-perfect-for-luxury-living-ID503142691.html","2026-05-09 13:57:27.095","dubizzle","2026-05-09 13:57:27.095","2026-05-09 20:37:07.63003"
1664,"007532dfaaeecf8c707ac5ba57d593ca",13000,"Madinaty, Cairo","","2",1,78,"Apartment","Unfurnished","Security, Covered Parking, Pets Allowed, Electricity Meter, Water Meter, Elevator","https://www.dubizzle.com.eg/en/ad/%D9%85%D8%AF%D9%8A%D9%86%D8%AA%D9%8A-ID207889246.html","2026-05-09 13:57:27.323","dubizzle","2026-05-09 13:57:27.323","2026-05-09 20:37:08.419599"
1665,"72a905d07c3f1753be59822ea61203a0",11000000,"Al Tawabek, Faisal","","","",50,"Restaurant & Cafe","Unfurnished","","https://www.dubizzle.com.eg/en/ad/%D9%85%D8%AD%D9%84-%D8%AA%D8%AC%D8%A7%D8%B1%D9%8A-%D9%81%D9%8A-%D9%85%D9%86%D8%B7%D9%82%D8%A9-%D8%AA%D8%AC%D8%A7%D8%B1%D9%8A%D8%A9-%D8%AC%D8%AF%D8%A7-%D9%86%D8%A7%D8%B5%D9%8A%D8%A9-ID207889219.html","2026-05-09 13:57:27.553","dubizzle","2026-05-09 13:57:27.553","2026-05-09 20:37:08.932525"
1666,"8241f762af9ee35159a7787677eb1c59",110000,"Corniche El Maadi, Maadi","","3",2,220,"Hotel Apartment","Furnished","Balcony, Built in Kitchen Appliances, Private Garden, Central A/C & heating, Security, Pets Allowed, Pool, Electricity Meter, Water Meter, Natural Gas, Landline","https://www.dubizzle.com.eg/en/ad/luxury-furnished-apartment-for-rent-maadi-direct-nile-view-enjoy-a-luxurious-lifestyle-with-a-direct-nile-view-in-a-prime-location-in-maad-ID503327698.html","2026-05-09 13:57:27.782","dubizzle","2026-05-09 13:57:27.782","2026-05-09 20:37:09.529561"
1667,"d0f7e18ebfd989ed98bd4ba154cb551b",25000000,"Rehab City, New Cairo","","4",4,350,"Twin House","Unfurnished","Balcony, Built in Kitchen Appliances, Private Garden, Security, Pets Allowed, Pool, Electricity Meter, Water Meter, Natural Gas, Landline","https://www.dubizzle.com.eg/en/ad/villa-for-sale-group-villa-in-al-rehab-model-j-a-great-opportunity-to-own-a-premium-villa-in-al-rehab-city-ID503303002.html","2026-05-09 13:57:28.014","dubizzle","2026-05-09 13:57:28.014","2026-05-09 20:37:10.199518"
1668,"42398c5fea83c848fa91cf9698b610b3",5072000,"New October, 6th of October","","","",436,"Residential","","","https://www.dubizzle.com.eg/en/ad/%D8%A3%D8%B1%D8%B6-%D9%84%D9%84%D8%A8%D9%8A%D8%B9-%D8%A8%D9%8A%D8%AA-%D8%A7%D9%84%D9%88%D8%B7%D9%86-%D8%A3%D9%83%D8%AA%D9%88%D8%A8%D8%B1-%D8%A7%D9%84%D8%AC%D8%AF%D9%8A%D8%AF%D8%A9-%D8%A7%D9%84%D8%AD%D9%8A-%D8%A7%D9%84%D8%AB%D8%A7%D9%84%D8%AB-%D9%85%D8%AC%D8%A7%D9%88%D8%B1%D8%A9-5-%D8%B9%D9%84%D9%89-%D8%A7%D9%84%D8%B1%D8%A6%D9%8A%D8%B3%D9%8A-%D9%85%D8%A8%D8%A7%D8%B4%D8%B1%D8%A9-436%D9%85-%D9%81%D8%B1%D8%B5%D8%A9-%D8%A7%D8%B3%D8%AA%D8%AB%D9%85%D8%A7%D8%B1%D9%8A%D8%A9-%D9%85%D9%85%D9%8A%D8%B2%D8%A9-ID503485814.html","2026-05-09 13:57:28.246","dubizzle","2026-05-09 13:57:28.246","2026-05-09 20:37:11.039687"
1669,"d202d8d1bceb2a7c88f70e2c6408ca8a",17500,"El Lotus, 5th Settlement","","3",2,190,"Apartment","Unfurnished","Balcony, Security, Covered Parking, Pets Allowed, Electricity Meter, Elevator","https://www.dubizzle.com.eg/en/ad/a-distinctive-apartment-for-rent-in-fifth-settlement-north-lotus-ID503485811.html","2026-05-09 13:57:28.479","dubizzle","2026-05-09 13:57:28.479","2026-05-09 20:37:11.769287"
1670,"2248e1b377540114e49f876ee933e208",7500000,"Rehab City, New Cairo","","3",3,122,"Apartment","Furnished","Built in Kitchen Appliances, Private Garden, Central A/C & heating, Security, Pets Allowed, Pool, Electricity Meter, Water Meter, Natural Gas, Landline","https://www.dubizzle.com.eg/en/ad/ground-floor-apartment-for-sale-with-garden-fully-furnished-equipped-rehab-2-new-cairo-a-great-opportunity-for-luxury-living-or-investment-ID503331273.html","2026-05-09 13:57:28.731","dubizzle","2026-05-09 13:57:28.731","2026-05-09 20:37:12.472012"
1671,"3643ed5587ee7d0a3986732d04eb43b0",19500000,"EL Patio 3, 5th Settlement","","4",5,240,"Town House","Unfurnished","Balcony, Private Garden, Central A/C & heating, Security, Maids Room, Pets Allowed, Pool, Electricity Meter, Water Meter, Natural Gas, Landline","https://www.dubizzle.com.eg/en/ad/townhouse-for-sale-in-el-patio-3-compound-prime-opportunity-a-great-deal-for-quick-sale-in-one-of-the-most-sought-after-compounds-ID503318872.html","2026-05-09 13:57:28.962","dubizzle","2026-05-09 13:57:28.962","2026-05-09 20:37:13.089116"
1672,"c403bf17d9b719531c8d7d5ed3dbab31",4800000,"Alamat Town Mall, 6th of October","","","",36,"Clinic","","Security","https://www.dubizzle.com.eg/en/ad/for-sale-fully-finished-clinic-with-air-conditioning-49-sq-m-in-alamat-mall-near-plaza-mall-val-plaza-family-mall-cityscape-and-raywest-ID503485812.html","2026-05-09 13:57:29.193","dubizzle","2026-05-09 13:57:29.193","2026-05-09 20:37:13.769051"
1673,"31bbd9685b785fbc7c22a53c2bcbc57c",4000000,"The Icon Residence Compound, 5th Settlement","","3",2,147,"Apartment","Unfurnished","","https://www.dubizzle.com.eg/en/ad/a-nautical-apartment-with-a-double-view-on-the-landscape-in-the-icon-compound-in-the-heart-of-the-fifth-settlement-direct-on-90th-street-ID503372361.html","2026-05-09 13:57:29.431","dubizzle","2026-05-09 13:57:29.431","2026-05-09 20:37:14.589052"
1674,"a79838b1368d75fea5f77481d6803eaf",11600000,"Hyde Park New Cairo Compound, 5th Settlement","","3",3,221,"Apartment","Unfurnished","Private Garden, Covered Parking, Pets Allowed, Natural Gas","https://www.dubizzle.com.eg/en/ad/apartment-for-sale-ready-to-move-hyde-park-5th-settlement-new-cairo-ID502449680.html","2026-05-09 13:57:29.659","dubizzle","2026-05-09 13:57:29.659","2026-05-09 20:37:15.139171"
1675,"cc414b88269e092168cea894d802758d",5600000,"Sarai, Mostakbal City","","3",3,172,"Apartment","Unfurnished","Balcony, Security","https://www.dubizzle.com.eg/en/ad/corner-apartment-for-sale-ready-to-move-open-view-at-the-lowest-price-inside-sarai-compound-ID503480593.html","2026-05-09 13:57:29.902","dubizzle","2026-05-09 13:57:29.902","2026-05-09 20:37:16.099605"
1676,"96f3028951521d42f9b5e78c8428e946",6500000,"Taj City Compound, 1st Settlement","","2",1,133,"Apartment","","Balcony, Built in Kitchen Appliances, Private Garden, Security, Covered Parking, Pets Allowed, Pool, Electricity Meter, Water Meter, Natural Gas","https://www.dubizzle.com.eg/en/ad/apartment-for-sale-in-taj-city-new-cairo-ready-to-move-phase-zone-t-mnhd-ID502779341.html","2026-05-09 13:57:30.133","dubizzle","2026-05-09 13:57:30.133","2026-05-09 20:37:16.629052"
1677,"75efdb912ef988ad5bd3b6c5ea58fbe8",10000000,"La Vista City, New Capital City","","4",3,265,"Town House","Unfurnished","Balcony, Private Garden, Security, Pool","https://www.dubizzle.com.eg/en/ad/fully-finished-townhouse-for-sale-with-immediate-delivery-in-a-prime-location-and-stunning-view-at-la-vista-compound-new-cairo-ID503481922.html","2026-05-09 13:57:30.365","dubizzle","2026-05-09 13:57:30.365","2026-05-09 20:37:17.489142"
1678,"484bdbf1ebd6e7d487e9cf17d8195fe3",5403535,"Ray Residence, New Capital City","","2",3,141,"Apartment","Unfurnished","Built in Kitchen Appliances, Private Garden, Security, Pool, Landline","https://www.dubizzle.com.eg/en/ad/2-bedroom-apartment-141m-13m-garden-on-boulevard-in-new-capital-ID503483168.html","2026-05-09 13:57:30.596","dubizzle","2026-05-09 13:57:30.596","2026-05-09 20:37:17.979235"
1679,"d97e93a206cbf3dfbb56cac4efefea64",4000000,"The MarQ Compound, 5th Settlement","","4",4,210,"Stand Alone Villa","Unfurnished","","https://www.dubizzle.com.eg/en/ad/villa-for-sale-fully-finished-with-air-conditioning-in-the-best-location-in-the-heart-of-the-fifth-settlement-ID503480494.html","2026-05-09 13:57:30.84","dubizzle","2026-05-09 13:57:30.84","2026-05-09 20:37:18.434484"
1680,"5bcbf2f3ca9f80b2cab26e95bc7afb97",15000000,"Mountain View 1.1, 5th Settlement","","4",5,210,"Town House","Unfurnished","Private Garden, Covered Parking, Pets Allowed, Pool, Electricity Meter, Water Meter, Natural Gas, Landline","https://www.dubizzle.com.eg/en/ad/receive-immediately-a-3-storey-finished-villa-with-a-swimming-pool-in-mountain-view-fifth-settlement-next-to-auc-and-bue-and-near-the-waterway-hyde-park-cfc-and-mivida-ID503479500.html","2026-05-09 13:57:31.067","dubizzle","2026-05-09 13:57:31.067","2026-05-09 20:37:18.959362"
1681,"31f5d8369fcf66d309ac2fc9712f95de",14000000,"Amwaj, Sidi Abdel Rahman","","5",6,409,"Twin House","Unfurnished","Built in Kitchen Appliances, Private Garden, Covered Parking, Pets Allowed, Pool, Electricity Meter, Water Meter, Natural Gas, Landline","https://www.dubizzle.com.eg/en/ad/villa-with-hotel-services-on-the-1st-row-by-the-sea-with-a-swimming-pool-finished-with-air-conditioning-and-a-kitchen-5-rooms-next-to-marassi-hacienda-bay-hills-and-stella-heights-ID503477672.html","2026-05-09 13:57:31.298","dubizzle","2026-05-09 13:57:31.298","2026-05-09 20:37:19.379226"
1682,"0cb7ee4bdfde61ee2ac366964868c965",14000000,"Shorouk City, Cairo","","4",4,280,"Town House","Unfurnished","Private Garden, Security","https://www.dubizzle.com.eg/en/ad/ready-to-move-villa-in-elshrouk-city-with-private-pool-ID503483268.html","2026-05-09 13:57:31.537","dubizzle","2026-05-09 13:57:31.537","2026-05-09 20:37:19.839286"
1683,"43da756b3c889abf51558e8d6600d1f5",5500,"Degla, Maadi","","3",3,220,"Penthouse","Furnished","Balcony, Built in Kitchen Appliances, Natural Gas, Landline, Elevator","https://www.dubizzle.com.eg/en/ad/elegant-3br-penthouse-with-rooftop-terrace-degla-maadi-ID503485102.html","2026-05-09 13:57:31.766","dubizzle","2026-05-09 13:57:31.766","2026-05-09 20:37:20.281502"
1684,"39dadf433b76a8d20685478284927901",1450000,"Hadayek al-Ahram, Giza","","2",2,80,"Apartment","Unfurnished","Electricity Meter, Water Meter, Natural Gas, Landline","https://www.dubizzle.com.eg/en/ad/apartment-for-sale-80-sqm-hadayek-al-ahram-gate-2-area-w-first-use-first-floor-2-bedrooms-2-bathrooms-near-services-and-smart-way-school-ID503485067.html","2026-05-09 13:57:31.993","dubizzle","2026-05-09 13:57:31.993","2026-05-09 20:37:20.779292"
1685,"e0040222dd85859b9b3e10aa12e5f809",18000,"Crystal Plaza, Zahraa Al Maadi","","3",2,170,"Apartment","Unfurnished","Pool","https://www.dubizzle.com.eg/en/ad/apartment-for-rent-in-crystal-plaza-compound-in-zahraa-el-maadi-170-square-meters-first-occupancy-ID503485081.html","2026-05-09 13:57:32.222","dubizzle","2026-05-09 13:57:32.222","2026-05-09 20:37:21.179998"
1686,"10d2db2d377a0907be797186bbd0c2a8",19000000,"La Vista Ras El Hikma, Ras Al Hekma","","3",3,140,"Stand Alone Villa","","Built in Kitchen Appliances, Private Garden, Covered Parking, Pets Allowed, Pool, Electricity Meter, Water Meter","https://www.dubizzle.com.eg/en/ad/the-lowest-price-for-a-villa-in-the-north-coast-with-immediate-delivery-finished-with-an-open-view-of-the-sea-ID503485020.html","2026-05-09 13:57:32.452","dubizzle","2026-05-09 13:57:32.452","2026-05-09 20:37:22.015216"
1687,"50ab8f147e394639effa68dd8ad5f5a2",5522000,"New Damietta, Damietta","","4",3,225,"Apartment","Unfurnished","Balcony, Security, Covered Parking, Elevator","https://www.dubizzle.com.eg/en/ad/corner-apartment-immediate-handover-received-with-meters-225m-near-horus-university-ID503485057.html","2026-05-09 13:57:32.681","dubizzle","2026-05-09 13:57:32.681","2026-05-09 20:37:23.004962"
1688,"d9ced9e188b116470af8a9c1a46e5b26",5580000,"Marina 5, Alamein","","2",1,80,"Chalet","Furnished","Balcony, Built in Kitchen Appliances, Private Garden, Central A/C & heating, Security, Sea View, Gym, Pool, Electricity Meter, Water Meter, Elevator","https://www.dubizzle.com.eg/en/ad/vip-chalet-in-marina-5-two-master-bedrooms-with-dressing-rooms-private-beach-immediate-occupancy-hotel-finishing-ID503485049.html","2026-05-09 13:57:32.911","dubizzle","2026-05-09 13:57:32.911","2026-05-09 20:37:23.951168"
1689,"9d2405fcc6e630dd9f559b6d222fccdd",22000000,"Hyde Park New Cairo Compound, 5th Settlement","","5",4,256,"Town House","Unfurnished","","https://www.dubizzle.com.eg/en/ad/townhouse-in-hyde-park-256-sq-m-ready-to-move-town-house-in-hyde-park-finished-modern-design-prime-view-fifth-settlement-hyde-park-new-cairo-ID503463660.html","2026-05-09 13:57:33.141","dubizzle","2026-05-09 13:57:33.141","2026-05-09 20:37:25.483037"
1690,"d2e0c3fa33ecc5678710252a9fd27c78",7200000,"Hyde Park New Cairo Compound, 5th Settlement","","3",3,175,"Apartment","","Balcony, Built in Kitchen Appliances, Private Garden, Central A/C & heating, Security, Covered Parking, Pets Allowed, Pool, Electricity Meter, Water Meter, Natural Gas, Landline","https://www.dubizzle.com.eg/en/ad/apartment-for-sale-175m-3bedrooms-near-occupancy-in-hyde-park-compound-fifth-settlement-directly-on-90th-street-next-to-the-american-university-ID503181754.html","2026-05-09 13:57:33.371","dubizzle","2026-05-09 13:57:33.371","2026-05-09 20:37:27.919741"
1691,"4d037ffc10d72f375ea9673d7958a554",14700000,"Hyde Park New Cairo Compound, 5th Settlement","","4",4,264,"Duplex","Unfurnished","","https://www.dubizzle.com.eg/en/ad/ready-to-move-duplex-264-m-for-sale-with-4-bedrooms-in-compound-hyde-park-new-cairo-with-very-prime-location-view-landscape-ID502607322.html","2026-05-09 13:57:33.601","dubizzle","2026-05-09 13:57:33.601","2026-05-09 20:37:28.419719"
1692,"74c7e2188b1d839a5d09a56712e08163",110000,"Mivida Compound, 5th Settlement","","4",4,191,"Apartment","Furnished","","https://www.dubizzle.com.eg/en/ad/hot-deal-191-sqm-furnished-apartment-in-mivida-with-pool-view-ID503485035.html","2026-05-09 13:57:33.829","dubizzle","2026-05-09 13:57:33.829","2026-05-09 20:37:28.960142"
1693,"39410f6f21a5019010e47660b78f9566",4970000,"North Rehab, 1st Settlement","","3",3,163,"Apartment","Unfurnished","Covered Parking, Electricity Meter, Water Meter, Natural Gas, Landline, Elevator","https://www.dubizzle.com.eg/en/ad/apartment-163m2-front-facing-on-a-32m-wide-street-in-north-rehab-immediate-occupancy-and-installments-over-36-months-ID503295181.html","2026-05-09 13:57:34.069","dubizzle","2026-05-09 13:57:34.069","2026-05-09 20:37:29.449683"
1694,"ff5695e25f1d6dccad79534c7d1cf633",10975000,"Lyv, Ras Al Hekma","","3",2,105,"Chalet","Unfurnished","Balcony, Security, Gym, Pool, Elevator","https://www.dubizzle.com.eg/en/ad/%D8%B1%D8%A3%D8%B3-%D8%A7%D9%84%D8%AD%D9%83%D9%85%D8%A9-%D9%85%D9%86-%D8%A7%D9%84%D9%85%D8%A7%D9%84%D9%83-%D9%85%D8%A8%D8%A7%D8%B4%D8%B1-%D8%A7%D8%B3%D8%AA%D9%84%D8%A7%D9%85-%D8%B7%D8%B1%D8%AD-%D8%A7%D9%88%D9%84-lyv-%D8%B4%D8%A7%D9%84%D9%8A%D8%A9-%D8%AA%D8%AD%D9%81%D8%A9-ID205555455.html","2026-05-09 13:57:34.31","dubizzle","2026-05-09 13:57:34.31","2026-05-09 20:37:29.833412"
1695,"36385e80a3c82c3b114b33e3aa490dae",16000,"Nasr City, Cairo","","2",1,120,"Apartment","","","https://www.dubizzle.com.eg/en/ad/administrative-or-residential-apartment-for-rent-on-anwar-al-mufti-main-street-nasr-city-two-steps-from-abbas-el-akkad-main-street-taiba-mall-and-al-nasr-road-ID503484770.html","2026-05-09 13:57:34.542","dubizzle","2026-05-09 13:57:34.542","2026-05-09 20:37:30.209759"
1696,"a0f2839596c2894e5a373cb762640bd9",18000,"Rehab City, New Cairo","","3",2,105,"Apartment","Unfurnished","Balcony, Built in Kitchen Appliances, Private Garden, Security, Landline","https://www.dubizzle.com.eg/en/ad/qanun-apartment-for-rent-in-new-cairo-al-rehab-city-first-phase-very-special-location-in-front-of-the-medical-complex-and-steps-from-the-old-market-ID503480352.html","2026-05-09 13:57:34.772","dubizzle","2026-05-09 13:57:34.772","2026-05-09 20:37:30.609504"
1697,"c73c8fafccb67511c356bba2615e27a2",88000000,"Hayah Residence Compound, Shorouk City","","7",10,2700,"Stand Alone Villa","Furnished","Private Garden, Pool","https://www.dubizzle.com.eg/en/ad/exceptional-villa-for-sale-in-el-shorouk-city-located-in-one-of-the-finest-compounds-al-hayah-residence-ID503485021.html","2026-05-09 13:57:35.004","dubizzle","2026-05-09 13:57:35.004","2026-05-09 20:37:31.009548"
1698,"6d80706f1bd7132059fcbdc2e65084cb",2000,"Masaken Sheraton, Sheraton","","2",2,120,"Apartment","Furnished","Built in Kitchen Appliances, Private Garden, Central A/C & heating, Security, Elevator","https://www.dubizzle.com.eg/en/ad/sheraton-airport-residences-next-to-radisson-blu-hotel-ID503484952.html","2026-05-09 13:57:35.233","dubizzle","2026-05-09 13:57:35.233","2026-05-09 20:37:31.402437"
1699,"2f508f7d647e6b41d4c50672598c71d9",80000,"Madinaty, Cairo","","3",3,240,"Stand Alone Villa","Furnished","Balcony, Private Garden, Security, Maids Room, Water Meter, Landline","https://www.dubizzle.com.eg/en/ad/furnished-villa-for-rent-steps-from-services-with-an-open-view-fully-air-conditioned-ID503484931.html","2026-05-09 13:57:35.465","dubizzle","2026-05-09 13:57:35.465","2026-05-09 20:37:31.780103"
1700,"459093ea5001b0fa2f31f7d96fc4efe0",16000,"Nasr City, Cairo","","","",120,"Office Space","","","https://www.dubizzle.com.eg/en/ad/office-for-rent-on-anwar-al-mufti-main-street-nasr-city-two-steps-from-abbas-al-akkad-main-and-tiba-mall-and-al-nasr-road-ID503484775.html","2026-05-09 13:57:35.701","dubizzle","2026-05-09 13:57:35.701","2026-05-09 20:37:32.149959"
1701,"a01176a73ee7e4cc2c86205bc9acd871",80000,"Nasr City, Cairo","","","",350,"Retail","Unfurnished","","https://www.dubizzle.com.eg/en/ad/shop-for-rent-in-a-prime-location-at-the-end-of-makram-ebeid-in-the-cafs-and-restaurants-district-a-vibrant-and-high-traffic-area-finished-by-the-owner-with-super-deluxe-finishing-ID503484988.html","2026-05-09 13:57:35.937","dubizzle","2026-05-09 13:57:35.937","2026-05-09 20:37:32.519672"
1702,"81cdfea81ab4f13b874c2f9867fd4d73",35000000,"5th Settlement, New Cairo","","10",10,1287,"Stand Alone Villa","","","https://www.dubizzle.com.eg/en/ad/%D9%82%D8%B5%D8%B1-%D9%85%D9%84%D9%83%D9%8A-%D9%81%D8%A7%D8%AE%D8%B1-%D8%AC%D8%A7%D9%87%D8%B2-%D9%84%D9%84%D8%A7%D8%B3%D8%AA%D9%84%D8%A7%D9%85-%D9%85%D8%B9%D8%B1%D9%88%D8%B6-%D9%84%D9%84%D8%A8%D9%8A%D8%B9-%D9%81%D9%8A-%D8%A7%D9%84%D8%AA%D8%AC%D9%85%D8%B9-%D8%A7%D9%84%D8%AE%D8%A7%D9%85%D8%B3-ID503485002.html","2026-05-09 13:57:36.166","dubizzle","2026-05-09 13:57:36.166","2026-05-09 20:37:32.889516"
1703,"467009cfd927e1b2a41c173bd6128f75",820000,"Nakheel, Alexandria","","2",1,135,"Apartment","Unfurnished","","https://www.dubizzle.com.eg/en/ad/%D9%84%D9%84%D8%A8%D9%8A%D8%B9-%D8%B4%D9%82%D9%87-%D8%A3%D8%B1%D8%B6%D9%89-%D8%A8%D9%85%D8%AF%D8%AE%D9%84-%D8%AE%D8%A7%D8%B5-%D9%81%D9%89-%D8%A7%D9%84%D9%83%D9%8A%D9%84%D9%88-21-%D8%B4%D8%A7%D8%B7%D8%A6-%D8%A7%D9%84%D9%86%D8%AE%D9%8A%D9%84-%D8%AF%D9%82%D8%A7%D8%A6%D9%82-%D9%84%D9%84%D8%A8%D8%AD%D8%B1-%D9%88%D8%A7%D9%84%D8%A3%D8%B3%D9%88%D8%A7%D9%82-%D9%85%D8%B3%D8%AC%D9%84%D8%A9-%D9%83%D8%A7%D9%85%D9%84%D8%A9-%D8%A7%D9%84%D9%85%D8%B1%D8%A7%D9%81%D9%82-ID503127465.html","2026-05-09 13:57:36.399","dubizzle","2026-05-09 13:57:36.399","2026-05-09 20:37:33.259816"
1704,"7a42207f12a587c24c53398837dd0226",60000,"El Banafseg 1, 1st Settlement","","3",2,200,"Apartment","Furnished","Balcony, Central A/C & heating, Covered Parking, Electricity Meter, Water Meter, Natural Gas, Elevator","https://www.dubizzle.com.eg/en/ad/furnished-apartment-for-rent-in-al-banafseg-villas-first-settlement-ID503485807.html","2026-05-09 13:57:36.63","dubizzle","2026-05-09 13:57:36.63","2026-05-09 20:37:33.669952"
1705,"b14f6b9afa1a6b21bca72e234809c4d7",20000,"Al Narges, 5th Settlement","","","",170,"Office Space","Unfurnished","Security","https://www.dubizzle.com.eg/en/ad/air-conditioned-basement-for-rent-in-al-narges-villas-fifth-settlement-ID503485810.html","2026-05-09 13:57:36.866","dubizzle","2026-05-09 13:57:36.866","2026-05-09 20:37:34.080422"
1706,"3b97587c03a20204d2fdcf8e6fb9e1c9",30000,"1st Settlement, New Cairo","","","",170,"Office Space","Unfurnished","Covered Parking","https://www.dubizzle.com.eg/en/ad/administrative-basement-with-private-entrance-for-rent-in-the-first-settlement-behind-mirage-ID503485808.html","2026-05-09 13:57:37.094","dubizzle","2026-05-09 13:57:37.094","2026-05-09 20:37:34.469892"
1707,"ced324acffcf989cdc071611250af4c4",45000,"Suez District, Suez","","","",311.8,"Any Use","","","https://www.dubizzle.com.eg/en/ad/%D8%A7%D8%B1%D8%B6-%D9%85%D9%85%D9%8A%D8%B2%D9%87-%D9%88-%D8%AC%D8%A7%D9%87%D8%B2%D9%87-%D9%84%D9%84%D8%A8%D9%86%D8%A7%D8%A1-%D8%A7%D9%84%D9%81%D9%88%D8%B1%D9%89-%D9%84%D9%84%D8%A8%D9%8A%D8%B9-%D9%81%D9%89-%D8%A7%D9%84%D8%B3%D9%88%D9%8A%D8%B3-ID207889153.html","2026-05-09 13:57:37.33","dubizzle","2026-05-09 13:57:37.33","2026-05-09 20:37:34.849519"
1708,"8cd52cc91774edd726ad05e62bc873de",1200000,"10th of Ramadan, Sharqia","","","",30,"Retail","Unfurnished","","https://www.dubizzle.com.eg/en/ad/%D8%B9%D8%AF%D8%AF-1-%D9%85%D8%AD%D9%84-%D8%AA%D8%AC%D8%A7%D8%B1%D9%8A-%D8%AF%D9%88%D8%B1-%D8%A7%D8%B1%D8%B6%D9%8A-%D9%81%D9%8A-%D8%B3%D9%86%D8%AA%D8%B1-%D8%A7%D9%84%D9%85%D8%AC%D8%A7%D9%88%D8%B1%D8%A9-45-ID205253842.html","2026-05-09 13:57:37.567","dubizzle","2026-05-09 13:57:37.567","2026-05-09 20:37:35.26013"
1709,"f874c9de22e18a55885e116a55e82ea5",50000,"5th Settlement, New Cairo","","3",3,350,"Apartment","Unfurnished","Balcony, Private Garden, Pets Allowed, Electricity Meter, Water Meter, Natural Gas, Landline","https://www.dubizzle.com.eg/en/ad/%D8%AF%D9%88%D8%B1-%D8%A7%D8%B1%D8%B6%D9%8A-%D9%85%D8%B1%D8%AA%D9%81%D8%B9-%D9%83%D8%A7%D9%85%D9%84-%D8%A8%D9%81%D9%8A%D9%84%D8%A7-%D8%AE%D8%A7%D8%B5%D9%87-ID207686431.html","2026-05-09 13:57:37.804","dubizzle","2026-05-09 13:57:37.804","2026-05-09 20:37:35.659782"
1710,"f162069db0f2c5ee1d3b426b3138fe68",830000,"Nakheel, Alexandria","","2",1,95,"Apartment","Unfurnished","","https://www.dubizzle.com.eg/en/ad/%D8%B4%D9%82%D9%87-%D9%81%D9%89-%D8%A7%D9%84%D8%B9%D8%AC%D9%85%D9%8A-%D8%B4%D8%A7%D8%B7%D8%A6-%D8%A7%D9%84%D9%86%D8%AE%D9%8A%D9%84-%D8%A8%D8%AC%D9%88%D8%A7%D8%B1-%D8%A7%D9%84%D8%AE%D8%AF%D9%85%D8%A7%D8%AA-%D9%88%D8%A7%D9%84%D8%A3%D8%B3%D9%88%D8%A7%D9%82-%D8%AF%D9%82%D8%A7%D8%A6%D9%82-%D9%84%D9%84%D8%A8%D8%AD%D8%B1-%D9%85%D8%B3%D8%AC%D9%84%D8%A9-%D9%83%D8%A7%D9%85%D9%84%D8%A9-%D8%A7%D9%84%D9%85%D8%B1%D8%A7%D9%81%D9%82-ID503235909.html","2026-05-09 13:57:38.034","dubizzle","2026-05-09 13:57:38.034","2026-05-09 20:37:36.059874"
1711,"f0d18f2bba6070a24ca83e6315825400",7200000,"El Khamayel Compound, Sheikh Zayed","","3",2,160,"Apartment","Unfurnished","Balcony, Private Garden, Security, Covered Parking, Pets Allowed, Pool, Electricity Meter, Water Meter, Natural Gas, Landline","https://www.dubizzle.com.eg/en/ad/ground-floor-apartment-with-a-very-distinctive-garden-for-sale-complete-with-kitchen-and-air-conditioning-in-al-khamael-compound-sheikh-zayed-3rd-ID503485806.html","2026-05-09 13:57:38.269","dubizzle","2026-05-09 13:57:38.269","2026-05-09 20:37:36.439952"
1712,"cd458d3f35bbe41a2e857e909878a01f",5000000,"Talala, New Heliopolis","","2",2,115,"Apartment","Unfurnished","Pool","https://www.dubizzle.com.eg/en/ad/apartment-for-sale-fully-finished-first-row-on-elagon-in-new-cairo-ID503485804.html","2026-05-09 13:57:38.514","dubizzle","2026-05-09 13:57:38.514","2026-05-09 20:37:36.811465"
1713,"22be2b9d03fcaad99d62d504da4cbb6d",9500000,"Diplomats Compound, 5th Settlement","","4",3,330,"Apartment","Unfurnished","Balcony, Security","https://www.dubizzle.com.eg/en/ad/apartment-for-sale-directly-from-the-owner-in-the-diplomats-compound-ID503483205.html","2026-05-09 13:57:38.742","dubizzle","2026-05-09 13:57:38.742","2026-05-09 20:37:37.180178"
1714,"d5fffe9813f0a28735aae40dfd64cd6c",32500000,"Cairo Festival City, 5th Settlement","","3",4,282,"Stand Alone Villa","Unfurnished","Private Garden, Security, Maids Room, Pets Allowed, Pool","https://www.dubizzle.com.eg/en/ad/lowest-price-resale-quatro-villa-ready-to-move-for-sale-at-cairo-festival-city-cfc-ID503483008.html","2026-05-09 13:57:38.971","dubizzle","2026-05-09 13:57:38.971","2026-05-09 20:37:37.569886"
1715,"2af7193eb18215dfb62d186794b1ea1f",6700000,"El Koronfel, 1st Settlement","","3",3,230,"Apartment","Unfurnished","Balcony, Electricity Meter, Water Meter, Natural Gas","https://www.dubizzle.com.eg/en/ad/apartment-for-sale-in-al-qarnafel-1-directly-from-the-owner-immediate-delivery-ID503447340.html","2026-05-09 13:57:39.204","dubizzle","2026-05-09 13:57:39.204","2026-05-09 20:37:37.940475"
1716,"409c4ac46fd1ce4bdc404a70b1a73cc9",2000000,"New Capital City, Cairo","","2",2,150,"Apartment","","Security, Natural Gas, Landline","https://www.dubizzle.com.eg/en/ad/apartment-for-sale-immediate-delivery-with-the-best-view-in-the-capital-overlooking-the-green-river-the-tourist-promenade-and-mohammed-bin-zayed-ID503446733.html","2026-05-09 13:57:39.444","dubizzle","2026-05-09 13:57:39.444","2026-05-09 20:37:38.299972"
1717,"7ed067841ce5d5a035ab9df90f6fa059",289000,"Eastown Compound, 5th Settlement","","","",170,"Office Space","Unfurnished","Air Conditioning, Covered Parking, Security","https://www.dubizzle.com.eg/en/ad/office-for-rent-fully-finished-with-air-conditioning-170-sqm-in-ednc-near-mivida-fifth-settlement-ID503392881.html","2026-05-09 13:57:39.684","dubizzle","2026-05-09 13:57:39.684","2026-05-09 20:37:38.660275"
1718,"6770b324e02335eeb6c310bff781a198",6250000,"South of Academy, 5th Settlement","","3",2,220,"Apartment","Unfurnished","Balcony, Electricity Meter, Water Meter","https://www.dubizzle.com.eg/en/ad/apartment-for-sale-in-south-academy-directly-from-the-owner-opposite-al-futtaim-compound-ID503303703.html","2026-05-09 13:57:39.91","dubizzle","2026-05-09 13:57:39.91","2026-05-09 20:37:39.049983"
1719,"1f94b2bb0e65dbcd0d8c9885be05fd11",2700000,"90 Avenue Compound, 5th Settlement","","3",2,173,"Apartment","","Balcony, Private Garden, Security, Water Meter, Natural Gas, Landline","https://www.dubizzle.com.eg/en/ad/apartment-for-sale-your-unit-is-now-fully-finished-in-the-90-avenue-compound-and-in-the-best-location-in-fifth-settlement-directly-on-90th-street-ID503476133.html","2026-05-09 13:57:40.14","dubizzle","2026-05-09 13:57:40.14","2026-05-09 20:37:39.450005"
1720,"63b99e2ec3800fbdcfbd706bbdcb5164",140000,"Park Street, Sheikh Zayed","","","",90,"Office Space","Furnished","","https://www.dubizzle.com.eg/en/ad/office-for-rent-90-sqm-fully-finished-in-park-street-sheikh-zayed-furnished-or-unfurnished-ID503471744.html","2026-05-09 13:57:40.371","dubizzle","2026-05-09 13:57:40.371","2026-05-09 20:37:39.869874"
1721,"5844ecacc6e1981ada20807092235058",11190,"New Cairo, Cairo","","","",8,"Office Space","Furnished","","https://www.dubizzle.com.eg/en/ad/all-inclusive-access-to-professional-workspace-for-rent-for-1-person-in-new-cairo-east-lane-ID503155249.html","2026-05-09 13:57:40.595","dubizzle","2026-05-09 13:57:40.595","2026-05-09 20:37:40.249757"
1722,"4b8b9eb0162e3bb5deb8b6212cb37e02",5500000,"Azha, Ras Al Hekma","","2",1,110,"Chalet","","Sea View","https://www.dubizzle.com.eg/en/ad/110m-chalet-with-two-bedrooms-finished-with-air-conditioning-and-kitchen-sea-view-for-sale-in-azha-compound-in-ras-el-hekma-next-to-ramla-and-naia-bay-ID503464307.html","2026-05-09 13:57:40.827","dubizzle","2026-05-09 13:57:40.827","2026-05-09 20:37:40.639663"
1723,"b61cf8df9f13e4ab20dd4055094de96d",5300000,"La Vista Ras El Hikma, Ras Al Hekma","","3",2,150,"Chalet","Unfurnished","Balcony, Built in Kitchen Appliances, Private Garden, Security, Sea View, Gym, Pool, Electricity Meter, Water Meter, Elevator","https://www.dubizzle.com.eg/en/ad/ready-to-move-in-chalet-fully-finished-to-european-standards-150-square-meters-with-a-private-garden-in-la-vista-north-coast-full-sea-view-40-dis-ID503466148.html","2026-05-09 13:57:41.059","dubizzle","2026-05-09 13:57:41.059","2026-05-09 20:37:40.999992"
1724,"770f95f94f3a26f7fcfda68191aae21c",4250000,"Dar Misr, 1st Settlement","","3",2,155,"Apartment","Unfurnished","Balcony, Built in Kitchen Appliances, Private Garden, Central A/C & heating, Security, Covered Parking, Maids Room, Pets Allowed, Pool, Electricity Meter, Water Meter, Natural Gas, Landline","https://www.dubizzle.com.eg/en/ad/apartment-for-sale-with-the-lowest-down-payment-and-installments-over-10-years-in-the-heart-of-the-fifth-settlement-in-front-of-the-american-universit-ID503049977.html","2026-05-09 13:57:41.286","dubizzle","2026-05-09 13:57:41.286","2026-05-09 20:37:41.35983"
1725,"63ce94484a7dc848da1da1ec41388d83",3500000,"Nasr City, Cairo","","2",3,131,"Apartment","Unfurnished","Balcony, Built in Kitchen Appliances, Private Garden, Central A/C & heating, Security, Covered Parking, Maids Room, Pets Allowed, Pool, Electricity Meter, Water Meter, Natural Gas, Landline","https://www.dubizzle.com.eg/en/ad/for-an-apartment-garden-for-sale-on-a-landscaped-landscape-directly-in-front-of-the-airport-along-al-thawra-street-ID502802514.html","2026-05-09 13:57:41.517","dubizzle","2026-05-09 13:57:41.517","2026-05-09 20:37:41.749868"
1726,"a94dd38cc56a79876d58a80934c7dbac",34000,"Janna 2, Sheikh Zayed","","3",2,130,"Apartment","Furnished","Balcony, Built in Kitchen Appliances, Private Garden, Central A/C & heating, Security, Covered Parking, Maids Room, Pets Allowed, Pool, Electricity Meter, Water Meter, Natural Gas, Landline, Elevator","https://www.dubizzle.com.eg/en/ad/%D9%83%D9%85%D8%A8%D9%88%D9%86%D8%AF-%D8%AC%D9%86%D8%A9-%D8%B2%D8%A7%D9%8A%D8%AF-2-%D8%A7%D9%84%D8%B4%D9%8A%D8%AE-%D8%B2%D8%A7%D9%8A%D8%AF-%D8%A8%D8%AC%D9%88%D8%A7%D8%B1-%D8%B1%D9%88%D9%8A%D9%84-%D8%B3%D9%8A%D8%AA%D9%8A-ID207883927.html","2026-05-09 13:57:41.746","dubizzle","2026-05-09 13:57:41.746","2026-05-09 20:37:42.109957"
1727,"c79862875d037a9fbd93d62a50335e95",20000,"Nasr City, Cairo","","3",1,160,"Apartment","Unfurnished","","https://www.dubizzle.com.eg/en/ad/apartment-for-rent-in-nasr-city-on-the-main-street-mahdi-aref-super-lux-first-residence-ID503484921.html","2026-05-09 13:57:41.976","dubizzle","2026-05-09 13:57:41.976","2026-05-09 20:37:42.469943"
1728,"eb3b6a9ad80776e17264260623267379",16500000,"Madinaty, Cairo","","3",3,226,"Stand Alone Villa","Furnished","Balcony, Private Garden, Security, Electricity Meter","https://www.dubizzle.com.eg/en/ad/for-sale-in-my-city-villa-model-ii-modern-excellent-location-building-area-191-meters-land-area-226-meters-without-finishing-the-villa-consists-of-ground-floor-reception-kitchen-ID503471817.html","2026-05-09 13:57:42.208","dubizzle","2026-05-09 13:57:42.208","2026-05-09 20:37:42.859558"
1729,"e1db39f0bb2d9e23b4e359c145dce724",45000,"Seashell, Sidi Abdel Rahman","","5",6,440,"Stand Alone Villa","Furnished","","https://www.dubizzle.com.eg/en/ad/villa-for-rent-in-seashell-horizon-north-coast-ID503352185.html","2026-05-09 13:57:42.438","dubizzle","2026-05-09 13:57:42.438","2026-05-09 20:37:43.280246"
1730,"54c73962166d7c3e922cb94a0ff1cc75",14300000,"Noor City, New Capital City","","3",3,213,"Stand Alone Villa","Unfurnished","Balcony, Built in Kitchen Appliances, Private Garden, Central A/C & heating, Security, Covered Parking, Maids Room, Pets Allowed, Pool, Electricity Meter, Water Meter, Natural Gas, Landline","https://www.dubizzle.com.eg/en/ad/forsale-villa-in-noor-city-q2-first-booking-2023-highest-distinction-lowest-total-price-longest-installment-period-garden-view-booking-22023-building-area-213-sq-m-land-area-225-sq-m-delivery-within-months-financial-details-t-ID503320803.html","2026-05-09 13:57:42.667","dubizzle","2026-05-09 13:57:42.667","2026-05-09 20:37:43.669895"
1731,"dc30cf4dc238bc9b93273c0d227ee96a",3500000,"Sarai, Mostakbal City","","2",1,100,"Apartment","Unfurnished","Balcony, Built in Kitchen Appliances, Private Garden, Security, Covered Parking, Pets Allowed, Pool, Electricity Meter, Natural Gas, Landline","https://www.dubizzle.com.eg/en/ad/apartment-for-sale-with-a-monthly-installment-of-egp-15000-over-12-equal-years-own-a-2-bedroom-bahari-fully-open-apartment-in-a-fully-service-ID503276271.html","2026-05-09 13:57:42.913","dubizzle","2026-05-09 13:57:42.913","2026-05-09 20:37:44.059633"
1732,"4c272323457ebb5e6a2adaae050a8bd5",5200000,"Madinaty, Cairo","","3",2,133,"Apartment","Unfurnished","Balcony, Security, Pets Allowed, Electricity Meter, Water Meter, Natural Gas, Landline, Elevator","https://www.dubizzle.com.eg/en/ad/a-distinctive-133m2-apartment-for-sale-in-madinaty-b8-group-87-delivery-within-months-at-the-best-price-and-with-the-longest-payment-plan-ID503455989.html","2026-05-09 13:57:43.153","dubizzle","2026-05-09 13:57:43.153","2026-05-09 20:37:44.45984"
1733,"8290b4b64bd9efc44309369f1a8770ec",19900000,"La Vista City, New Capital City","","4",4,300,"Twin House","Unfurnished","Private Garden, Pool","https://www.dubizzle.com.eg/en/ad/villa-ready-to-move-prime-location-resale-below-developer-price-4-bedrooms-in-la-vista-city-minutes-from-sarai-and-madinaty-for-sale-ID503484960.html","2026-05-09 13:57:43.381","dubizzle","2026-05-09 13:57:43.381","2026-05-09 20:37:44.859892"
1734,"8b9eafe34d17adad0a69d65d90218d19",19000000,"Sodic East, New Heliopolis","","4",4,219,"Town House","Unfurnished","Private Garden","https://www.dubizzle.com.eg/en/ad/for-selling-villa-fully-finished-in-sodic-east-next-to-heliopolis-club-ID503484865.html","2026-05-09 13:57:43.615","dubizzle","2026-05-09 13:57:43.615","2026-05-09 20:37:45.270301"
1735,"e8bbb5519fdd40f9b99b8067d9831835",4500000,"Madinaty, Cairo","","2",1,88,"Apartment","Unfurnished","Balcony, Built in Kitchen Appliances, Private Garden, Central A/C & heating, Security, Covered Parking, Maids Room, Pets Allowed, Pool, Electricity Meter, Water Meter, Natural Gas, Landline","https://www.dubizzle.com.eg/en/ad/for-sale-in-madinaty-apartment-88m-fully-private-finishes-excellent-b6-ID503483814.html","2026-05-09 13:57:43.84","dubizzle","2026-05-09 13:57:43.84","2026-05-09 20:37:45.659808"
1736,"6ee3448aae70d8f9efc8986ff4543807",9300000,"Fifth Square Compound, 5th Settlement","","3",2,155,"Apartment","","Private Garden","https://www.dubizzle.com.eg/en/ad/luxury-apartment-for-sale-in-marasem-fifth-square-new-cairo-fully-finished-with-acs-and-kitchen-prime-location-ready-to-move-in-fifth-settlement-ID503484936.html","2026-05-09 13:57:44.076","dubizzle","2026-05-09 13:57:44.076","2026-05-09 20:37:46.039858"
1737,"50b737fb37b5346141f7fadebc359ed9",30000000,"Cairo Gate, Sheikh Zayed","","3",3,290,"Stand Alone Villa","Unfurnished","Built in Kitchen Appliances, Private Garden, Covered Parking, Pets Allowed, Pool, Electricity Meter, Water Meter, Natural Gas, Landline","https://www.dubizzle.com.eg/en/ad/fully_finshed_stand_alone_villa_lake_view_emmar_ready_to_move_cairo_gate-ID503320052.html","2026-05-09 13:57:44.312","dubizzle","2026-05-09 13:57:44.312","2026-05-09 20:37:46.460344"
1738,"e19f3b17902d801811496d6129f3daa6",11700000,"Makadi Heights, Hurghada","","2",2,115,"Penthouse","Unfurnished","Balcony, Built in Kitchen Appliances, Private Garden, Central A/C & heating, Security, Covered Parking, Pets Allowed, Pool, Electricity Meter, Water Meter, Natural Gas, Landline","https://www.dubizzle.com.eg/en/ad/luxury-penthouse-in-new-gouna-by-orascom-rooftop-lagoon-view-exceptional-investment-opportunity-ID503459356.html","2026-05-09 13:57:44.543","dubizzle","2026-05-09 13:57:44.543","2026-05-09 20:37:46.850345"
1739,"a63d88d0a84ef6dc4ad12a8e73dcd787",18000000,"Soma Bay, Red Sea","","3",3,160,"Chalet","Unfurnished","Balcony, Built in Kitchen Appliances, Private Garden, Central A/C & heating, Security, Sea View, Gym, Pool, Electricity Meter, Water Meter, Elevator","https://www.dubizzle.com.eg/en/ad/ready-to-move-chalet-in-soma-bay-with-sea-view-private-garden-full-finishing-and-acs-in-a-luxury-resort-style-community-ID503459374.html","2026-05-09 13:57:44.774","dubizzle","2026-05-09 13:57:44.774","2026-05-09 20:37:47.239466"
1740,"7914748076d97b733b761b1fe7b92e0f",12000000,"Blanca, Soma Bay","","2",2,139,"Chalet","Unfurnished","Balcony, Built in Kitchen Appliances, Private Garden, Central A/C & heating, Security, Sea View, Gym, Pool, Electricity Meter, Water Meter, Elevator","https://www.dubizzle.com.eg/en/ad/own-a-luxury-chalet-in-soma-bay-sea-view-golf-view-fully-finished-5-down-payment-plan-ID503459383.html","2026-05-09 13:57:45.004","dubizzle","2026-05-09 13:57:45.004","2026-05-09 20:37:47.610088"
1741,"c1a2e970a2a8ba3d7c9c52d5c1b10c4f",6450000,"El Khamayel Compound, Sheikh Zayed","","3",3,205,"Apartment","Unfurnished","Balcony, Private Garden, Security, Pets Allowed, Pool, Water Meter, Natural Gas, Landline, Elevator","https://www.dubizzle.com.eg/en/ad/apartment-in-a-prime-location-open-view-inside-al-khamael-compound-sheikh-zayed-ID503485803.html","2026-05-09 13:57:45.232","dubizzle","2026-05-09 13:57:45.232","2026-05-09 20:37:47.969533"
1742,"95dccff31e061c40e3de341fb7e3c522",15000000,"Bali, Gouna","","2",2,74,"Apartment","Furnished","Balcony, Built in Kitchen Appliances, Private Garden, Central A/C & heating, Security, Covered Parking, Pets Allowed, Pool, Electricity Meter, Water Meter, Natural Gas, Landline","https://www.dubizzle.com.eg/en/ad/luxury-2br-apartment-with-private-pool-bali-inspired-design-in-el-gouna-fully-furnished-spacious-outdoor-area-ready-to-move-ID503336599.html","2026-05-09 13:57:45.713","dubizzle","2026-05-09 13:57:45.713","2026-05-09 20:37:48.350099"
1743,"5668822074a7be7d1353c2a420702b78",17000000,"Bay West, Soma Bay","","2",2,122,"Stand Alone Villa","Furnished","Balcony, Built in Kitchen Appliances, Private Garden, Central A/C & heating, Security, Covered Parking, Pets Allowed, Pool, Electricity Meter, Water Meter, Natural Gas, Landline","https://www.dubizzle.com.eg/en/ad/standalone-2br-villa-for-sale-in-soma-bay-with-direct-sea-pool-view-400-sqm-land-prime-location-high-end-finishing-at-a-great-price-ID503330517.html","2026-05-09 13:57:45.948","dubizzle","2026-05-09 13:57:45.949","2026-05-09 20:37:48.710199"
1744,"844ea7b848e2b6ed314277002dd7b3ab",6100000,"Cali Coast, Ras Al Hekma","","1",2,70,"Chalet","Unfurnished","Balcony, Built in Kitchen Appliances, Private Garden, Central A/C & heating, Security, Sea View, Gym, Pool, Electricity Meter, Water Meter","https://www.dubizzle.com.eg/en/ad/live-the-ultimate-north-coast-lifestyle-in-cali-coast-with-lagoon-view-chalet-early-delivery-flexible-payment-plan-ID503485800.html","2026-05-09 13:57:46.182","dubizzle","2026-05-09 13:57:46.182","2026-05-09 20:37:49.082241"
1745,"8550ce33d215251f732b8895dbb8962e",8000000,"Soma Coves, Soma Bay","","2",2,130,"Chalet","Unfurnished","Balcony, Built in Kitchen Appliances, Private Garden, Central A/C & heating, Security, Sea View, Gym, Pool, Electricity Meter, Water Meter, Elevator","https://www.dubizzle.com.eg/en/ad/launch-coves-2-at-somabay-fully-finished-full-sea-view-chalets-with-5-down-payment-easy-installments-up-to-8-years-and-delivery-in-15-years-ID503485799.html","2026-05-09 13:57:46.412","dubizzle","2026-05-09 13:57:46.412","2026-05-09 20:37:49.460393"
1746,"ee9b9a454ca7c8e2549d4dc58577802d",9000000,"Sarai, Mostakbal City","","4",3,212,"Stand Alone Villa","Unfurnished","Balcony, Private Garden, Security, Covered Parking, Pets Allowed, Natural Gas","https://www.dubizzle.com.eg/en/ad/s-villa-for-sale-with-12-years-installments-in-sarai-compound-new-cairo-ID501222489.html","2026-05-09 13:57:46.642","dubizzle","2026-05-09 13:57:46.642","2026-05-09 20:37:49.85023"
1747,"b3cca437dfedfa0787bda0f6500869b5",26700000,"Eastown Compound, 5th Settlement","","4",4,250,"Duplex","Unfurnished","Balcony, Built in Kitchen Appliances, Private Garden, Central A/C & heating, Security, Covered Parking, Maids Room, Pool, Electricity Meter, Water Meter, Natural Gas, Landline","https://www.dubizzle.com.eg/en/ad/luxury-duplex-in-sodic-eastown-fully-finished-with-acs-private-garden-open-view-prime-new-cairo-location-ideal-for-living-and-investment-ID503485801.html","2026-05-09 13:57:46.871","dubizzle","2026-05-09 13:57:46.871","2026-05-09 20:37:50.219817"
1748,"e00dfa0736636097610a63b0ce5a7731",13500000,"Mesca, Soma Bay","","3",2,165,"Chalet","Unfurnished","Built in Kitchen Appliances, Private Garden, Central A/C & heating, Security, Sea View, Gym, Pool, Electricity Meter, Water Meter, Elevator","https://www.dubizzle.com.eg/en/ad/luxury-fully-finished-chalet-for-sale-in-soma-bay-5-down-payment-with-open-golf-view-and-premium-resort-lifestyle-ID503485802.html","2026-05-09 13:57:47.103","dubizzle","2026-05-09 13:57:47.103","2026-05-09 20:37:50.581945"
1749,"54a063ece6f6ee39f8ff555b0ff1dc27",10290702,"Koun, Ras Al Hekma","","2",1,79,"Chalet","Unfurnished","Private Garden, Pool","https://www.dubizzle.com.eg/en/ad/fully-finished-ground-chalet-with-garden-2-bedrooms-79sqm-in-koun-ras-el-hekma-delivery-2028-ID503485798.html","2026-05-09 13:57:47.335","dubizzle","2026-05-09 13:57:47.335","2026-05-09 20:37:50.95029"
1750,"c731a691338e4aa9a3bb63d6c051c653",31890,"New Cairo, Cairo","","","",15,"Office Space","Furnished","Air Conditioning","https://www.dubizzle.com.eg/en/ad/private-office-space-for-3-persons-in-new-cairo-east-lane-ID501017313.html","2026-05-09 13:57:47.567","dubizzle","2026-05-09 13:57:47.567","2026-05-09 20:37:51.319673"
1751,"7e50c4b0f1580a6de4c2e24c6ec3b2b7",7000000,"Diplomats Compound, 5th Settlement","","3",3,325,"Apartment","Unfurnished","Balcony, Security, Electricity Meter, Water Meter, Elevator","https://www.dubizzle.com.eg/en/ad/roof-for-sale-in-diplomats-compound-ID502999203.html","2026-05-09 13:57:47.796","dubizzle","2026-05-09 13:57:47.796","2026-05-09 20:37:51.689611"
1752,"0f781b932accc592afc33396ead8a4f7",3600000,"Talala, New Heliopolis","","2",2,120,"Apartment","Unfurnished","Balcony, Built in Kitchen Appliances, Private Garden, Central A/C & heating, Covered Parking, Pets Allowed, Pool, Electricity Meter, Water Meter, Natural Gas, Landline","https://www.dubizzle.com.eg/en/ad/apartment-for-sale-fully-finished-with-no-installments-or-secondary-payments-the-compound-has-all-facilities-and-services-just-minutes-from-madina-ID503457171.html","2026-05-09 13:57:48.046","dubizzle","2026-05-09 13:57:48.046","2026-05-09 20:37:52.059715"
1753,"fba36dcea606e4eba135558511eed818",4200000,"Taj City Compound, 1st Settlement","","3",2,132,"Apartment","Unfurnished","Balcony, Private Garden, Central A/C & heating, Security, Maids Room, Pets Allowed, Electricity Meter, Water Meter, Landline","https://www.dubizzle.com.eg/en/ad/apartment-for-sale-in-a-prime-location-in-front-of-cairo-airport-extending-to-heliopolis-the-compound-is-fully-equipped-with-all-services-ID503371176.html","2026-05-09 13:57:48.278","dubizzle","2026-05-09 13:57:48.278","2026-05-09 20:37:52.489789"
1754,"d5c9d1f02a1cf663310e5d7d50fc7a41",13900000,"Mountain View Hyde Park Compound, 5th Settlement","","3",4,300,"Duplex","Unfurnished","Built in Kitchen Appliances, Private Garden, Pool","https://www.dubizzle.com.eg/en/ad/open-view-ready-to-move-3-bedrooms-ivilla-roof-for-sale-in-mountain-view-hyde-park-compound-5th-settlement-new-cairo-ID503483000.html","2026-05-09 13:57:48.509","dubizzle","2026-05-09 13:57:48.509","2026-05-09 20:37:52.850132"
1755,"dc8c2d07d4891f9e5a95c056a3329edd",5900000,"Rock Vera Compound, 5th Settlement","","3",3,153,"Apartment","","Built in Kitchen Appliances, Covered Parking, Pets Allowed, Electricity Meter, Water Meter, Natural Gas, Landline","https://www.dubizzle.com.eg/en/ad/with-a-huge-cash-discount-of-up-to-45-ready-to-move-apartment-in-fifth-settlement-ID503432089.html","2026-05-09 13:57:48.75","dubizzle","2026-05-09 13:57:48.75","2026-05-09 20:37:53.210052"
1756,"d7c4a1548e7007d2b0708e72eed9f8ce",50000,"El Khamayel Compound, Sheikh Zayed","","3",2,168,"Apartment","Unfurnished","Built in Kitchen Appliances, Private Garden","https://www.dubizzle.com.eg/en/ad/apartment-for-rent-with-kitchen-appliances-and-air-conditioning-in-phase-3-high-end-super-deluxe-finishing-in-elkhmayel-compound-sheikh-zayed-ID503478130.html","2026-05-09 13:57:48.999","dubizzle","2026-05-09 13:57:48.999","2026-05-09 20:37:53.57025"
1757,"90f04eef53f774e3e422ff7cb26becc7",13000000,"V Levels Dunes, Sheikh Zayed","","4",4,270,"Town House","Unfurnished","Balcony, Built in Kitchen Appliances, Private Garden, Central A/C & heating, Security, Covered Parking, Maids Room, Pets Allowed, Pool, Electricity Meter, Water Meter, Natural Gas","https://www.dubizzle.com.eg/en/ad/premium-twin-house-prime-located-next-to-beverly-ID503465547.html","2026-05-09 13:57:49.235","dubizzle","2026-05-09 13:57:49.235","2026-05-09 20:37:53.952153"
1758,"546da8656d65ec0441a3655c35fe2304",9845000,"Palm Hills New Cairo Compound, 5th Settlement","","3",3,183,"Apartment","","","https://www.dubizzle.com.eg/en/ad/ready-to-move-183m-apartment-for-sale-includes-club-membership-in-palm-hills-new-cairo-ID503448428.html","2026-05-09 13:57:49.473","dubizzle","2026-05-09 13:57:49.473","2026-05-09 20:37:54.350344"
1759,"0bc2adc58aca699ad632a8d21a469618",10141050,"Lake View Residence 2, 5th Settlement","","2",2,143,"Apartment","","Pets Allowed, Water Meter, Natural Gas, Landline","https://www.dubizzle.com.eg/en/ad/apartment-for-sale-in-lake-view-residence-2-new-cairo-ID503388629.html","2026-05-09 13:57:49.7","dubizzle","2026-05-09 13:57:49.7","2026-05-09 20:37:54.760319"
1760,"a29bc04be75613dd76887f88eb94f7da",5600,"Glim, Alexandria","","4",3,250,"Apartment","Furnished","Balcony, Built in Kitchen Appliances, Central A/C & heating, Security, Covered Parking, Maids Room, Electricity Meter, Water Meter, Natural Gas, Landline, Elevator","https://www.dubizzle.com.eg/en/ad/4-bedrooms-serviced-apartment-with-direct-sea-view-ID503329626.html","2026-05-09 13:57:49.927","dubizzle","2026-05-09 13:57:49.927","2026-05-09 20:37:55.171196"
1761,"64ae097cafa11dbd71d2181aa0d33186",8000000,"New Capital City, Cairo","","1",1,41,"Apartment","Furnished","","https://www.dubizzle.com.eg/en/ad/i-own-a-rare-hotel-asset-in-festival-tower-in-the-administrative-capital-fully-furnished-unit-with-strong-yield-and-ready-operation-inside-a-distinguished-investment-tower-ID503484949.html","2026-05-09 13:57:50.159","dubizzle","2026-05-09 13:57:50.159","2026-05-09 20:37:55.550363"
1762,"349752ca44bb70217c19887f1479be3e",24600000,"Palm hills golf extension Compound, 6th of October","","4",4,375,"Town House","","Balcony, Private Garden, Central A/C & heating, Security, Covered Parking, Pets Allowed, Electricity Meter, Water Meter","https://www.dubizzle.com.eg/en/ad/townhouse-fully-finished-for-sale-with-acs-kitchen-cabinets-ready-to-move-in-golf-extension-palm-hills-6th-of-october-city-ID503484941.html","2026-05-09 13:57:50.402","dubizzle","2026-05-09 13:57:50.402","2026-05-09 20:37:56.180305"
1763,"87b9176def5b586b37ef36dd95e120e2",12980000,"Hyde Park New Cairo Compound, 5th Settlement","","3",4,234,"Duplex","","Balcony, Private Garden, Covered Parking, Electricity Meter","https://www.dubizzle.com.eg/en/ad/duplex-family-house-for-sale-in-hyde-park-new-cairo-under-market-price-prime-location-ready-opportunity-ID503484762.html","2026-05-09 13:57:50.646","dubizzle","2026-05-09 13:57:50.646","2026-05-09 20:37:56.964074"
1764,"08c9c23b9aec003710760f1090a753b8",38000,"Mohandessin, Giza","","","",200,"Office Space","Furnished","","https://www.dubizzle.com.eg/en/ad/%D9%85%D9%83%D8%AA%D8%A8-%D9%85%D9%81%D8%B1%D9%88%D8%B4-%D9%84%D9%84%D8%A5%D9%8A%D8%AC%D8%A7%D8%B1-%D9%81%D9%8A-%D9%85%D9%88%D9%82%D8%B9-%D9%85%D9%85%D9%8A%D8%B2-%D8%A8%D8%A7%D9%84%D9%85%D9%87%D9%86%D8%AF%D8%B3%D9%8A%D9%86-%D8%B9%D9%82%D8%AF-%D8%AA%D8%AC%D8%A7%D8%B1%D9%8A-ID207793275.html","2026-05-09 13:57:50.89","dubizzle","2026-05-09 13:57:50.89","2026-05-09 20:37:57.520475"
1765,"cd1b36164b1d16d4bf60d8fa396e86da",120000,"Woodville Compound, 6th of October","","3",4,355,"Stand Alone Villa","","Balcony, Private Garden, Central A/C & heating, Security, Covered Parking, Maids Room, Electricity Meter, Water Meter","https://www.dubizzle.com.eg/en/ad/villa-for-rent-with-kitchen-cabinets-acs-with-a-private-garde-in-woodville-palm-hills-6th-of-october-city-ID503484879.html","2026-05-09 13:57:51.135","dubizzle","2026-05-09 13:57:51.135","2026-05-09 20:37:58.080633"
1766,"eb03a1e52753936a7cdea7add1c315f5",3800000,"Gardenia Springs Compound, 5th Settlement","","3",2,180,"Apartment","Unfurnished","","https://www.dubizzle.com.eg/en/ad/apartment-for-sale-in-gardenia-in-the-fifth-settlement-180-meters-with-a-front-and-back-garden-ID503471757.html","2026-05-09 13:57:51.387","dubizzle","2026-05-09 13:57:51.387","2026-05-09 20:37:58.840111"
1767,"aa646ecb9c9e9be02685dc0464cf537b",8000000,"Hyde Park New Cairo Compound, 5th Settlement","","4",4,264,"Duplex","Unfurnished","Balcony, Built in Kitchen Appliances, Private Garden, Security, Covered Parking, Maids Room, Pets Allowed, Pool, Electricity Meter, Water Meter, Natural Gas, Landline","https://www.dubizzle.com.eg/en/ad/an-opportunity-for-luxurious-living-in-heart-of-new-cairo-receive-now-a-duplex-with-view-park-prime-corner-location-near-mountain-view-hyde-park-ID503484830.html","2026-05-09 13:57:51.625","dubizzle","2026-05-09 13:57:51.625","2026-05-09 20:37:59.501637"
1768,"3ca505ace85d31abb1a8b42d5e495436",7000000,"Privado, Madinaty","","2",1,84,"Apartment","Unfurnished","Balcony, Central A/C & heating, Security, Electricity Meter, Water Meter, Landline","https://www.dubizzle.com.eg/en/ad/84-%D9%85%D8%AA%D8%B1-%D9%83%D9%85%D8%A8%D9%88%D9%86%D8%AF-%D8%A8%D8%B1%D9%8A%D9%81%D8%A7%D8%AF%D9%88-%D9%81%D9%8A%D9%88-%D8%A7%D9%83%D8%A8%D8%B1-%D9%85%D9%8A%D8%AF%D8%A7%D9%86-%D8%BA%D9%8A%D8%B1-%D9%85%D8%AC%D8%B1%D9%88%D8%AD%D9%87-ID207671284.html","2026-05-09 13:57:51.856","dubizzle","2026-05-09 13:57:51.856","2026-05-09 20:38:00.080371"
1769,"71cd3de2c016f10fd782f673dd6f172a",7000000,"Taj City Compound, 1st Settlement","","2",2,112,"Apartment","","Built in Kitchen Appliances, Covered Parking, Pets Allowed, Pool, Electricity Meter, Water Meter, Natural Gas, Landline","https://www.dubizzle.com.eg/en/ad/5-down-payment-and-12-year-installments-in-taj-city-on-the-suez-road-opposite-the-airport-opportunity-for-a-2-bedroom-apartment-in-a-prime-location-ID503276667.html","2026-05-09 13:57:52.092","dubizzle","2026-05-09 13:57:52.092","2026-05-09 20:38:00.700072"
1770,"0a5ee65f4ff24df72ddfd3aff4d5daf2",14980000,"Hyde Park New Cairo Compound, 5th Settlement","","4",3,220,"Stand Alone Villa","","Balcony, Private Garden, Security, Covered Parking, Maids Room, Pets Allowed, Pool, Electricity Meter, Water Meter, Natural Gas, Landline","https://www.dubizzle.com.eg/en/ad/immediate-turnkey-luxury-villa-for-sale-at-a-bargain-price-in-fifth-settlement-next-to-mivida-in-hyde-park-view-villas-compound-ID503447750.html","2026-05-09 13:57:52.321","dubizzle","2026-05-09 13:57:52.321","2026-05-09 20:38:01.250638"
1771,"0aa8aa2d2b884ec6cfb9b0da64e6160a",4200000,"Alamein, North Coast","","2",2,230,"Apartment","","Balcony, Private Garden, Security, Covered Parking, Pets Allowed, Pool, Electricity Meter, Water Meter, Natural Gas, Landline","https://www.dubizzle.com.eg/en/ad/view-and-receive-immediately-a-two-bedroom-apartment-first-row-lagoon-view-open-to-the-sea-at-a-special-price-in-the-heart-of-new-alamein-city-no-ID503380947.html","2026-05-09 13:57:52.551","dubizzle","2026-05-09 13:57:52.551","2026-05-09 20:38:01.860239"
1772,"4cfd89f635a3301c3046bbf8174a0f67",7200000,"Mountain View iCity Compound, 5th Settlement","","3",3,185,"Apartment","Unfurnished","","https://www.dubizzle.com.eg/en/ad/apartment-185m-3-bdr-ready-to-move-prime-location-open-view-in-mountain-view-icity-fifth-settlement-new-cairo-near-mivida-and-hyde-park-ID503318269.html","2026-05-09 13:57:52.785","dubizzle","2026-05-09 13:57:52.785","2026-05-09 20:38:02.610527"
1773,"7c61f2f64444cc5657b6133eeb48640d",17500000,"Mountain View, New Capital City","","6",5,351,"Stand Alone Villa","Unfurnished","Balcony, Built in Kitchen Appliances, Private Garden, Central A/C & heating, Security, Covered Parking, Maids Room, Pets Allowed, Pool, Electricity Meter, Water Meter, Natural Gas, Landline","https://www.dubizzle.com.eg/en/ad/villa-ready-to-move-mountain-view-fullyfinished-new-cairo-ID503484853.html","2026-05-09 13:57:53.027","dubizzle","2026-05-09 13:57:53.027","2026-05-09 20:38:03.11197"
1774,"d9d17c27ac7d14a5fba33922292b1d41",17000000,"Madinaty, Cairo","","4",3,266,"Apartment","Furnished","Balcony, Maids Room, Electricity Meter, Water Meter, Natural Gas, Elevator","https://www.dubizzle.com.eg/en/ad/spacious-appartment-walking-distance-from-open-air-mall-ID207883393.html","2026-05-09 13:57:53.262","dubizzle","2026-05-09 13:57:53.262","2026-05-09 20:38:03.641437"
1775,"68143a303dec210b5a4640ac9d60151a",10000000,"Mountain View iCity Compound, 5th Settlement","","3",4,235,"Apartment","Unfurnished","Balcony, Covered Parking, Pets Allowed","https://www.dubizzle.com.eg/en/ad/apartment-ready-to-move-235m-very-prime-location-club-house-in-mountain-view-icity-fifth-settlement-new-cairo-near-hyde-park-ID503247089.html","2026-05-09 13:57:53.489","dubizzle","2026-05-09 13:57:53.489","2026-05-09 20:38:04.26024"
1776,"99104c7af042f3693a80e21de711b01f",6000000,"Mountain View iCity Compound, 5th Settlement","","3",3,155,"Apartment","Unfurnished","","https://www.dubizzle.com.eg/en/ad/apartment-ready-to-move-3-bedrooms-prime-location-open-view-in-mountain-view-icity-fifth-settlement-new-cairo-next-to-mivida-and-hyde-park-ID503045205.html","2026-05-09 13:57:53.717","dubizzle","2026-05-09 13:57:53.717","2026-05-09 20:38:04.929178"
1777,"77084caad0da577c992744d23ca44eae",5650000,"Jayd Compound, 5th Settlement","","2",2,120,"Apartment","Unfurnished","Balcony, Private Garden, Central A/C & heating, Electricity Meter, Water Meter","https://www.dubizzle.com.eg/en/ad/ground-apartment-with-garden-semi-finished-delivered-in-jayd-compound-near-el-rehab-with-down-payment-and-installments-ID503271506.html","2026-05-09 13:57:53.947","dubizzle","2026-05-09 13:57:53.947","2026-05-09 20:38:05.750288"
1778,"dccd2a7f9f80489901e48c20a60e5e6d",9180000,"Talala, New Heliopolis","","4",3,215,"Apartment","Unfurnished","Built in Kitchen Appliances, Pets Allowed, Pool","https://www.dubizzle.com.eg/en/ad/3-bedrooms-living-room-garden-for-spacious-owners-with-luxurious-finish-in-talala-compound-near-madinaty-ID503260576.html","2026-05-09 13:57:54.176","dubizzle","2026-05-09 13:57:54.176","2026-05-09 20:38:06.31059"
1779,"0809115aad9375e8696383b8ac82a140",23250000,"Azha, Ain Sukhna","","3",3,190,"Twin House","Unfurnished","Balcony, Central A/C & heating, Electricity Meter, Water Meter","https://www.dubizzle.com.eg/en/ad/fully-finished-delivered-twin-house-for-sale-in-azha-sokhna-phase-lucina-with-prime-location-overlooking-landscape-ready-to-move-ID503240816.html","2026-05-09 13:57:54.403","dubizzle","2026-05-09 13:57:54.403","2026-05-09 20:38:07.019987"
1780,"21dd8bc9de0f4c297530d57f3f7ad2f8",7500000,"Mountain View iCity Compound, 6th of October","","3",3,170,"Apartment","Unfurnished","Balcony, Security, Covered Parking, Pets Allowed, Electricity Meter, Landline","https://www.dubizzle.com.eg/en/ad/ready-to-move-fully-finished-apartment-170m-for-sale-fifth-settlement-ID503485796.html","2026-05-09 13:57:54.631","dubizzle","2026-05-09 13:57:54.631","2026-05-09 20:38:07.560189"
1781,"dda3e369699b930e6dd4afc672cbd17f",5200000,"8th District, Sheikh Zayed","","3",2,167,"Apartment","Unfurnished","Private Garden, Security, Landline","https://www.dubizzle.com.eg/en/ad/apartment-for-sale-in-the-finest-locations-of-sheikh-zayed-_-housing-area-167-meters-with-modern-finishing-and-an-open-view-ID503485794.html","2026-05-09 13:57:54.861","dubizzle","2026-05-09 13:57:54.861","2026-05-09 20:38:07.963096"
1782,"911075fbb2d6ba734fd29289af69d1ed",35000000,"Royal City Compound, Sheikh Zayed","","6",6,718,"Stand Alone Villa","Unfurnished","","https://www.dubizzle.com.eg/en/ad/luxury-corner-villa-for-sale-in-royal-city-compound-prime-location-and-exceptional-space-ID503485793.html","2026-05-09 13:57:55.097","dubizzle","2026-05-09 13:57:55.097","2026-05-09 20:38:08.360444"
1783,"7cfdfac7b5611fb1290b919549be6e39",12500,"Mandara, Alexandria","","2",2,100,"Apartment","Unfurnished","","https://www.dubizzle.com.eg/en/ad/apartment-for-rent-in-al-mandara-air-conditioned-new-law-ID503485790.html","2026-05-09 13:57:55.342","dubizzle","2026-05-09 13:57:55.342","2026-05-09 20:38:08.780553"
1784,"d58b935a1a76cbe6de3d0c8fc9942229",6000,"Al Hadaba Al Wosta, Mokattam","","1",1,15,"Studio","Furnished","Electricity Meter, Water Meter, Natural Gas, Elevator","https://www.dubizzle.com.eg/en/ad/%D8%A7%D8%B3%D8%AA%D9%88%D8%AF%D9%8A%D9%88-%D9%85%D9%81%D8%B1%D9%88%D8%B4-%D9%84%D9%84%D8%A7%D9%8A%D8%AC%D8%A7%D8%B1-ID207880199.html","2026-05-09 13:57:55.568","dubizzle","2026-05-09 13:57:55.568","2026-05-09 20:38:09.332841"
1785,"e732927e59dfa9873cd72316f53687fe",5500000,"Dar Misr, 5th Settlement","","3",3,150,"Apartment","Furnished","Balcony, Built in Kitchen Appliances, Private Garden, Central A/C & heating, Security, Covered Parking, Pets Allowed, Electricity Meter, Water Meter, Natural Gas, Landline, Elevator","https://www.dubizzle.com.eg/en/ad/%D8%B4%D9%82%D8%A9-%D9%84%D9%84%D8%A8%D9%8A%D8%B9-%D8%AA%D8%B4%D8%B7%D9%8A%D8%A8-%D8%A7%D9%84%D8%AA%D8%B1%D8%A7-%D8%B3%D9%88%D8%A8%D8%B1-%D9%84%D9%88%D9%83%D8%B3-%D9%84%D9%84%D8%A8%D9%8A%D8%B9-%D8%A8%D8%A7%D9%84%D9%81%D8%B1%D8%B4-%D9%88-%D8%A7%D9%84%D8%A7%D8%AC%D9%87%D8%B2%D8%A9-%D9%84%D8%B3%D8%B1%D8%B9%D8%A9-%D8%A7%D9%84%D8%B3%D9%81%D8%B1-ID200297204.html","2026-05-09 13:57:55.798","dubizzle","2026-05-09 13:57:55.798","2026-05-09 20:38:09.920655"
1786,"da428b77bb876dfd13ca0aab869cd2d7",7000000,"Mountain View iCity Compound, 6th of October","","3",3,159,"Apartment","Unfurnished","Balcony, Security, Covered Parking, Pets Allowed, Electricity Meter, Landline","https://www.dubizzle.com.eg/en/ad/ready-to-move-apartment-160-sqm-in-mountain-view-icity-with-green-views-smart-living-ID503485792.html","2026-05-09 13:57:56.034","dubizzle","2026-05-09 13:57:56.034","2026-05-09 20:38:11.000448"
1787,"2ceb3b35fa712b013c9b6c94592741c9",6500000,"Mountain View iCity Compound, 6th of October","","3",3,170,"Apartment","Unfurnished","Balcony, Security, Covered Parking, Electricity Meter, Landline","https://www.dubizzle.com.eg/en/ad/ready-to-move-apartment-resale-170-sqm-in-mountain-view-icity-with-green-views-smart-living-ID503485791.html","2026-05-09 13:57:56.262","dubizzle","2026-05-09 13:57:56.262","2026-05-09 20:38:11.460607"
1788,"76081a2edf12d353a4dceaba17e0bf76",6500000,"Sheikh Zayed, Giza","","4",4,220,"Apartment","Furnished","","https://www.dubizzle.com.eg/en/ad/%D8%B4%D9%82%D8%A9-%D9%A2%D9%A2%D9%A0-%D9%85%D8%AA%D8%B1-%D8%A7%D9%85%D8%A7%D9%85-%D8%A7%D9%84%D8%B1%D8%A8%D9%88%D8%A7-%D9%88-%D8%A7%D9%84%D9%8A%D8%A7%D8%B3%D9%85%D9%8A%D9%86-%D8%B4%D8%A7%D8%B1%D8%B9-%D8%B1%D8%A3%D9%8A%D8%B3%D9%8A-ID207434611.html","2026-05-09 13:57:56.492","dubizzle","2026-05-09 13:57:56.492","2026-05-09 20:38:11.882348"
1789,"1b6d73f08e2a6a8fd7304c967c89b4f4",14750000,"ZED West Compound, Sheikh Zayed","","3",3,168,"Apartment","Furnished","","https://www.dubizzle.com.eg/en/ad/zed-towers-168m-hotel-apartment-20-tower-ID206074788.html","2026-05-09 13:57:56.73","dubizzle","2026-05-09 13:57:56.731","2026-05-09 20:38:12.302075"
1790,"02fe7080454d60eeec8c74f455baa8ea",26650000,"Sodic East, New Heliopolis","","5",5,251,"Stand Alone Villa","Unfurnished","Pool","https://www.dubizzle.com.eg/en/ad/semi-finished-corner-villa-with-private-pool-5-bedrooms-251-sqm-in-sodiceast-ID503485788.html","2026-05-09 13:57:56.978","dubizzle","2026-05-09 13:57:56.978","2026-05-09 20:38:12.71087"
1791,"7966d6c8564c2cf8c72cebef68c6d55e",22000,"Maadi, Cairo","","3",3,230,"Apartment","Unfurnished","","https://www.dubizzle.com.eg/en/ad/apartment-for-rent-in-maadi-al-hedaya-al-nasr-street-ID503023848.html","2026-05-09 13:57:57.206","dubizzle","2026-05-09 13:57:57.206","2026-05-09 20:38:13.220635"
1792,"9ed6a8df770d2141b5fd2ad859f80f8c",7300000,"Beverly Hills Compound, Sheikh Zayed","","4",4,200,"Apartment","Unfurnished","Balcony, Built in Kitchen Appliances, Private Garden, Central A/C & heating, Security, Covered Parking, Pets Allowed, Pool, Electricity Meter, Water Meter, Natural Gas, Landline","https://www.dubizzle.com.eg/en/ad/ready-to-move-finished-apartment-with-garden-in-beverly-hills-by-sodic-ID503479940.html","2026-05-09 13:57:57.438","dubizzle","2026-05-09 13:57:57.438","2026-05-09 20:38:13.770872"
1793,"552e1a63ef0a9998d3936eefc83fb10e",23000000,"City Gate Compound, 5th Settlement","","3",3,260,"Town House","","Covered Parking, Maids Room, Pets Allowed, Electricity Meter, Water Meter, Natural Gas, Landline","https://www.dubizzle.com.eg/en/ad/ready-and-fully-finished-townhouse-for-sale-in-city-gate-diar-qatari-new-cairo-ID503401557.html","2026-05-09 13:57:57.668","dubizzle","2026-05-09 13:57:57.668","2026-05-09 20:38:14.33061"
1794,"ec5190275077a6a6b560f42a14bd3793",5325750,"MORAYA NEW CAPITAL, New Capital City","","3",3,178,"Apartment","Unfurnished","","https://www.dubizzle.com.eg/en/ad/own-your-fully-finished-style-apartment-in-moraya-new-capital-ID502954532.html","2026-05-09 13:57:57.897","dubizzle","2026-05-09 13:57:57.897","2026-05-09 20:38:14.820805"
1795,"6b0b16927af48ca75b13c2abbb4cf62b",3464016,"Defaf, R8","","2",2,125,"Apartment","Unfurnished","Security, Pool, Landline","https://www.dubizzle.com.eg/en/ad/own-your-apartment-in-a-fully-serviced-residential-compound-with-monthly-installments-of-only-20000-egp-ID503482219.html","2026-05-09 13:57:58.123","dubizzle","2026-05-09 13:57:58.123","2026-05-09 20:38:15.390699"
1796,"cd96de85209b528e293ed9d8dde88b17",2400000,"Rehab City, New Cairo","","3",2,144,"Apartment","Unfurnished","Balcony, Built in Kitchen Appliances, Private Garden, Central A/C & heating, Security, Covered Parking, Maids Room, Pets Allowed, Pool, Electricity Meter, Water Meter, Natural Gas, Landline","https://www.dubizzle.com.eg/en/ad/fully-finished-apartment-for-sale-in-the-fifth-settlement-in-rehab-across-from-the-swanlake-hassan-allam-compound-ID503351707.html","2026-05-09 13:57:58.35","dubizzle","2026-05-09 13:57:58.35","2026-05-09 20:38:16.020556"
1797,"912849793dc5ee653b570b7786964ffa",25510000,"Katameya Gardens Compound, 5th Settlement","","8",9,1057,"Stand Alone Villa","","Built in Kitchen Appliances, Private Garden, Central A/C & heating, Security, Covered Parking, Maids Room, Pets Allowed, Pool, Electricity Meter, Water Meter","https://www.dubizzle.com.eg/en/ad/villa-for-sale-at-the-lowest-price-in-the-market-ready-for-immediate-occupancy-ID503327904.html","2026-05-09 13:57:58.584","dubizzle","2026-05-09 13:57:58.584","2026-05-09 20:38:16.600374"
1798,"23456445838f50ce86a84acaf604d780",12689295,"Fifth Square Compound, 5th Settlement","","3",3,168,"Apartment","","","https://www.dubizzle.com.eg/en/ad/fully-finished-with-acs-and-ready-to-move-apartment-for-sale-in-fifth-square-new-cairo-by-al-marasem-ID503481896.html","2026-05-09 13:57:58.813","dubizzle","2026-05-09 13:57:58.813","2026-05-09 20:38:17.171649"
1799,"e330660615f78ac48b20e95812696ce8",18500000,"Playa, Sidi Abdel Rahman","","3",3,193,"Town House","Unfurnished","Private Garden, Pool","https://www.dubizzle.com.eg/en/ad/townhouse-1sr-row-lagoon-resale-under-market-price-for-sale-at-playa-ghazala-seashell-north-coast-ID503481969.html","2026-05-09 13:57:59.042","dubizzle","2026-05-09 13:57:59.042","2026-05-09 20:38:17.640283"
1800,"8b87ec66cc305a430d1400ac459e0d54",9893000,"Mountain View iCity Compound, 5th Settlement","","3",3,245,"iVilla","","","https://www.dubizzle.com.eg/en/ad/lowest-priced-245-m2-ivilla-garden-in-mountain-view-icity-ID503428563.html","2026-05-09 13:57:59.287","dubizzle","2026-05-09 13:57:59.287","2026-05-09 20:38:18.099876"
1801,"634e416e4ef0be78952cb42b584340c5",55000000,"North 90 Street, 5th Settlement","","","",280,"Retail","Unfurnished","","https://www.dubizzle.com.eg/en/ad/commercial-shop-280m-for-sale-in-north-90th-street-5th-settlement-new-cairo-ID503475942.html","2026-05-09 13:57:59.515","dubizzle","2026-05-09 13:57:59.515","2026-05-09 20:38:18.570657"
1802,"aacf95455587cc29dea21bb7f57d51d3",28000,"Sporting, Alexandria","","3",2,215,"Apartment","Furnished","Built in Kitchen Appliances, Covered Parking, Pets Allowed, Electricity Meter, Water Meter, Natural Gas, Landline","https://www.dubizzle.com.eg/en/ad/%D8%B4%D9%82%D9%87-%D9%85%D9%81%D8%B1%D9%88%D8%B4%D8%A9-%D9%84%D9%84%D8%A7%D9%8A%D8%AC%D8%A7%D8%B1-%D9%81%D9%8A-%D8%B3%D8%A8%D9%88%D8%B1%D8%AA%D9%86%D8%AC-%D8%AE%D8%B7%D9%88%D8%A7%D8%AA-%D9%85%D9%86-%D8%A7%D9%84%D8%A8%D8%AD%D8%B1-%D9%81%D8%B1%D8%B4-%D8%AC%D8%AF%D9%8A%D8%AF-ID503061716.html","2026-05-09 13:57:59.742","dubizzle","2026-05-09 13:57:59.742","2026-05-09 20:38:18.990888"
1803,"ee815d2bec83a0e6e1d48ceddca700e9",3500000,"Madinaty, Cairo","","2",1,78,"Apartment","Unfurnished","Balcony, Security, Electricity Meter, Water Meter, Natural Gas, Landline, Elevator","https://www.dubizzle.com.eg/en/ad/for-sale-apartment-78-meters-b12-talat-mustafa-special-offer-very-good-ID503471514.html","2026-05-09 13:57:59.97","dubizzle","2026-05-09 13:57:59.97","2026-05-09 20:38:19.71061"
1804,"68d6853af4138a8842cfba718fc4d8bf",8850000,"Mountain View iCity Compound, 5th Settlement","","3",3,235,"Apartment","Unfurnished","Balcony, Covered Parking, Pets Allowed","https://www.dubizzle.com.eg/en/ad/apartment-bahary-corner-235m-ready-to-move-prime-location-open-view-in-mountain-view-icity-fifth-settlement-new-cairo-near-hyde-park-ID503176473.html","2026-05-09 13:58:00.198","dubizzle","2026-05-09 13:58:00.198","2026-05-09 20:38:20.480814"
1805,"2a1f05f81b194a0fff426b979a519b01",10841614,"Village West Compound, Sheikh Zayed","","3",3,163,"Apartment","Unfurnished","Balcony, Built in Kitchen Appliances, Private Garden, Central A/C & heating, Security, Covered Parking, Electricity Meter, Water Meter, Natural Gas","https://www.dubizzle.com.eg/en/ad/lowest-down-payment-for-a-spacious-apartment-in-village-west-by-dorra-sheikh-zayed-city-with-a-prime-location-inside-the-compound-ID503483776.html","2026-05-09 13:58:00.436","dubizzle","2026-05-09 13:58:00.436","2026-05-09 20:38:21.212044"
1806,"af072b148a25e13eaf464a07455100a2",11200000,"Madinaty, Cairo","","3",3,178,"Apartment","Unfurnished","","https://www.dubizzle.com.eg/en/ad/if-you-are-looking-for-a-spacious-apartment-in-an-exceptional-location-with-a-very-wide-garden-and-very-special-finishes-in-madinaty-near-metro-market-and-steps-from-an-open-air-mall-ID503453545.html","2026-05-09 13:58:00.673","dubizzle","2026-05-09 13:58:00.673","2026-05-09 20:38:21.970367"
1807,"5ddafb7d164fb3322a5b08afd7c52359",8900000,"Madinaty, Cairo","","2",2,95,"Apartment","Unfurnished","Balcony, Built in Kitchen Appliances, Private Garden, Security, Covered Parking, Pets Allowed, Pool, Electricity Meter, Landline, Elevator","https://www.dubizzle.com.eg/en/ad/apartment-for-sale-in-madinaty-95m-wide-garden-view-best-phase-medina-b8-with-low-down-payment-ID503470902.html","2026-05-09 13:58:00.918","dubizzle","2026-05-09 13:58:00.918","2026-05-09 20:38:22.730891"
1808,"82fb5f2490a4afe68d53cdd2b1b88c33",10800000,"Mountain View Chillout Park Compound, 6th of October","","2",3,170,"Penthouse","Unfurnished","Balcony, Built in Kitchen Appliances, Private Garden, Central A/C & heating, Electricity Meter, Water Meter","https://www.dubizzle.com.eg/en/ad/fully-finished-penthouse-type-c-in-mv-chillout-park-october-with-acs-kitchen-and-heaters-ready-to-move-ID503190372.html","2026-05-09 13:58:01.157","dubizzle","2026-05-09 13:58:01.157","2026-05-09 20:38:23.28079"
1809,"5888b208ff16fec3c7f4bb62352d1de5",5800000,"Noor City, New Capital City","","3",2,119,"Apartment","Unfurnished","Private Garden, Security, Pets Allowed, Pool, Electricity Meter, Natural Gas, Landline, Elevator","https://www.dubizzle.com.eg/en/ad/opportunity-to-buy-a-119m2-property-with-three-bedrooms-and-two-bathrooms-total-price-5800000-over-13-years-ID503484826.html","2026-05-09 13:58:01.398","dubizzle","2026-05-09 13:58:01.398","2026-05-09 20:38:23.994475"
1810,"be7b05727d127aecceeff9cd05ea977c",20777000,"Al Burouj, Shorouk City","","5",5,243,"Stand Alone Villa","Furnished","","https://www.dubizzle.com.eg/en/ad/at-a-low-price-a-villa-ready-for-immediate-delivery-fully-finished-with-installments-in-a-compound-that-has-all-services-villas-only-al-boroj-ID503144995.html","2026-05-09 13:58:01.639","dubizzle","2026-05-09 13:58:01.639","2026-05-09 20:38:24.79021"
1811,"ada70ad7f564a440ca28abe4e9ec3a03",13500000,"Hyde Park New Cairo Compound, 5th Settlement","","2",2,115,"Apartment","","Built in Kitchen Appliances, Private Garden, Security, Pool, Landline","https://www.dubizzle.com.eg/en/ad/prime-location-2-bedroom-apartment-116-sq-m-for-sale-in-hyde-park-new-cairo-park-way-residence-near-90th-street-and-the-americ-ID503479833.html","2026-05-09 13:58:01.867","dubizzle","2026-05-09 13:58:01.867","2026-05-09 20:38:25.350825"
1812,"026896f4c0cc62b32936c47ccb995ebc",8767356,"October Plaza Sodic Compound, 6th of October","","2",3,157,"Apartment","","Balcony, Central A/C & heating, Security, Covered Parking, Pets Allowed, Electricity Meter, Water Meter","https://www.dubizzle.com.eg/en/ad/apartment-for-sale-with-installments-with-acs-kitchen-cabinets-in-a-prime-location-ready-to-move-in-october-plaza-sodic-6th-of-october-city-ID503484824.html","2026-05-09 13:58:02.101","dubizzle","2026-05-09 13:58:02.101","2026-05-09 20:38:25.921654"
1813,"7fc114f1800ca6b559eb3a5ea79358a3",7200000,"Madinaty, Cairo","","3",2,144,"Apartment","Unfurnished","","https://www.dubizzle.com.eg/en/ad/cash-apartment-for-sale-in-madinaty-144-meters-in-b6-hotel-finishing-first-occupancy-repeated-floor-wide-garden-view-ID503484819.html","2026-05-09 13:58:02.33","dubizzle","2026-05-09 13:58:02.33","2026-05-09 20:38:26.651871"
1814,"8a3246609ad0fe6632820e5430a4aed0",5500000,"5th Settlement, New Cairo","","","",36,"Office Space","Unfurnished","","https://www.dubizzle.com.eg/en/ad/%D9%85%D9%83%D8%AA%D8%A8-%D8%A5%D8%AF%D8%A7%D8%B1%D9%8A-%D9%84%D9%84%D8%A8%D9%8A%D8%B9-%D9%81%D9%8A-%D9%81%D8%A7%D9%84%D9%8A%D9%88-%D9%85%D9%88%D9%84-%D8%A7%D9%84%D8%AA%D8%AC%D9%85%D8%B9-%D8%A7%D9%84%D8%AE%D8%A7%D9%85%D8%B3-%D9%81%D8%B1%D8%B5%D8%A9-%D8%A7%D8%B3%D8%AA%D8%AB%D9%85%D8%A7%D8%B1-%D9%88%D8%AA%D8%A3%D8%AC%D9%8A%D8%B1-%D9%81%D9%88%D8%B1%D9%8A-ID207874863.html","2026-05-09 13:58:02.558","dubizzle","2026-05-09 13:58:02.558","2026-05-09 20:38:27.33086"
1815,"ed9a1fa91bafe07cbb09491e08df6209",45000000,"Swan Lake Residences, 1st Settlement","","3",3,357,"Twin House","Unfurnished","Private Garden, Central A/C & heating, Security, Maids Room, Pets Allowed, Electricity Meter, Water Meter, Natural Gas, Landline","https://www.dubizzle.com.eg/en/ad/for-sale-4-bedrooms-plus-maid-room-twin-house-with-roof-357-sqm-semi-finished-phase-scarlet-in-swan-lake-residence-ready-to-move-new-cairo-ID503203597.html","2026-05-09 13:58:02.79","dubizzle","2026-05-09 13:58:02.79","2026-05-09 20:38:28.141101"
1816,"e9c73f9f05de663729355ac2940d48ac",27000000,"Madinaty, Cairo","","3",4,346,"Stand Alone Villa","Unfurnished","","https://www.dubizzle.com.eg/en/ad/twinhouse-villa-type-e3-for-sale-installment-in-madinaty-old-reservation-immediate-delivery-ID503176280.html","2026-05-09 13:58:03.021","dubizzle","2026-05-09 13:58:03.021","2026-05-09 20:38:28.810961"
1817,"5c56e6877a90772dab454695b97df739",26500000,"Hacienda Bay, Sidi Abdel Rahman","","5",4,590,"Stand Alone Villa","Furnished","Balcony, Built in Kitchen Appliances, Private Garden, Security, Covered Parking, Maids Room, Pets Allowed, Electricity Meter, Water Meter","https://www.dubizzle.com.eg/en/ad/hacienda-bay-stand-alone-590-m-ID201399422.html","2026-05-09 13:58:03.251","dubizzle","2026-05-09 13:58:03.251","2026-05-09 20:38:29.381507"
1883,"37a6da5baf36585c6a6b46baabafa088",33650000,"Madinaty, Cairo","Villa for sale with a wide garden view, separate, north-facing, with a down payment of 15 million.","4",4,290,"Villa","Unfurnished","Pets Allowed, Parking Spaces: 2, Balcony or Terrace, Lawn or Garden, Security Staff, CCTV Security, 24 Hours Concierge","https://www.bayut.eg/en/property/details-503479463.html","2026-05-07 00:00:00","bayut","2026-05-09 14:25:18.427","2026-05-09 20:39:12.991756"
1818,"4c4641622a9a902c1eb7833759ce672d",9400000,"Granda Life, Shorouk City","","3",2,238,"Apartment","Unfurnished","Private Garden, Security, Covered Parking, Pool, Electricity Meter, Water Meter, Natural Gas","https://www.dubizzle.com.eg/en/ad/%D8%B4%D9%82%D8%A9-%D9%85%D9%85%D9%8A%D8%B2%D8%A9-%D8%A8%D9%81%D9%8A%D9%88-%D8%B1%D8%A7%D8%A6%D8%B9-%D9%88%D9%81%D8%B1%D9%8A%D8%AF-%D9%83%D9%85%D8%A8%D9%88%D9%86%D8%AF-%D8%AC%D8%B1%D8%A7%D9%86%D8%AF%D8%A7-%D9%84%D8%A7%D9%8A%D9%81-%D8%A7%D9%84%D8%B4%D8%B1%D9%88%D9%82-ID207732766.html","2026-05-09 13:58:03.488","dubizzle","2026-05-09 13:58:03.488","2026-05-09 20:38:29.980941"
1819,"ad2046adcd175def41635c8dd06045e3",33000,"Madinaty, Cairo","","2",1,78,"Apartment","Furnished","Balcony, Built in Kitchen Appliances, Private Garden, Security, Pets Allowed, Electricity Meter, Water Meter, Natural Gas, Landline","https://www.dubizzle.com.eg/en/ad/luxury-apartment-for-rent-furnished-madinaty-b12-ID503477754.html","2026-05-09 13:58:03.73","dubizzle","2026-05-09 13:58:03.73","2026-05-09 20:38:30.760522"
1820,"6542d478c8c6f6281fe07c2fdee7936b",130000,"Madinaty, Cairo","","6",5,660,"Stand Alone Villa","Unfurnished","Balcony, Private Garden, Covered Parking, Pets Allowed","https://www.dubizzle.com.eg/en/ad/independent-villa-large-buildings-660m-first-residence-for-rent-under-new-law-in-madinaty-ID503484472.html","2026-05-09 13:58:03.975","dubizzle","2026-05-09 13:58:03.975","2026-05-09 20:38:31.480862"
1821,"bfb22df5fd05c388a5527c53e8d99e89",12300000,"Blumar North Coast, Sidi Abdel Rahman","","4",3,200,"Chalet","Furnished","Balcony, Built in Kitchen Appliances, Central A/C & heating, Security, Sea View, Electricity Meter","https://www.dubizzle.com.eg/en/ad/chalet-200m-fully-furnished-ready-to-move-ID503485787.html","2026-05-09 13:58:04.211","dubizzle","2026-05-09 13:58:04.211","2026-05-09 20:38:32.120901"
1822,"a18fed6dc6536f1979c763504de66737",13000,"Zahraa Al Maadi, Cairo","","1",1,60,"Room","Furnished","","https://www.dubizzle.com.eg/en/ad/studio-for-rent-zahraa-al-maadi-ID503485786.html","2026-05-09 13:58:04.446","dubizzle","2026-05-09 13:58:04.446","2026-05-09 20:38:32.750883"
1823,"474f1773b5d5ce8fb193ed0b56f76a03",20000,"Katameya Gate, Katameya","","3",1,110,"Apartment","Unfurnished","","https://www.dubizzle.com.eg/en/ad/apartment-for-rent-furnished-first-occupancy-katameya-gate-compound-ID503190316.html","2026-05-09 13:58:04.682","dubizzle","2026-05-09 13:58:04.682","2026-05-09 20:38:33.320764"
1824,"5ceb93527f686fbf41ac949b11f7bcbf",11750000,"Madinaty, Cairo","","3",3,175,"Apartment","Unfurnished","Balcony, Private Garden, Security, Covered Parking, Pets Allowed, Pool, Electricity Meter, Water Meter, Natural Gas, Landline, Elevator","https://www.dubizzle.com.eg/en/ad/apartment-for-sale-in-madinaty-175m2-b1-group-14-ID503443964.html","2026-05-09 13:58:04.907","dubizzle","2026-05-09 13:58:04.907","2026-05-09 20:38:33.920847"
1825,"8c961f6a152b1f1e58d17a2fe6aa23eb",13500000,"Madinaty, Cairo","","4",2,238,"Apartment","Unfurnished","Balcony, Security, Pets Allowed, Pool, Electricity Meter, Water Meter, Landline, Elevator","https://www.dubizzle.com.eg/en/ad/rare-opportunity-for-sale-in-my-city-238m2-60m2-garden-ground-floor-with-garden-directly-in-front-of-the-club-ID503485785.html","2026-05-09 13:58:05.139","dubizzle","2026-05-09 13:58:05.139","2026-05-09 20:38:34.400829"
1826,"b8ffa62b68fc3e5eda004bf675072a69",10800000,"7th District, Sheikh Zayed","","4",4,285,"Duplex","Unfurnished","","https://www.dubizzle.com.eg/en/ad/luxury-duplex-for-sale-in-sheikh-zayed-7th-district-prime-location-next-to-spinneys-ID503485784.html","2026-05-09 13:58:05.367","dubizzle","2026-05-09 13:58:05.367","2026-05-09 20:38:35.070649"
1827,"33cb4f4d7fa3786cf005f943573dfa8a",4000,"New Cairo, Cairo","","3",3,250,"Hotel Apartment","Furnished","Security, Electricity Meter, Water Meter","https://www.dubizzle.com.eg/en/ad/furnished-apartment-first-residence-near-universities-and-the-air-hospital-new-cairo-gathering-ID503485781.html","2026-05-09 13:58:05.63","dubizzle","2026-05-09 13:58:05.63","2026-05-09 20:38:35.460883"
1828,"786b2b153ec24a0b9d82917a2eb8aebe",5500,"6th of October, Giza","","2",1,100,"Apartment","Unfurnished","","https://www.dubizzle.com.eg/en/ad/apartment-for-rent-in-the-second-neighborhood-ID503485782.html","2026-05-09 13:58:05.87","dubizzle","2026-05-09 13:58:05.87","2026-05-09 20:38:35.870909"
1829,"f9e404d67a8b40f3e2d0706653d5ebb4",2250000,"Golf Porto Marina, Alamein","","2",1,60,"Chalet","Unfurnished","Balcony, Private Garden, Security, Gym, Pool, Electricity Meter","https://www.dubizzle.com.eg/en/ad/for-sale-a-60m-chalet-with-semi-finishing-in-the-vip-area-very-close-to-the-gate-and-services-at-a-bargain-price-ID503485783.html","2026-05-09 13:58:06.102","dubizzle","2026-05-09 13:58:06.102","2026-05-09 20:38:36.330578"
1830,"a92572b1bfd991242fcb2702f1630173",32000,"5th District, Sheikh Zayed","","","",220,"Office Space","Unfurnished","","https://www.dubizzle.com.eg/en/ad/office-for-rent-in-sheikh-zayed-5th-district-ultra-modern-ID503485780.html","2026-05-09 13:58:06.331","dubizzle","2026-05-09 13:58:06.331","2026-05-09 20:38:36.790604"
1831,"e5ab2140a9c2ef61e1de1829505699f2",18800000,"Al Nasayem Compound, 6th of October","","4",4,304,"Stand Alone Villa","Unfurnished","Balcony, Covered Parking, Landline","https://www.dubizzle.com.eg/en/ad/luxury-twin-house-villa-for-sale-in-al-nasayem-village-october-super-lux-finishing-prime-location-ID503485779.html","2026-05-09 13:58:06.56","dubizzle","2026-05-09 13:58:06.56","2026-05-09 20:38:37.230953"
1832,"029366e9f5a70c1514a627cfadfeffd2",2650000,"Golf Porto Marina, Alamein","","2",1,60,"Chalet","Furnished","Private Garden, Gym, Pool","https://www.dubizzle.com.eg/en/ad/for-sale-a-60m-chalet-with-furniture-and-appliances-super-luxury-furniture-fully-air-conditioned-sea-view-ID503485778.html","2026-05-09 13:58:06.835","dubizzle","2026-05-09 13:58:06.835","2026-05-09 20:38:37.652707"
1833,"5fc75734d875ed3b2367bdf6ec993a98",12500000,"Mountain View Hyde Park Compound, 5th Settlement","","3",4,234,"iVilla","","Balcony, Private Garden, Security, Covered Parking, Maids Room, Pets Allowed, Electricity Meter, Water Meter, Natural Gas, Landline","https://www.dubizzle.com.eg/en/ad/i-villa-roof-for-sale-in-mountain-view-hyde-park-new-cairo-ID503339411.html","2026-05-09 13:58:07.084","dubizzle","2026-05-09 13:58:07.084","2026-05-09 20:38:38.181231"
1834,"7f6a696f1e931c2e316a298faad5a0cd",70000000,"Palm Hills Katameya Compound, 5th Settlement","","7",7,1500,"Stand Alone Villa","Unfurnished","Balcony, Private Garden, Security, Covered Parking, Maids Room, Pets Allowed, Electricity Meter, Water Meter, Natural Gas, Landline","https://www.dubizzle.com.eg/en/ad/amazing-stand-alone-l1500m-for-sale-in-palm-hills-kattameya-pk-1-new-cairo-ID501905378.html","2026-05-09 13:58:07.314","dubizzle","2026-05-09 13:58:07.314","2026-05-09 20:38:38.884821"
1835,"659dfa6d7306cea115570820025be153",9000000,"Beit Al Watan, 5th Settlement","","","",475,"Residential","","","https://www.dubizzle.com.eg/en/ad/land-for-sale-second-plot-from-north-90th-street-east-facing-direct-access-from-the-median-south-of-suez-road-beit-el-watan-fifth-settleme-ID503485882.html","2026-05-09 13:58:07.542","dubizzle","2026-05-09 13:58:07.542","2026-05-09 20:38:39.630363"
1836,"fb8229dbce062c79cbf0608a6758bac3",5150000,"The Icon Residence Compound, 5th Settlement","","3",2,145,"Apartment","Unfurnished","Balcony, Private Garden, Security, Covered Parking, Pets Allowed, Electricity Meter, Water Meter, Natural Gas, Landline","https://www.dubizzle.com.eg/en/ad/apartment-with-garden-for-sale-in-the-icon-gardens-compound-in-new-cairo-opposite-hyde-park-ID503127792.html","2026-05-09 13:58:07.771","dubizzle","2026-05-09 13:58:07.771","2026-05-09 20:38:40.20073"
1837,"bbeda4e881488c1eb1bbbf893bfdf2bb",182000,"Lake view Residence Compound, 5th Settlement","","3",3,270,"Penthouse","Unfurnished","Balcony, Built in Kitchen Appliances, Security, Covered Parking, Electricity Meter, Water Meter, Natural Gas","https://www.dubizzle.com.eg/en/ad/penthouse-for-rent-lake-view-residence-ID503485879.html","2026-05-09 13:58:08.001","dubizzle","2026-05-09 13:58:08.001","2026-05-09 20:38:40.801107"
1838,"ca7f83faf0d29589cee43fb45c526a63",7410000,"Sarai, Mostakbal City","","3",4,160,"Stand Alone Villa","Unfurnished","Balcony, Private Garden, Security, Covered Parking, Pets Allowed, Electricity Meter, Water Meter, Natural Gas, Landline","https://www.dubizzle.com.eg/en/ad/villa-for-sale-at-the-price-of-an-apartment-in-sarai-compound-a-steal-160-sq-m-3-bedrooms-prime-location-ID503339828.html","2026-05-09 13:58:08.23","dubizzle","2026-05-09 13:58:08.23","2026-05-09 20:38:41.400319"
1839,"7194b9d7b368cd8464708169ec107592",3600000,"Bloomfields, Mostakbal City","","2",2,112,"Apartment","Unfurnished","Built in Kitchen Appliances, Private Garden, Covered Parking, Pets Allowed, Electricity Meter, Water Meter, Natural Gas, Landline","https://www.dubizzle.com.eg/en/ad/apartment-for-sale-112-sqm-resale-lowest-price-in-the-market-2-bedrooms-ready-to-move-prime-location-in-bloomfields-mostakbal-city-ID503336939.html","2026-05-09 13:58:08.458","dubizzle","2026-05-09 13:58:08.458","2026-05-09 20:38:41.980554"
1840,"fbe53fff313205f37db0f86f77b5819b",2100000,"1st Settlement, New Cairo","","1",1,50,"Studio","Unfurnished","","https://www.dubizzle.com.eg/en/ad/own-a-studio-directly-on-mustafa-kamel-axis-near-qabbani-prime-location-first-settlement-ID503313746.html","2026-05-09 13:58:08.689","dubizzle","2026-05-09 13:58:08.689","2026-05-09 20:38:43.003306"
1841,"57f3a93a443d5a7450d7807384a843ce",10000,"Sporting, Alexandria","","","",75,"Office Space","Unfurnished","Security","https://www.dubizzle.com.eg/en/ad/administrative-office-for-rent-main-port-said-street-ID503485876.html","2026-05-09 13:58:08.922","dubizzle","2026-05-09 13:58:08.922","2026-05-09 20:38:44.170768"
1842,"d72c3e736b94fde7b017db792ba32cff",8450000,"Ras Al Hekma, North Coast","","1",3,93,"Apartment","","","https://www.dubizzle.com.eg/en/ad/apartment-for-sale-93-sq-m-ras-el-hekma-city-emirati-cities-reservation-deposit-only-250000-egp-ID503485875.html","2026-05-09 13:58:09.153","dubizzle","2026-05-09 13:58:09.153","2026-05-09 20:38:44.941974"
1843,"e350101299487db29534118373b068a3",5785291,"Ons, Sheikh Zayed","","2",2,128,"Apartment","Unfurnished","Balcony, Built in Kitchen Appliances, Private Garden, Security, Covered Parking, Pets Allowed, Pool, Electricity Meter, Water Meter, Natural Gas, Landline","https://www.dubizzle.com.eg/en/ad/fully-finished-apartment-for-sale-on-cairoalexandria-desert-road-ons-compound-mabany-edris-new-zayed-ID503311227.html","2026-05-09 13:58:09.381","dubizzle","2026-05-09 13:58:09.381","2026-05-09 20:38:45.710895"
1844,"92947187eb0435b22c36c594ff724830",9065000,"Sawari, Moharam Bik","","4",3,245,"Apartment","","","https://www.dubizzle.com.eg/en/ad/resale-apartment-for-sale-245-sq-m-sawary-compound-price-per-meter-egp-37000-ID503485874.html","2026-05-09 13:58:09.61","dubizzle","2026-05-09 13:58:09.61","2026-05-09 20:38:46.381877"
1845,"0f4d3e6032201498237d021c690a1666",15000000,"Mesca, Soma Bay","","3",4,180,"Chalet","Unfurnished","Balcony, Built in Kitchen Appliances, Private Garden, Central A/C & heating, Security, Sea View, Gym, Pool, Electricity Meter, Water Meter, Elevator","https://www.dubizzle.com.eg/en/ad/only-5-dp-chalet-for-sale-in-soma-full-sea-gulf-view-ID503485873.html","2026-05-09 13:58:09.836","dubizzle","2026-05-09 13:58:09.836","2026-05-09 20:38:47.331365"
1846,"7944c247c30cbc9eb15081e04e33d016",11600000,"EL Patio ORO Compound, 5th Settlement","","3",3,164,"Apartment","Unfurnished","Private Garden, Covered Parking, Pets Allowed, Pool, Water Meter, Natural Gas, Landline","https://www.dubizzle.com.eg/en/ad/apartment-for-sale-in-el-patio-oro-compound-fifth-settlement-la-vista-installments-over-the-longest-payment-period-25-cash-ID503485493.html","2026-05-09 13:58:10.074","dubizzle","2026-05-09 13:58:10.074","2026-05-09 20:38:47.819961"
1847,"2a6c70408aaa8824dc67b0afda37608d",7000000,"Madinaty, Cairo","","3",2,135,"Apartment","Unfurnished","Balcony, Private Garden, Security, Covered Parking, Pets Allowed, Pool, Electricity Meter, Landline, Elevator","https://www.dubizzle.com.eg/en/ad/luxury-135-sqm-apartment-for-sale-in-madinaty-b6-prime-location-wide-garden-view-immediate-delivery-ID503485290.html","2026-05-09 13:58:10.312","dubizzle","2026-05-09 13:58:10.312","2026-05-09 20:38:48.201206"
1848,"57b2879ba1ba57e496af62ec8cd4f5bb",6650000,"Madinaty, Cairo","","3",2,116,"Apartment","Unfurnished","Balcony, Central A/C & heating, Security, Electricity Meter, Water Meter, Natural Gas, Landline, Elevator","https://www.dubizzle.com.eg/en/ad/%D9%84%D9%84%D8%A8%D9%8A%D8%B9-116-%D9%85%D8%AA%D8%B1-b10-%D9%81%D9%8A%D9%88-%D9%88%D8%A7%D9%8A%D8%AF-%D8%AC%D8%A7%D8%B1%D8%AF%D9%86-ID207884536.html","2026-05-09 13:58:10.539","dubizzle","2026-05-09 13:58:10.539","2026-05-09 20:38:48.640579"
1849,"c2b63e6dc47dac53d431c5f6f1943ab1",13000000,"Lake view Residence Compound, 5th Settlement","","2",2,130,"Apartment","Unfurnished","Balcony, Private Garden, Security, Maids Room, Pets Allowed, Electricity Meter, Water Meter, Natural Gas","https://www.dubizzle.com.eg/en/ad/ground-fully-finished-apartment-for-sale-below-market-price-in-with-private-garden-in-lake-view-residence-1-new-cairo-ID503218952.html","2026-05-09 13:58:10.769","dubizzle","2026-05-09 13:58:10.769","2026-05-09 20:38:49.049966"
1850,"082ecfc411390cacb9cdb051f751413e",7500000,"Bloomfields, Mostakbal City","","3",3,230,"Apartment","Unfurnished","Balcony, Security, Pets Allowed, Water Meter","https://www.dubizzle.com.eg/en/ad/apartment-for-sale-at-bloomfields-mostakbal-city-with-prime-location-bahary-double-view-direct-on-the-biggest-green-area-ready-to-move-ID503209340.html","2026-05-09 13:58:11","dubizzle","2026-05-09 13:58:11","2026-05-09 20:38:53.093433"
1851,"03dc6e4448bed68efc3e47c80791ed19",7500000,"Heliopolis, Cairo","","6",4,238,"Apartment","Unfurnished","","https://www.dubizzle.com.eg/en/ad/apartment-238-meters-from-the-owner-for-sale-in-heliopolis-ID503485817.html","2026-05-09 13:58:11.23","dubizzle","2026-05-09 13:58:11.23","2026-05-09 20:38:53.481282"
1852,"284dded136aca62fd41649f45727e2c3",5500000,"Corniche El Maadi, Maadi","","2",2,125,"Apartment","Unfurnished","Private Garden, Security, Electricity Meter, Water Meter, Natural Gas","https://www.dubizzle.com.eg/en/ad/%D8%B4%D9%82%D9%87-%D9%84%D9%84%D8%A8%D9%8A%D8%B9-%D9%83%D9%88%D8%B1%D9%86%D9%8A%D8%B4-%D8%A7%D9%84%D9%85%D8%B9%D8%A7%D8%AF%D9%8A-%D8%B5%D9%81-%D8%A3%D9%88%D9%84-%D8%B9%D9%84%D9%89-%D8%A7%D9%84%D9%86%D9%8A%D9%84-ID503485805.html","2026-05-09 13:58:11.459","dubizzle","2026-05-09 13:58:11.459","2026-05-09 20:38:53.870634"
1853,"bd458f1fcf1b361087886d7c4ac51c6c",18000000,"Makadi Heights, Hurghada","","3",3,230,"Stand Alone Villa","Furnished","Built in Kitchen Appliances, Private Garden, Covered Parking, Pets Allowed, Pool, Electricity Meter, Water Meter, Natural Gas, Landline","https://www.dubizzle.com.eg/en/ad/own-a-town-house-3beds-_early-delivery-in-makadi-ID503428474.html","2026-05-09 13:58:11.692","dubizzle","2026-05-09 13:58:11.692","2026-05-09 20:38:54.231014"
1854,"e796a179ba975ef6dc0193eefbde1214",12664160,"Ancient Sands Gouna, Gouna","","2",2,79,"Apartment","Furnished","Balcony, Built in Kitchen Appliances, Private Garden, Central A/C & heating, Security, Covered Parking, Pets Allowed, Pool, Electricity Meter, Water Meter, Natural Gas, Landline","https://www.dubizzle.com.eg/en/ad/el-gouna-serviced-apartment-in-ancient-sands-fully-furnished-with-open-golf-views-ready-to-move-in-a-prime-location-ideal-for-living-or-high-rent-ID503323150.html","2026-05-09 13:58:11.923","dubizzle","2026-05-09 13:58:11.923","2026-05-09 20:38:54.621323"
1870,"7d76fb7e63cd83ad33a5d9c6e8c4982a",29725000,"Palm Hills New Cairo Compound, 5th Settlement, New Cairo, Cairo","Exclusive price Villa with private pool for sale in Palm hills new cairo 5th settlement","4",6,440,"Villa","Unfurnished","Built in Kitchen Appliances, First Aid Medical Center, Gym or Health Club, Swimming Pool, Jacuzzi, Sauna, Steam Room, Day Care Center, Kids Play Area, Lawn or Garden, Barbeque Area, Cafeteria or Canteen, Shared Kitchen, Laundry Room, Laundry Facility","https://www.bayut.eg/en/property/details-503480390.html","2026-05-07 00:00:00","bayut","2026-05-09 14:25:15.374","2026-05-09 20:39:02.755459"
1855,"3fdb8974d18a14c2918107100488016f",15000000,"El Patio Zahraa Compound, Sheikh Zayed","","5",6,361,"Stand Alone Villa","Unfurnished","Private Garden, Covered Parking, Pets Allowed, Pool, Electricity Meter, Water Meter, Natural Gas, Landline","https://www.dubizzle.com.eg/en/ad/%D8%B9%D8%A7%D9%8A%D9%86-%D9%88-%D8%A7%D8%B3%D8%AA%D9%84%D9%85-%D8%A7%D8%AE%D8%B1-%D9%81%D9%8A%D9%84%D8%A7-%D9%85%D8%B3%D8%AA%D9%82%D9%84%D9%87-%D9%81%D9%8A-%D8%A7%D9%84%D8%A8%D8%A7%D8%AA%D9%8A%D9%88-%D8%B2%D9%87%D8%B1%D8%A7%D8%A1-%D9%81%D9%8A-%D9%86%D9%81%D8%B3-%D8%B4%D8%A7%D8%B1%D8%B9-%D9%87%D8%A7%D9%8A%D8%A8%D8%B1-%D9%88%D8%A7%D9%86-%D8%A7%D9%85%D8%A7%D9%85-%D8%A7%D9%84%D9%86%D8%A7%D8%AF%D9%8A-%D8%A7%D9%84%D8%A7%D9%87%D9%84%D9%8A-%D9%88-%D8%A8%D8%AC%D9%88%D8%A7%D8%B1-%D8%A7%D9%84%D8%B1%D8%A8%D9%88%D8%A9-%D9%88-%D8%A7%D9%84%D9%83%D8%A7%D8%B1%D9%85%D8%A7-4-%D9%88-%D9%85%D9%88%D9%86-%D9%84%D8%A7%D9%86%D8%AF-%D9%88-%D8%B1%D9%88%D9%8A%D8%A7%D9%84-%D9%85%D9%8A%D8%AF%D9%88%D8%B2-%D9%88-%D8%A7%D9%84%D9%8A%D8%A7%D8%B3%D9%85%D9%8A%D9%86-ID503389319.html","2026-05-09 13:58:12.156","dubizzle","2026-05-09 13:58:12.156","2026-05-09 20:38:55.011608"
1856,"0206f40665e60fd2fc707e9711d6a6e0",6000000,"Taj City Compound, 1st Settlement","","3",2,166,"Apartment","Unfurnished","Security, Covered Parking, Pets Allowed","https://www.dubizzle.com.eg/en/ad/ground-floor-apartment-with-a-distinctive-garden-sea-view-overlooking-green-spaces-35-discount-for-cash-payment-in-taj-city-compound-ID503484082.html","2026-05-09 13:58:12.391","dubizzle","2026-05-09 13:58:12.391","2026-05-09 20:38:55.420983"
1857,"84d67f905a77f88847b4b11dadbb3b63",7150000,"Madinaty, Cairo","","3",2,144,"Apartment","","","https://www.dubizzle.com.eg/en/ad/for-sale-a-distinguished-144m-apartment-with-luxurious-hotel-finishes-wide-garden-view-in-phase-b6-a-strategic-location-in-front-of-the-anticipated-the-spine-towers-project-ID503484850.html","2026-05-09 13:58:12.62","dubizzle","2026-05-09 13:58:12.62","2026-05-09 20:38:55.822437"
1858,"1a800c4ee9d31b3b40f11a9fcf660713",5600000,"Marina 8, Alamein","","2",2,110,"Chalet","Unfurnished","Balcony, Built in Kitchen Appliances, Private Garden, Security, Gym, Pool, Electricity Meter, Water Meter, Elevator","https://www.dubizzle.com.eg/en/ad/chalet-for-sale-steps-from-the-sea-ground-floor-with-garden-first-row-open-view-overlooking-the-lagoon-minutes-from-marassi-and-the-latin-quarter-ID503415942.html","2026-05-09 13:58:12.846","dubizzle","2026-05-09 13:58:12.846","2026-05-09 20:38:56.210451"
1859,"1807c4d84fa2243193f8d1a8861aac77",3000000,"Talala, New Heliopolis","","1",1,80,"Studio","Unfurnished","Balcony, Built in Kitchen Appliances, Private Garden, Central A/C & heating, Security, Covered Parking, Maids Room, Pets Allowed, Pool, Electricity Meter, Water Meter, Natural Gas, Landline","https://www.dubizzle.com.eg/en/ad/a-fully-finished-ultra-super-lux-apartment-with-a-stunning-view-offering-a-50-cash-discount-in-the-heart-of-new-cairo-with-madinet-misr-prime-loca-ID503146404.html","2026-05-09 13:58:13.074","dubizzle","2026-05-09 13:58:13.074","2026-05-09 20:38:56.571024"
1860,"1d75ffe439836820ac33701617e32f92",4800000,"The Icon Residence Compound, 5th Settlement","","3",2,140,"Apartment","Unfurnished","Balcony, Built in Kitchen Appliances, Private Garden, Security, Covered Parking, Maids Room, Pets Allowed, Pool, Electricity Meter, Water Meter, Natural Gas, Landline","https://www.dubizzle.com.eg/en/ad/a-distinctive-apartment-for-sale-in-icon-compound-in-the-heart-of-new-cairos-fifth-settlement-the-apartment-is-located-opposite-the-american-univers-ID502926272.html","2026-05-09 13:58:13.306","dubizzle","2026-05-09 13:58:13.306","2026-05-09 20:38:56.939575"
1861,"205a86d290bd4b139d073e394f8d606a",3600000,"Gardenia Heights, 5th Settlement","","2",1,135,"Apartment","Unfurnished","","https://www.dubizzle.com.eg/en/ad/apartment-for-sale-in-5th-settlement-gardenia-heights-3-ID503485797.html","2026-05-09 13:58:13.545","dubizzle","2026-05-09 13:58:13.545","2026-05-09 20:38:57.321202"
1862,"cc8bf542bfe3872f173d8e8a8a0b308d",2500000,"6th of October, Giza","","3",1,170,"Apartment","","","https://www.dubizzle.com.eg/en/ad/%D8%B4%D9%82%D8%A9-%D9%81%D8%B1%D8%B5%D8%A9-%D9%84%D9%84%D8%A8%D9%8A%D8%B9-%D9%84%D8%AF%D9%88%D8%A7%D8%B9%D9%8A-%D8%A7%D9%84%D8%B3%D9%81%D8%B1-ID207888649.html","2026-05-09 13:58:13.773","dubizzle","2026-05-09 13:58:13.773","2026-05-09 20:38:57.71116"
1863,"695af903e42d0f2d4c1b63a754cf55f5",18000000,"Swan Lake Residences, 1st Settlement","","3",3,209,"Apartment","Unfurnished","Private Garden, Central A/C & heating, Electricity Meter, Water Meter","https://www.dubizzle.com.eg/en/ad/for-sale-apartment-in-swan-lake-residences-iris-hassan-allam-new-cairo-3rd-floor-fully-finished-ready-to-move-prime-location-ID503242002.html","2026-05-09 13:58:14.002","dubizzle","2026-05-09 13:58:14.002","2026-05-09 20:38:58.070668"
1864,"cd9d5c94d9a29c09d55fa48ad98d2576",17500000,"Mountain View 1.1, 5th Settlement","","3",4,235,"iVilla","","Balcony, Private Garden, Security, Covered Parking, Maids Room, Pets Allowed, Water Meter, Natural Gas, Landline","https://www.dubizzle.com.eg/en/ad/installment-i-villa-garden-for-sale-in-mountain-view-11-new-cairo-ID503339486.html","2026-05-09 13:58:14.231","dubizzle","2026-05-09 13:58:14.231","2026-05-09 20:38:58.541858"
1865,"b6bd0ef8252061304f6fb360153bca28",14300000,"Palm Hills Katameya Extension Compound, 5th Settlement, New Cairo, Cairo","Villa new cairo fully finished palm hills","6",5,260,"Villa","Unfurnished","Built in Kitchen Appliances, Furnished, Covered parking, Electricity Backup, Pets Allowed, Electricity Meter, Centrally Air-Conditioned, Sea view, Central Heating, Water Meter, Double Glazed Windows, Storage Areas, Natural Gas, Landline, Study Room, Central A/C & heating, Balcony or Terrace, Lobby in Building, Service Elevators, Prayer Room, First Aid Medical Center, Facilities for Disabled, Swimming Pool, Jacuzzi, Sauna, Steam Room, Day Care Center, Kids Play Area, Lawn or Garden, Barbeque Area, Cafeteria or Canteen, Waste Disposal, Maintenance Staff, Cleaning Services, Business Center, Conference Room, Security Staff, CCTV Security, Shared Kitchen, Laundry Room, Laundry Facility, Broadband Internet, Satellite/Cable TV, Intercom, ATM Facility, 24 Hours Concierge, Maids Room, Freehold","https://www.bayut.eg/en/property/details-503481047.html","2026-05-07 00:00:00","bayut","2026-05-09 14:25:12.653","2026-05-09 20:38:59.101153"
1866,"d13302d974203cc63b02864952919b8a",3500000,"Jade Park, R3, New Capital City, Cairo","With a 50% discount, you'll receive a fully finished, ultra-super-lux 109m² apartment with a stunning view directly overlooking the iconic tower.","2",1,109,"Apartment","Unfurnished","Covered parking, Electricity Meter, Water Meter, Natural Gas, Balcony or Terrace, Service Elevators, First Aid Medical Center, Gym or Health Club, Facilities for Disabled, Swimming Pool, Day Care Center, Kids Play Area, Lawn or Garden, Barbeque Area, Freehold","https://www.bayut.eg/en/property/details-503480903.html","2026-05-07 00:00:00","bayut","2026-05-09 14:25:14.293","2026-05-09 20:38:59.782128"
1867,"a74674d8ec26369fb8123f0491d2aa07",33600000,"Granville, New Capital City, Cairo","Your villa is ready for immediate delivery, fully finished—live the luxury lifestyle in Granville, New Administrative Capital.","6",6,400,"Villa","Unfurnished","","https://www.bayut.eg/en/property/details-503480592.html","2026-05-07 00:00:00","bayut","2026-05-09 14:25:14.614","2026-05-09 20:39:00.601397"
1868,"260b0970a9c02f88727024d1b6a0a640",3700000,"Kardia, New Capital City, Cairo","Apartment for sale with an open view of the Central Park, one of the most important landmarks in R8, New Administrative Capital.","3",3,168,"Apartment","Unfurnished","","https://www.bayut.eg/en/property/details-503480586.html","2026-05-07 00:00:00","bayut","2026-05-09 14:25:14.891","2026-05-09 20:39:01.281386"
1869,"e64399dc8098b8fe0bfc8ade72d47091",16280000,"The Wonder MarQ, Mostakbal City, Cairo","Villa for sale at the lowest price with a private garden 3 bedrooms prime location in The Wonder Mark compound Mostakbal City.","3",3,175,"Villa","Unfurnished","Covered parking, Electricity Meter, Lawn or Garden","https://www.bayut.eg/en/property/details-503480481.html","2026-05-07 00:00:00","bayut","2026-05-09 14:25:15.131","2026-05-09 20:39:02.095035"
1871,"d9bc67eaafb7390e4582ac9f0492adbd",9700000,"Palm Hills New Cairo Compound, 5th Settlement, New Cairo, Cairo","Very prime view pocket & landscape ready to to move apartment for sale in Palm hills new cairo compound 5th settlement","2",3,171,"Apartment","Unfurnished","Built in Kitchen Appliances, First Aid Medical Center, Gym or Health Club, Swimming Pool, Jacuzzi, Sauna, Steam Room, Day Care Center, Kids Play Area, Lawn or Garden, Barbeque Area, Cafeteria or Canteen, Shared Kitchen, Laundry Room, Laundry Facility","https://www.bayut.eg/en/property/details-503480165.html","2026-05-07 00:00:00","bayut","2026-05-09 14:25:15.598","2026-05-09 20:39:03.350877"
1872,"030f57fe2430653af558380ecc8e7762",15000000,"Hyde Park New Cairo Compound, 5th Settlement, New Cairo, Cairo","For sale twin house with a private swimming pool ready for occupancy in Hyde Park - Hyde Park New Cairo next to Mivida.","4",5,300,"Villa","Unfurnished","First Aid Medical Center, Gym or Health Club, Swimming Pool, Jacuzzi, Sauna, Steam Room, Day Care Center, Kids Play Area, Lawn or Garden, Barbeque Area, Cafeteria or Canteen","https://www.bayut.eg/en/property/details-503480109.html","2026-05-07 00:00:00","bayut","2026-05-09 14:25:15.834","2026-05-09 20:39:04.150967"
1873,"d489cb4ff084da948f45f1f18b14aaa9",60000000,"Katameya Dunes Compound, 5th Settlement, New Cairo, Cairo","Luxury villa ready to move view golf in Katameya dunes compound","5",5,550,"Villa","Unfurnished","Built in Kitchen Appliances, Covered parking, Pets Allowed, Electricity Meter, Water Meter, Natural Gas, Landline, First Aid Medical Center, Gym or Health Club, Facilities for Disabled, Swimming Pool, Jacuzzi, Sauna, Steam Room, Day Care Center, Kids Play Area, Lawn or Garden, Barbeque Area, Cafeteria or Canteen, Shared Kitchen, Laundry Room, Laundry Facility","https://www.bayut.eg/en/property/details-503479588.html","2026-05-07 00:00:00","bayut","2026-05-09 14:25:16.147","2026-05-09 20:39:04.921051"
1874,"e829768b622c1f363bc6f5a90b91bba6",35000000,"Mivida Compound, 5th Settlement, New Cairo, Cairo","Luxury villa with 5 bedrooms, top-of-the-line finishing on the market, boasting the most beautiful view.","4",5,310,"Villa","Unfurnished","Built in Kitchen Appliances, Covered parking, Pets Allowed, Electricity Meter, Water Meter, Natural Gas, Landline, First Aid Medical Center, Gym or Health Club, Facilities for Disabled, Swimming Pool, Jacuzzi, Sauna, Steam Room, Day Care Center, Kids Play Area, Lawn or Garden, Barbeque Area, Cafeteria or Canteen, Shared Kitchen, Laundry Room, Laundry Facility","https://www.bayut.eg/en/property/details-503479566.html","2026-05-07 00:00:00","bayut","2026-05-09 14:25:16.366","2026-05-09 20:39:05.481783"
1875,"61afb69e4a8c14ed06cc6928712cf170",25000000,"Hyde Park New Cairo Compound, 5th Settlement, New Cairo, Cairo","Finished Villa with a Landscape View and Lake in Hyde Park next to Mivida Emaar","5",5,374,"Villa","Unfurnished","Covered parking, Pets Allowed, Electricity Meter, Water Meter, Natural Gas, Landline, Balcony or Terrace, First Aid Medical Center, Gym or Health Club, Swimming Pool, Jacuzzi, Sauna, Steam Room, Day Care Center, Kids Play Area, Lawn or Garden, Barbeque Area, Waste Disposal, Maintenance Staff, Cleaning Services, Security Staff, CCTV Security, ATM Facility","https://www.bayut.eg/en/property/details-503478480.html","2026-05-07 00:00:00","bayut","2026-05-09 14:25:16.658","2026-05-09 20:39:06.310839"
1876,"5f005ac6190a17aa446a5379c9b31da6",9600000,"Madinaty, Cairo","Ultra Luxury Hotel Apartment for Sale in Madinaty B10, 116 sq m, Wide Garden View, Furnished, Appliances, Air Conditioning, and Kitchen","3",2,116,"Apartment","Furnished","Built in Kitchen Appliances, Furnished, Covered parking, Electricity Meter, Water Meter, Double Glazed Windows, Landline, Central A/C & heating, Balcony or Terrace, Lobby in Building, Elevators in Building: 1, Completion Year: 3, Flooring, Lawn or Garden, Waste Disposal, Maintenance Staff, Cleaning Services, Security Staff, Laundry Room, Laundry Facility, Broadband Internet, Satellite/Cable TV, Intercom, 24 Hours Concierge","https://www.bayut.eg/en/property/details-503476970.html","2026-05-07 00:00:00","bayut","2026-05-09 14:25:16.886","2026-05-09 20:39:07.322329"
1877,"3562937eef19adbdc50c5b5c6d8c4fe5",5900000,"Rock Vera Compound, 5th Settlement, New Cairo, Cairo","With a huge cash discount of up to 45% – Ready-to-move apartment in Fifth Settlement","3",3,153,"Apartment","","Built in Kitchen Appliances, Covered parking, Pets Allowed, Electricity Meter, Water Meter, Natural Gas, Landline","https://www.bayut.eg/en/property/details-503432089.html","2026-05-07 00:00:00","bayut","2026-05-09 14:25:17.109","2026-05-09 20:39:09.06114"
1878,"b865f022aaee659b01cc657171faca10",23000000,"Hyde Park New Cairo Compound, 5th Settlement, New Cairo, Cairo","Distinctive villa with 5% down payment in Hyde park New Cairo, the most beautiful location","4",5,270,"Villa","Unfurnished","Built in Kitchen Appliances, Covered parking, Pets Allowed, Electricity Meter, Water Meter, Natural Gas, Landline, First Aid Medical Center, Gym or Health Club, Facilities for Disabled, Swimming Pool, Jacuzzi, Sauna, Steam Room, Day Care Center, Kids Play Area, Lawn or Garden, Barbeque Area, Cafeteria or Canteen, Shared Kitchen, Laundry Room, Laundry Facility","https://www.bayut.eg/en/property/details-502892277.html","2026-05-07 00:00:00","bayut","2026-05-09 14:25:17.325","2026-05-09 20:39:09.801466"
1879,"46b4ffe062c734e52f48f815c8f2ca80",5403535,"Ray Residence, New Capital City, Cairo","2 Bedroom Apartment 141m + 13m Garden on Boulevard in New Capital","2",3,141,"Apartment","Unfurnished","Built in Kitchen Appliances, Landline, First Aid Medical Center, Gym or Health Club, Swimming Pool, Jacuzzi, Sauna, Steam Room, Day Care Center, Kids Play Area, Lawn or Garden, Barbeque Area, Cafeteria or Canteen, Waste Disposal, Maintenance Staff, Cleaning Services, Business Center, Conference Room, Security Staff, CCTV Security, Shared Kitchen, Laundry Room, Laundry Facility, Broadband Internet, Satellite/Cable TV, Intercom, 24 Hours Concierge","https://www.bayut.eg/en/property/details-503483168.html","2026-05-07 00:00:00","bayut","2026-05-09 14:25:17.547","2026-05-09 20:39:10.341939"
1880,"6cb5e8486b9bb27853c3e332e3d11a22",4713188,"Sage Lakes, New Capital City, Cairo","Own your apartment at the lowest price per square meter in the market","3",3,150,"Apartment","Unfurnished","First Aid Medical Center, Gym or Health Club, Swimming Pool, Jacuzzi, Sauna, Steam Room, Day Care Center, Kids Play Area, Lawn or Garden, Barbeque Area, Cafeteria or Canteen, Waste Disposal, Maintenance Staff, Cleaning Services","https://www.bayut.eg/en/property/details-503481632.html","2026-05-07 00:00:00","bayut","2026-05-09 14:25:17.768","2026-05-09 20:39:10.922324"
1881,"842aa7d7083a69b562e1539298f67469",5889600,"Kardia, New Capital City, Cairo","Own a Luxury Duplex with Only 61,600 EGP Monthly Installment in a Compound with 40% Construction Progress","3",5,288,"Apartment","Unfurnished","Built in Kitchen Appliances, Landline, First Aid Medical Center, Gym or Health Club, Swimming Pool, Jacuzzi, Sauna, Steam Room, Day Care Center, Kids Play Area, Lawn or Garden, Barbeque Area, Cafeteria or Canteen, Waste Disposal, Maintenance Staff, Cleaning Services, Business Center, Conference Room, Security Staff, CCTV Security, Shared Kitchen, Laundry Room, Laundry Facility, Broadband Internet, Satellite/Cable TV, Intercom, 24 Hours Concierge","https://www.bayut.eg/en/property/details-503480437.html","2026-05-07 00:00:00","bayut","2026-05-09 14:25:17.991","2026-05-09 20:39:11.581849"
1882,"f19a2befdeb60750d376c25272f45bd5",35000000,"Stone Park Compound, Katameya, Cairo","Villa for Sale in stone park , Ready Now, Fully Finished, Near AUC & Katameya Heights, Prime Location, Immediate Move-In","4",5,293,"Villa","Furnished","Built in Kitchen Appliances, First Aid Medical Center, Gym or Health Club, Swimming Pool, Jacuzzi, Sauna, Steam Room, Day Care Center, Kids Play Area, Lawn or Garden, Barbeque Area, Cafeteria or Canteen, Shared Kitchen, Laundry Room, Laundry Facility","https://www.bayut.eg/en/property/details-503479722.html","2026-05-07 00:00:00","bayut","2026-05-09 14:25:18.21","2026-05-09 20:39:12.172102"
1884,"6ae04a449988df86d23c36424c6bbf50",25000000,"Mivida Compound, 5th Settlement, New Cairo, Cairo","LOWEST PRICE Resale 214m Fully Finished for sale in Mivida Boulevard by Emaar New Cairo","3",3,214,"Apartment","Unfurnished","Maids Room","https://www.bayut.eg/en/property/details-503465526.html","2026-05-07 00:00:00","bayut","2026-05-09 14:25:18.645","2026-05-09 20:39:13.673194"
1885,"14afbab63fabeddae4f26371076ac1ff",3464016,"Defaf, R8, New Capital City, Cairo","Own your apartment in a fully serviced residential compound with monthly installments of only 20,000 EGP.","2",2,125,"Apartment","Unfurnished","Landline, First Aid Medical Center, Gym or Health Club, Swimming Pool, Jacuzzi, Sauna, Security Staff, Shared Kitchen, Laundry Room, Laundry Facility, Broadband Internet, Satellite/Cable TV, Intercom","https://www.bayut.eg/en/property/details-503482219.html","2026-05-07 00:00:00","bayut","2026-05-09 14:25:18.864","2026-05-09 20:39:14.231775"
1886,"47fb8a1d91cfebea79ea8a579b1de73a",35000000,"Madinaty, Cairo","If you're looking for a Standalone villa in Madinty with truly rare specifications, this opportunity is worth considering for a while.","5",5,290,"Villa","Unfurnished","","https://www.bayut.eg/en/property/details-503475734.html","2026-05-06 00:00:00","bayut","2026-05-09 14:25:19.089","2026-05-09 20:39:14.75166"
1887,"879addfb73e78e8e0c087334c41eb1eb",5625000,"North Rehab, 1st Settlement, New Cairo, Cairo","For Sale: 155 sqm Apartment + Garden - Your apartment in the best location in New Cairo, in front of Rehab City and the Eastern Market of Rehab.","3",3,155,"Apartment","Unfurnished","Covered parking, Pets Allowed, Parking Spaces: 1, Electricity Meter, Water Meter, Storage Areas, Balcony or Terrace, Elevators in Building: 1, Service Elevators, Completion Year, Total Floors: 3, Lawn or Garden, Barbeque Area, Maintenance Staff, Security Staff, CCTV Security, Nearby Shopping Malls, View, Freehold","https://www.bayut.eg/en/property/details-502975617.html","2026-05-06 00:00:00","bayut","2026-05-09 14:25:19.311","2026-05-09 20:39:15.312071"
1888,"a0c5dffcb9d66eddda266ffa5694693b",11040000,"Talala, New Heliopolis, Cairo","Best Price Townhouse Fully Finished 166SQM in Talala very prime location - over 10 years","4",4,166,"Townhouse","Unfurnished","Covered parking, Electricity Meter, Water Meter, Balcony or Terrace, Reception/Waiting Room, Maintenance Staff, Cleaning Services, Security Staff","https://www.bayut.eg/en/property/details-503466650.html","2026-05-05 00:00:00","bayut","2026-05-09 14:25:19.531","2026-05-09 20:39:15.990898"
1889,"58045fa754eedca8b5a6ceab8009af25",18500000,"Eastown Compound, 5th Settlement, New Cairo, Cairo","For Sale Finished Twin House Villa 245 sq m in Eastown Compound Fifth Settlement New Cairo ready to move","4",4,244,"Twin House","Unfurnished","Built in Kitchen Appliances, Covered parking, Pets Allowed, Electricity Meter, Water Meter, Natural Gas, Landline, Lawn or Garden","https://www.bayut.eg/en/property/details-503328328.html","2026-05-07 00:00:00","bayut","2026-05-09 14:25:19.762","2026-05-09 20:39:16.681747"
1890,"f997d8437923286600bc764a8f09b1cf",9000000,"Madinaty, Cairo","Apartment for sale, 150 m, open sea view, B8 near services","3",2,150,"Apartment","","Built in Kitchen Appliances, Electricity Backup, Pets Allowed, Parking Spaces: 1, Water Meter, Landline, Balcony or Terrace, Lobby in Building, Elevators in Building: 1, Service Elevators, Completion Year: 4, Prayer Room, Reception/Waiting Room, Flooring, Total Floors: 2, First Aid Medical Center, Gym or Health Club, Facilities for Disabled, Swimming Pool, Jacuzzi, Sauna, Steam Room, Day Care Center, Kids Play Area, Lawn or Garden, Barbeque Area, Cafeteria or Canteen, Waste Disposal, Maintenance Staff, Cleaning Services, Business Center, Conference Room, Security Staff, CCTV Security, Shared Kitchen, Laundry Room, Laundry Facility, Broadband Internet, Satellite/Cable TV, Intercom, ATM Facility, 24 Hours Concierge, Maids Room, Nearby Shopping Malls, View, Freehold","https://www.bayut.eg/en/property/details-503474423.html","2026-05-06 00:00:00","bayut","2026-05-09 14:25:20.016","2026-05-09 20:39:17.501671"
1891,"deb5d05d65723037eaffd62e140b90e7",25100000,"Hyde Park New Cairo Compound, 5th Settlement, New Cairo, Cairo","Twin House Villa for Sale 280m DP & Installments Prime Location Landscape View in Hyde Park – Fifth Settlement, New Cairo, Near Mivida","4",4,280,"Twin House","Unfurnished","","https://www.bayut.eg/en/property/details-503089284.html","2026-05-04 00:00:00","bayut","2026-05-09 14:25:20.245","2026-05-09 20:39:18.181139"
1892,"ed4e4c858049f24483d0391f516c430b",6200000,"Bloomfields, Mostakbal City, Cairo","Pay the Lowest Downpayment for a 2 master bedrooms Apartment with 3 bathrooms in Bloomfields","2",3,105,"Apartment","Unfurnished","Covered parking, Electricity Meter, Water Meter, Natural Gas, Landline","https://www.bayut.eg/en/property/details-503459934.html","2026-05-03 00:00:00","bayut","2026-05-09 14:25:20.462","2026-05-09 20:39:18.793524"
1893,"b7a781128ad0cb16d629c26c7f5e1a7e",7390000,"Stoda Residence, Sheraton, Cairo","Income Property Fully Finished Apartment in Stoda Ready To Move with Landscape View Over 10 Years","2",2,154,"Apartment","Unfurnished","Covered parking, Electricity Meter, Water Meter, Balcony or Terrace, Reception/Waiting Room, Maintenance Staff, Cleaning Services, Security Staff","https://www.bayut.eg/en/property/details-503462344.html","2026-05-04 00:00:00","bayut","2026-05-09 14:25:20.681","2026-05-09 20:39:19.551818"
1894,"aa659c3593058e5c594b9071dfbc07ff",13900000,"Sarai, Mostakbal City, Cairo","Standalone in Sarai Beside Madinty With 50% Cash Discount 13,900,000","4",3,196,"Villa","Unfurnished","Built in Kitchen Appliances, Covered parking, Electricity Backup, Pets Allowed, Electricity Meter, Water Meter, Storage Areas, Natural Gas, Landline, Central A/C & heating, Balcony or Terrace, Lawn or Garden, Barbeque Area, Waste Disposal, Maintenance Staff, Cleaning Services, Security Staff, CCTV Security, Laundry Room, Laundry Facility, Maids Room, Freehold","https://www.bayut.eg/en/property/details-503460999.html","2026-05-04 00:00:00","bayut","2026-05-09 14:25:20.903","2026-05-09 20:39:20.023633"
1895,"7574ce7ef01883e580047dd1ea8fb7bd",3600000,"Sarai, Mostakbal City, Cairo","Studio Apartment for sale in Sarai Over 12 Years - 7,500 Monthly Installments","Studio",1,50,"Apartment","Unfurnished","Built in Kitchen Appliances, Covered parking, Pets Allowed, Electricity Meter, Water Meter, Natural Gas, Landline, Balcony or Terrace, Service Elevators, Lawn or Garden, Conference Room, Security Staff, CCTV Security, Laundry Room","https://www.bayut.eg/en/property/details-503460763.html","2026-05-04 00:00:00","bayut","2026-05-09 14:25:21.126","2026-05-09 20:39:20.622011"
1896,"40cfca50abadea3e871058a9ba64941a",5200000,"Madinaty, Cairo","Apartment for sale in Madinaty Wide Garden B7","2",2,96,"Apartment","Unfurnished","Natural Gas, First Aid Medical Center, Gym or Health Club, Swimming Pool, Day Care Center, Kids Play Area, Cafeteria or Canteen, Waste Disposal, Maintenance Staff, Cleaning Services, Security Staff, CCTV Security, Satellite/Cable TV, Intercom, 24 Hours Concierge, View","https://www.bayut.eg/en/property/details-503485626.html","2026-05-09 00:00:00","bayut","2026-05-09 14:25:21.349","2026-05-09 20:39:21.111916"
1897,"4dd00db03a40839f941babb726c3f8e5",7500000,"Rehab City, New Cairo, Cairo","Apartment for sale in Al Rehab, New Cairo, in the newest phase of Al Rehab. High-end finishes, brand new. (Phase 5) Apartment area: 130 square meter","3",2,130,"Apartment","Unfurnished","Built in Kitchen Appliances, Covered parking, Parking Spaces: 1, Electricity Meter, Water Meter, Natural Gas, Lawn or Garden, Security Staff, CCTV Security","https://www.bayut.eg/en/property/details-503451512.html","2026-05-02 00:00:00","bayut","2026-05-09 14:25:21.567","2026-05-09 20:39:21.62234"
1912,"35336247c73907ed788a4adaeecb68bc",16543592,"Mountain View 1.1, 5th Settlement, New Cairo, Cairo","I villa for sale in mountain view 1.1 - New Cairo","3",4,245,"iVilla","","Covered parking, Lobby in Building, Gym or Health Club, Swimming Pool, Jacuzzi, Sauna, Kids Play Area, Lawn or Garden, Barbeque Area, Maintenance Staff, Business Center, Security Staff, CCTV Security, Maids Room","https://www.bayut.eg/en/property/details-503406689.html","2026-04-22 00:00:00","bayut","2026-05-09 14:25:24.906","2026-05-09 20:39:30.672211"
1898,"3d6bc72bd70faaca4983ad5f148f8cba",6248029,"Qamari, New Capital City, Cairo","The Ultimate Investment & Luxury Living on Diplomatic District","3",3,168,"Apartment","Unfurnished","Built in Kitchen Appliances, Landline, First Aid Medical Center, Gym or Health Club, Swimming Pool, Jacuzzi, Sauna, Steam Room, Day Care Center, Kids Play Area, Lawn or Garden, Barbeque Area, Cafeteria or Canteen, Waste Disposal, Maintenance Staff, Cleaning Services, Business Center, Conference Room, Security Staff, CCTV Security, Shared Kitchen, Laundry Room, Laundry Facility, Broadband Internet, Satellite/Cable TV, Intercom, 24 Hours Concierge","https://www.bayut.eg/en/property/details-503484934.html","2026-05-08 00:00:00","bayut","2026-05-09 14:25:21.786","2026-05-09 20:39:22.361508"
1899,"c8186edcfc78df302c23b8baee21dfcb",33000000,"Madinaty, Cairo","Luxury villa for sale in Madinaty, corner, pathway on a large wide garden, ready.","4",4,410,"Villa","Unfurnished","Covered parking, Electricity Backup, Pets Allowed, Electricity Meter, Water Meter, Storage Areas, Natural Gas, Landline, Balcony or Terrace, Completion Year: 3, Lawn or Garden, Security Staff, CCTV Security, Broadband Internet, Maids Room","https://www.bayut.eg/en/property/details-503447426.html","2026-04-30 00:00:00","bayut","2026-05-09 14:25:22.007","2026-05-09 20:39:23.051924"
1900,"08860b120c5594ab943cb07474dc3278",41000000,"Hyde Park New Cairo Compound, 5th Settlement, New Cairo, Cairo","last twin for sale in hydepark new cairo now ready to move unite cash 41000.000","5",4,400,"Villa","","Built in Kitchen Appliances, Covered parking, Electricity Meter, Balcony or Terrace, First Aid Medical Center, Gym or Health Club, Swimming Pool, Sauna, Steam Room, Day Care Center, Kids Play Area, Lawn or Garden, Barbeque Area, Cafeteria or Canteen, Shared Kitchen, Laundry Room, Laundry Facility","https://www.bayut.eg/en/property/details-503484402.html","2026-05-08 00:00:00","bayut","2026-05-09 14:25:22.224","2026-05-09 20:39:23.864213"
1901,"72b2189ef23dd7ef02163eff32b28e79",30000000,"Al Shorouk Road, 6th Zone, Shorouk City, Cairo","Villa for sale ready to move now fully finished cash 30.000. 000 6 bedrooms","6",4,500,"Villa","","Built in Kitchen Appliances, Covered parking, Electricity Meter, Balcony or Terrace, Service Elevators, First Aid Medical Center, Gym or Health Club, Swimming Pool, Steam Room, Day Care Center, Kids Play Area, Lawn or Garden, Barbeque Area, Cafeteria or Canteen, Shared Kitchen, Laundry Room, Laundry Facility","https://www.bayut.eg/en/property/details-503484377.html","2026-05-08 00:00:00","bayut","2026-05-09 14:25:22.442","2026-05-09 20:39:24.70458"
1902,"3e84e8d0573dcc17b0b5a72da01f2bdd",30000000,"New Cairo, Cairo","Villa for sale dierct view on lake fully finished cash 30.000. 000","4",4,300,"Villa","","Covered parking, Electricity Meter, Balcony or Terrace, Lobby in Building, First Aid Medical Center, Gym or Health Club, Swimming Pool, Day Care Center, Kids Play Area, Lawn or Garden, Barbeque Area","https://www.bayut.eg/en/property/details-503484397.html","2026-05-08 00:00:00","bayut","2026-05-09 14:25:22.678","2026-05-09 20:39:25.172162"
1903,"110886cc932b1d04b7d4f323cb9b6849",12000000,"New Cairo, Cairo","Villa FOR SALE 5 bedrooms very prime location cash 12000.000","5",5,240,"Villa","","First Aid Medical Center, Swimming Pool, Jacuzzi, Sauna, Steam Room, Day Care Center, Kids Play Area, Lawn or Garden, Barbeque Area, Cafeteria or Canteen","https://www.bayut.eg/en/property/details-503484384.html","2026-05-08 00:00:00","bayut","2026-05-09 14:25:22.897","2026-05-09 20:39:25.731964"
1904,"2b5d83a421870c5a5ce6ecd644e71033",10000000,"Mountain View iCity Compound, 5th Settlement, New Cairo, Cairo","immediate delivery: a 280m² villa + 213m² garden | For sale in Fifth Settlement, next to Shorouk City","4",3,280,"Villa","Unfurnished","Built in Kitchen Appliances, Covered parking, Pets Allowed, Electricity Meter, Water Meter, Landline, Day Care Center, Kids Play Area, Lawn or Garden, Barbeque Area, Cafeteria or Canteen, Waste Disposal, Maintenance Staff, Cleaning Services","https://www.bayut.eg/en/property/details-503426148.html","2026-04-27 00:00:00","bayut","2026-05-09 14:25:23.117","2026-05-09 20:39:26.411984"
1905,"4cd9b042b6c9c1d15e600192fb02a28b",33500000,"Swan Lake Residences, 1st Settlement, New Cairo, Cairo","CORNER TWIN FOR SALE IN SLR GISELLE READY TO MOVE","4",3,303,"Twin House","Unfurnished","Electricity Meter, Central A/C & heating, Balcony or Terrace, Gym or Health Club, Lawn or Garden, Maintenance Staff, Business Center, Security Staff, Laundry Facility, Satellite/Cable TV","https://www.bayut.eg/en/property/details-503160719.html","2026-04-26 00:00:00","bayut","2026-05-09 14:25:23.351","2026-05-09 20:39:27.001761"
1906,"64ed8e19221051fd973693c16a09ba78",22000000,"Obour City, Cairo","Villa for sale in a prime location in Obour City – 1400 sq m. A great opportunity for living or investment with a high return.","11",9,1400,"Villa","Unfurnished","Built in Kitchen Appliances, Covered parking, Electricity Backup, Pets Allowed, Parking Spaces: 2, Electricity Meter, Water Meter, Storage Areas, Natural Gas, Landline, Study Room, Balcony or Terrace, Lobby in Building, Elevators in Building: 1, Prayer Room, Reception/Waiting Room, Facilities for Disabled, Lawn or Garden, Maintenance Staff, Cleaning Services, Conference Room, Security Staff, CCTV Security, Shared Kitchen, Laundry Room, Laundry Facility, Broadband Internet, Satellite/Cable TV, Intercom, 24 Hours Concierge, Maids Room, Freehold","https://www.bayut.eg/en/property/details-503313979.html","2026-05-07 00:00:00","bayut","2026-05-09 14:25:23.573","2026-05-09 20:39:27.601882"
1907,"91034eeaa7b17d486d0834062caadcf3",25000000,"Madinaty, Cairo","Villa for sale in Madinaty, ready for living, fully sea view, largest land.","3",4,420,"Villa","Unfurnished","Pets Allowed, Water Meter, Natural Gas, Balcony or Terrace, Completion Year: 3, Lawn or Garden, Security Staff, Maids Room","https://www.bayut.eg/en/property/details-503475633.html","2026-05-06 00:00:00","bayut","2026-05-09 14:25:23.792","2026-05-09 20:39:28.38203"
1908,"1421d3bc8827e64864343ccd47b103b0",3800000,"Madinaty, Cairo","For sale, a 70 square meter apartment in b7 Madinaty, with a prime location and price.","2",1,70,"Apartment","Unfurnished","Water Meter, Natural Gas, Balcony or Terrace, Lobby in Building, First Aid Medical Center, Gym or Health Club, Waste Disposal, Security Staff, Shared Kitchen","https://www.bayut.eg/en/property/details-503482892.html","2026-05-08 00:00:00","bayut","2026-05-09 14:25:24.022","2026-05-09 20:39:28.965755"
1909,"14439b0b6880d38c0b7e8d37f64dd480",5083000,"New Capital City, Cairo","Apartment for sale in R7 at the New Administrative Capital inside Sky Capital near the Green River with 5% down payment and installments up to 8 years","3",2,170,"Apartment","Unfurnished","Covered parking, Kids Play Area","https://www.bayut.eg/en/property/details-503422767.html","2026-04-26 00:00:00","bayut","2026-05-09 14:25:24.239","2026-05-09 20:39:29.451485"
1910,"58432cc37404a963f9a279d02476135d",8200000,"Hyde Park New Cairo Compound, 5th Settlement, New Cairo, Cairo","Center Ville Phase fully finished apartment ready to move 3bedrooms prime location landscape view for sale in Hyde Park Fifth Settlement New Cairo","3",2,133,"Apartment","Unfurnished","Pets Allowed, Electricity Meter, Water Meter, Natural Gas, Landline, Day Care Center, Kids Play Area, Barbeque Area, Cafeteria or Canteen","https://www.bayut.eg/en/property/details-502846949.html","2026-04-23 00:00:00","bayut","2026-05-09 14:25:24.467","2026-05-09 20:39:29.84184"
1911,"1d691b5ed5944d8421cc67267b4e72a5",25000000,"Madinaty, Cairo","Modern twin house villa for sale in Madinaty, 270 sqm, special finishing, prime location in front of services","4",4,270,"Villa","Unfurnished","Built in Kitchen Appliances, Pets Allowed, Lawn or Garden, Barbeque Area","https://www.bayut.eg/en/property/details-503410000.html","2026-04-22 00:00:00","bayut","2026-05-09 14:25:24.686","2026-05-09 20:39:30.231807"
1913,"70e75f7535b6b7d720ddeaa275f26f28",3537615,"New Obour City, Obour City, Cairo","Own a 140m apartment with a 31m private garden overlooking Street 90 in Al Obour.","3",3,140,"Apartment","Unfurnished","Built in Kitchen Appliances, Covered parking, Electricity Backup, Electricity Meter, Centrally Air-Conditioned, Central Heating, Water Meter, Double Glazed Windows, Storage Areas, Natural Gas, Landline, Central A/C & heating, Balcony or Terrace, Elevators in Building: 1, Service Elevators, Flooring, Total Floors: 5, First Aid Medical Center, Gym or Health Club, Facilities for Disabled, Swimming Pool, Day Care Center, Kids Play Area, Lawn or Garden, Cafeteria or Canteen, Waste Disposal, Maintenance Staff, Cleaning Services, Security Staff, CCTV Security, Laundry Facility, Broadband Internet, Satellite/Cable TV, Intercom, 24 Hours Concierge","https://www.bayut.eg/en/property/details-501964082.html","2026-04-22 00:00:00","bayut","2026-05-09 14:25:25.126","2026-05-09 20:39:31.092386"
1914,"01edadf72f915c9bb9636cbc1f100b8a",47000000,"Hyde Park New Cairo Compound, 5th Settlement, New Cairo, Cairo","For sale at the old price: a 420 sqm villa with ultra-super-lux finishing in Hyde Park, New Cairo. Ready for viewing and occupancy.","5",4,420,"Villa","Furnished","Furnished, Covered parking, Pets Allowed, Lawn or Garden, Barbeque Area, Waste Disposal, Maintenance Staff, Cleaning Services, Security Staff, CCTV Security","https://www.bayut.eg/en/property/details-503211200.html","2026-05-07 00:00:00","bayut","2026-05-09 14:25:25.362","2026-05-09 20:39:31.501903"
1915,"200173db5436e2f98d9db1d033acb4f8",17500000,"Creek Town Compound, 5th Settlement, New Cairo, Cairo","villa for sale in creek town prime location with down payment and installment","4",5,305,"Villa","Unfurnished","Covered parking, Pets Allowed, Water Meter, Natural Gas, Landline","https://www.bayut.eg/en/property/details-503432461.html","2026-04-28 00:00:00","bayut","2026-05-09 14:25:25.589","2026-05-09 20:39:31.893381"
1916,"2805fa87f5aefc56b387be475aa59298",7500000,"Rehab City, New Cairo, Cairo","A detached villa of 380 square meters for immediate sale in Rehab at the old price","6",4,380,"Villa","Unfurnished","Built in Kitchen Appliances, Covered parking, Pets Allowed, Electricity Meter, Water Meter, Natural Gas, Landline, Balcony or Terrace, Lobby in Building, Service Elevators, Prayer Room, Reception/Waiting Room, First Aid Medical Center, Gym or Health Club, Facilities for Disabled, Swimming Pool, Jacuzzi, Sauna, Steam Room, Day Care Center, Kids Play Area, Lawn or Garden, Barbeque Area, Cafeteria or Canteen, Business Center, Conference Room, Security Staff, CCTV Security, Laundry Room, Laundry Facility","https://www.bayut.eg/en/property/details-503404583.html","2026-04-22 00:00:00","bayut","2026-05-09 14:25:25.806","2026-05-09 20:39:32.311303"
1917,"d3a570b2fb0c188a758da19eb59d4f28",5350000,"El Koronfel, 1st Settlement, New Cairo, Cairo","Apartment with garden for sale in Al Koronfel, immediate delivery from the owner.","3",3,200,"Apartment","Unfurnished","Electricity Meter, Water Meter, Lawn or Garden, Freehold","https://www.bayut.eg/en/property/details-503401545.html","2026-04-21 00:00:00","bayut","2026-05-09 14:25:26.03","2026-05-09 20:39:32.712975"
1918,"bccdd60135f71aa5a4703672cda9097e",6800000,"El Koronfel, 1st Settlement, New Cairo, Cairo","Apartment for sale in Al koronfel 1, directly from the owner, immediate delivery, opposite Al Marasem Compound.","3",3,230,"Apartment","Unfurnished","Balcony or Terrace, Electricity Meter, Water Meter, Service Elevators","https://www.bayut.eg/en/property/details-503401538.html","2026-04-21 00:00:00","bayut","2026-05-09 14:25:26.247","2026-05-09 20:39:33.131443"
1919,"3c4155bc11e02fb83d75aaa1f8956413",6250000,"El Banafseg 8, 1st Settlement, New Cairo, Cairo","Apartment for sale in Violet Villas 8 - Direct from owner - Garden view","3",2,250,"Apartment","Unfurnished","Balcony or Terrace, Electricity Meter, Water Meter, Elevators in Building: 1, Service Elevators, Freehold","https://www.bayut.eg/en/property/details-503274108.html","2026-04-21 00:00:00","bayut","2026-05-09 14:25:26.463","2026-05-09 20:39:33.501224"
1920,"8cb3c64c7aba69797474bbe0acddb24e",7000000,"Diplomats Compound, 5th Settlement, New Cairo, Cairo","roof for sale in diplomats compound-from the owner","3",2,330,"Apartment","Unfurnished","Electricity Meter, Water Meter, Balcony or Terrace, Elevators in Building: 1, Service Elevators, Security Staff, CCTV Security, 24 Hours Concierge, Freehold","https://www.bayut.eg/en/property/details-502999015.html","2026-04-21 00:00:00","bayut","2026-05-09 14:25:26.685","2026-05-09 20:39:33.891275"
1921,"adb0d0d61a95b070f39ff09f071acf0a",11400000,"Golden Heights Compound, 1st Settlement, New Cairo, Cairo","Receive immediately a palace for sale in the first compound in front of Al Rehab, minutes from the ninety","8",7,617,"Villa","Unfurnished","","https://www.bayut.eg/en/property/details-503404579.html","2026-04-22 00:00:00","bayut","2026-05-09 14:25:26.905","2026-05-09 20:39:34.261456"
1922,"b59bf3cb3b312c6122b144b5044efdd1",12000000,"Sodic East, New Heliopolis, Cairo","Villa for sale fully finished from the owner, with a private garage for two cars and a private swimming pool.","6",4,215,"Villa","Unfurnished","","https://www.bayut.eg/en/property/details-503149264.html","2026-04-22 00:00:00","bayut","2026-05-09 14:25:27.125","2026-05-09 20:39:34.671431"
1923,"c12ed9dc15e260713904b9d02db86352",2900000,"Obour City, Cairo","Own a 110m apartment in a luxury compound in the heart of Al Abour with installment payment over 7 years and a 20% down payment!","2",1,110,"Apartment","Unfurnished","Covered parking, Pets Allowed, Electricity Meter, Water Meter, Natural Gas, Landline, Balcony or Terrace, Elevators in Building: 1, Service Elevators, Flooring, Total Floors: 5, Gym or Health Club, Facilities for Disabled, Swimming Pool, Kids Play Area, Lawn or Garden, Cafeteria or Canteen, Maintenance Staff, Cleaning Services, Security Staff, CCTV Security, 24 Hours Concierge","https://www.bayut.eg/en/property/details-502617566.html","2026-04-21 00:00:00","bayut","2026-05-09 14:25:27.344","2026-05-09 20:39:35.081707"
1924,"54b04ff27de3658c4da63522e6e94b00",5128000,"Noor City, New Capital City, Cairo","Apartment for sale in Noor City, 96 square meters with a garden.","2",2,96,"Apartment","Unfurnished","Covered parking, Balcony or Terrace, Lobby in Building, Elevators in Building: 2, Service Elevators, Prayer Room, Reception/Waiting Room, First Aid Medical Center, Gym or Health Club, Facilities for Disabled, Swimming Pool, Jacuzzi, Sauna, Steam Room, Day Care Center, Kids Play Area, Lawn or Garden, Barbeque Area, Cafeteria or Canteen, Broadband Internet, Satellite/Cable TV, Intercom, Maids Room, Freehold","https://www.bayut.eg/en/property/details-503276483.html","2026-04-21 00:00:00","bayut","2026-05-09 14:25:27.565","2026-05-09 20:39:35.451593"
1925,"0cf3ed6a9d0b3641715336be56bef034",33500000,"Uptown Cairo, Mokattam, Cairo","Lowest Price Fully Finished Twinhouse Ready To Move Prime Location in Uptown Cairo By Emaar","4",4,300,"Villa","Unfurnished","Pets Allowed, Electricity Meter, Water Meter, Natural Gas, Balcony or Terrace, Completion Year, First Aid Medical Center, Lawn or Garden, Security Staff, Laundry Room, Maids Room","https://www.bayut.eg/en/property/details-503083944.html","2026-04-26 00:00:00","bayut","2026-05-09 14:25:27.785","2026-05-09 20:39:35.841445"
1926,"41f520b5bf586b6aaa45a50fc20cfc0c",5000000,"Shorouk City, Cairo","Villa for sale in Corner, the old price in the Minister's Square, ready for immediate delivery.","5",4,223,"Villa","Unfurnished","Built in Kitchen Appliances, Covered parking, Pets Allowed, Electricity Meter, Water Meter, Natural Gas, Landline, First Aid Medical Center, Gym or Health Club, Facilities for Disabled, Swimming Pool, Jacuzzi, Sauna, Steam Room, Day Care Center, Kids Play Area, Lawn or Garden, Barbeque Area, Cafeteria or Canteen","https://www.bayut.eg/en/property/details-503404582.html","2026-04-22 00:00:00","bayut","2026-05-09 14:25:28.005","2026-05-09 20:39:36.262333"
1927,"bf0fa4a9f7762600fa52f31c1f74f7ff",21000000,"Madinaty, Cairo","THE BEST DEAL VILLA FOR SALE IN MADINATY","4",4,260,"Villa","Unfurnished","Covered parking, Pets Allowed, Lawn or Garden, Barbeque Area","https://www.bayut.eg/en/property/details-503424607.html","2026-04-26 00:00:00","bayut","2026-05-09 14:25:28.223","2026-05-09 20:39:36.671352"
1928,"f504b8eeb5fc9dc937b2b0076ffb0a34",13800000,"Eastown Compound, 5th Settlement, New Cairo, Cairo","Fully Finished Apartment for sale in EASTOWN new cairo Ready to move","2",3,133,"Apartment","","Built in Kitchen Appliances, Covered parking, Pets Allowed, Electricity Meter, Water Meter, Natural Gas, Landline, Balcony or Terrace, Lobby in Building, Prayer Room, Gym or Health Club, Swimming Pool, Jacuzzi, Kids Play Area, Lawn or Garden, Barbeque Area, Laundry Room","https://www.bayut.eg/en/property/details-503317669.html","2026-05-03 00:00:00","bayut","2026-05-09 14:25:28.437","2026-05-09 20:39:37.061326"
1929,"58621d1fcc40f4a5af6b8cf906833d3a",33981296,"Saada compound, 3rd Settlement, New Cairo, Cairo","Hot Deal | Standalone Villa for Sale in SAADA Compound | Below Market Price","4",5,354,"Villa","Unfurnished","","https://www.bayut.eg/en/property/details-503395266.html","2026-04-20 00:00:00","bayut","2026-05-09 14:25:28.656","2026-05-09 20:39:37.821459"
1930,"cf11271b0cdf1b43539d15170d5d692d",19500000,"Lake view Residence Compound, 5th Settlement, New Cairo, Cairo","Ready to move 3 bedroom Semi finished apartment prime location on the biggest pool bahary in lakeview residence new Cairo developed by El hazek group","3",3,215,"Apartment","Unfurnished","Balcony or Terrace, Swimming Pool, Covered parking, Security Staff","https://www.bayut.eg/en/property/details-503437153.html","2026-04-28 00:00:00","bayut","2026-05-09 14:25:28.877","2026-05-09 20:39:38.230989"
1931,"e12cc14789572e11f1073f27f84308e4",38500000,"Hyde Park New Cairo Compound, 5th Settlement, New Cairo, Cairo","Last palace for sale, very large area of 1268 meters, very upscale in the Fifth Settlement, Hyde Park on Al-Teseen Street next to Mivida, Zed East, American University.","11",11,1268,"Villa","Unfurnished","","https://www.bayut.eg/en/property/details-502541625.html","2026-04-22 00:00:00","bayut","2026-05-09 14:25:29.105","2026-05-09 20:39:38.65168"
1932,"1883f34baffd469531f3477255747726",2201500,"Obour City, Cairo","Own your 95 sqm ground floor apartment with a private garden at a 15% discount in Sitalia Compound in Al Obour with installments up to 7 years.","2",2,95,"Apartment","Unfurnished","Pets Allowed, Electricity Meter, Water Meter, Natural Gas, Landline, Balcony or Terrace, Lobby in Building, Elevators in Building: 1, Service Elevators, Flooring, Total Floors: 5, First Aid Medical Center, Gym or Health Club, Facilities for Disabled, Swimming Pool, Day Care Center, Kids Play Area, Lawn or Garden, Cafeteria or Canteen, Maintenance Staff, Cleaning Services, Security Staff, CCTV Security, Satellite/Cable TV, 24 Hours Concierge","https://www.bayut.eg/en/property/details-502519060.html","2026-04-20 00:00:00","bayut","2026-05-09 14:25:29.35","2026-05-09 20:39:39.111032"
1933,"39787ae7860c96ab86049ae858870b3e",50000000,"Hyde Park New Cairo Compound, 5th Settlement, New Cairo, Cairo","A 1287-meter palace in New Cairo is for sale at the lowest price on the market.","8",10,1287,"Villa","","Built in Kitchen Appliances, Covered parking, Electricity Backup, Pets Allowed, Electricity Meter, Centrally Air-Conditioned, Central Heating, Double Glazed Windows, Storage Areas, Natural Gas, Landline, Central A/C & heating, First Aid Medical Center, Gym or Health Club, Swimming Pool, Jacuzzi, Sauna, Steam Room, Day Care Center, Kids Play Area, Lawn or Garden, Barbeque Area, Cafeteria or Canteen, Waste Disposal, Maintenance Staff, Cleaning Services, Business Center, Conference Room, Security Staff, CCTV Security, 24 Hours Concierge, Maids Room","https://www.bayut.eg/en/property/details-503397510.html","2026-04-20 00:00:00","bayut","2026-05-09 14:25:29.57","2026-05-09 20:39:39.832112"
1934,"3a42aa58c77796191efa4006fad2d40d",5370000,"Zahraa Al Maadi, Cairo","A Golden Investment Opportunity in the Heart of Zahraa El Maadi – A Location That Can’t Be Repeated!","2",1,64,"Apartment","Unfurnished","Electricity Backup, Electricity Meter, Centrally Air-Conditioned, Central Heating, Water Meter, Double Glazed Windows, Natural Gas, Landline, Central A/C & heating, Balcony or Terrace, Elevators in Building: 8, Completion Year: 3, Total Floors: 3, Lawn or Garden, Waste Disposal, Maintenance Staff, Cleaning Services, Business Center, Conference Room, Security Staff, CCTV Security, Broadband Internet, Satellite/Cable TV, Intercom, 24 Hours Concierge, View, Freehold","https://www.bayut.eg/en/property/details-503412192.html","2026-04-23 00:00:00","bayut","2026-05-09 14:25:29.793","2026-05-09 20:39:40.633944"
1935,"5b3cca51ef88554ea85fecb3fed1e30e",4357500,"New Obour City, Obour City, Cairo","Own your 165m apartment in Citalia in Al-Obour with installment over 7 years","3",3,165,"Apartment","Unfurnished","Covered parking, Pets Allowed, Electricity Meter, Water Meter, Natural Gas, Landline, Balcony or Terrace, Elevators in Building: 1, Service Elevators, Flooring, Total Floors: 5, First Aid Medical Center, Gym or Health Club, Facilities for Disabled, Swimming Pool, Day Care Center, Kids Play Area, Lawn or Garden, Cafeteria or Canteen, Maintenance Staff, Cleaning Services, Security Staff, CCTV Security, 24 Hours Concierge","https://www.bayut.eg/en/property/details-502328191.html","2026-04-21 00:00:00","bayut","2026-05-09 14:25:30.014","2026-05-09 20:39:41.30176"
1936,"6fe8f6bce678fd51edaa4e81e3195986",13900000,"Mountain View Hyde Park Compound, 5th Settlement, New Cairo, Cairo","Open view ready to move 3 bedrooms Ivilla roof for sale in Mountain view Hyde park compound 5th settlement new cairo","3",4,300,"Duplex","Unfurnished","Built in Kitchen Appliances, First Aid Medical Center, Gym or Health Club, Swimming Pool, Jacuzzi, Sauna, Steam Room, Day Care Center, Kids Play Area, Lawn or Garden, Barbeque Area, Cafeteria or Canteen, Shared Kitchen, Laundry Room, Laundry Facility","https://www.bayut.eg/en/property/details-503483000.html","2026-05-07 00:00:00","bayut","2026-05-09 18:51:29.999","2026-05-09 20:39:42.251478"
1937,"47eb8ea678a188b09e500ec1e7ab5828",45000000,"Stei8ht Compound, 1st Settlement, New Cairo, Cairo","Lavish Villa For Sale In STEI8HT New Cairo - By LMD - Prime Location","5",6,520,"Villa","Unfurnished","Pets Allowed, Balcony or Terrace, Gym or Health Club, Swimming Pool, Jacuzzi, Kids Play Area, Lawn or Garden, Barbeque Area, Maintenance Staff, Laundry Room, Maids Room","https://www.bayut.eg/en/property/details-503481761.html","2026-05-07 00:00:00","bayut","2026-05-09 18:51:31.134","2026-05-09 20:39:43.091633"
1938,"c4d652a40b1886d8974fbec98e8820c0",6450000,"Taj City Compound, 1st Settlement, New Cairo, Cairo","Apartment for sale, 3 bedrooms, in Fifth Settlement, Taj City. Cash price or installments over 12 years with 0% down payment through Madinet Misr | Ne","3",3,132,"Apartment","Unfurnished","Built in Kitchen Appliances, Covered parking, Pets Allowed, Electricity Meter, Natural Gas, Landline, Gym or Health Club, Swimming Pool, Jacuzzi, Day Care Center, Kids Play Area, Lawn or Garden, Barbeque Area, Cafeteria or Canteen, Business Center, Conference Room, Security Staff, CCTV Security, Laundry Room, Laundry Facility","https://www.bayut.eg/en/property/details-503484119.html","2026-05-08 00:00:00","bayut","2026-05-09 18:51:31.484","2026-05-09 20:39:43.511504"
1939,"c748cd11220071ee2ae42bff7d68b1ee",7010000,"Mountain View iCity Compound, 5th Settlement, New Cairo, Cairo","Apartment For Sale 3 Bdr Lowest Down Payment And Installments Prime Location Direct Lagoon View In Mountain View iCity Fifth Settlement New Cairo","3",3,155,"Apartment","Unfurnished","Balcony or Terrace, Covered parking, Pets Allowed, Day Care Center, Kids Play Area","https://www.bayut.eg/en/property/details-503247265.html","2026-05-08 00:00:00","bayut","2026-05-09 18:51:31.934","2026-05-09 20:39:43.991681"
1940,"e14eb84adda3496bfaaaeaf6d01fcf00",29000000,"Palm Hills Katameya Extension Compound, 5th Settlement, New Cairo, Cairo","Villa at the lowest price, 380m, immediate delivery, directly on the landscape, 4 rooms, in a very special location (for a limited time)","4",5,380,"Villa","Unfurnished","Gym or Health Club, Jacuzzi, Kids Play Area, Lawn or Garden, Maintenance Staff, Cleaning Services, Security Staff, CCTV Security","https://www.bayut.eg/en/property/details-503481567.html","2026-05-07 00:00:00","bayut","2026-05-09 18:51:32.434","2026-05-09 20:39:44.441746"
1941,"188f6e7b269249a9c54de1d82388bc45",25000000,"Al Maqsad, New Capital City, Cairo","Fully finished standalone villa for immediate delivery in Al Maqsad, New Capital. 590 sqm land, open view on wide garden & Iconic Tower. Prime R3 loca","6",6,590,"Villa","Unfurnished","Covered parking, Pets Allowed","https://www.bayut.eg/en/property/details-502718672.html","2026-05-07 00:00:00","bayut","2026-05-09 18:51:33.021","2026-05-09 20:39:45.241519"
1942,"4c7a8c5e7cf02dc5636659941101a304",36000000,"Madinaty, Cairo","Independent villa model X, 320 sqm with swimming pool for sale in Madinaty","3",3,320,"Villa","Unfurnished","Covered parking, Balcony or Terrace, Gym or Health Club, Swimming Pool, Lawn or Garden, Barbeque Area, 24 Hours Concierge","https://www.bayut.eg/en/property/details-503486022.html","2026-05-09 00:00:00","bayut","2026-05-09 18:51:34.004","2026-05-09 20:39:45.832171"
1943,"94570f6c8ce059f512d84aed90adf7b1",5800000,"Sarai, Mostakbal City, Cairo","Apartment for sale in Sarai, Madinat Misr, with a 50% cash discount or installments over 12 years with 0% down payment, in the heart of Mostakbal City","3",3,157,"Apartment","Unfurnished","Built in Kitchen Appliances, Covered parking, Pets Allowed, Electricity Meter, Water Meter, Natural Gas, Landline, Day Care Center, Kids Play Area, Lawn or Garden, Barbeque Area, Cafeteria or Canteen, Business Center, Conference Room, Security Staff","https://www.bayut.eg/en/property/details-503484061.html","2026-05-08 00:00:00","bayut","2026-05-09 20:28:35.188","2026-05-09 20:39:46.511682"
1944,"7780f5fb82ca1cd25c4feeb2aeeee090",95000000,"City Gate Compound, 5th Settlement, New Cairo, Cairo","1st Row Golf Villa at lunch price In New Cairo || Over 8 YEARS || 5Bedrooms Villa || Prime Location - Golden Square","5",6,700,"Villa","Unfurnished","Built in Kitchen Appliances, Furnished, Covered parking, Electricity Backup, Centrally Air-Conditioned, Central Heating, Water Meter, Double Glazed Windows, Storage Areas, Natural Gas, Landline, Study Room, Central A/C & heating, Balcony or Terrace, Lobby in Building, Service Elevators, Prayer Room, Reception/Waiting Room, Gym or Health Club, Facilities for Disabled, Swimming Pool, Jacuzzi, Sauna, Day Care Center, Kids Play Area, Lawn or Garden, Cafeteria or Canteen, Waste Disposal, Maintenance Staff, Cleaning Services, Business Center, Conference Room, Security Staff, CCTV Security, Shared Kitchen, Laundry Room, Laundry Facility, Broadband Internet, Satellite/Cable TV, Intercom, 24 Hours Concierge, Maids Room, Freehold","https://www.bayut.eg/en/property/details-503483470.html","2026-05-07 00:00:00","bayut","2026-05-09 20:28:36.39","2026-05-09 20:39:47.112275"
1945,"a04c498e895b1089a7ddc19b36a695fc",4015000,"Taj City Compound, 1st Settlement, New Cairo, Cairo","ready to move Studio with private roof direct on lake with open view in a unique waterfront location","Studio",1,61,"Apartment","Unfurnished","Pets Allowed, Electricity Meter, Natural Gas, Landline, Balcony or Terrace, Service Elevators, Gym or Health Club, Kids Play Area, Lawn or Garden, Security Staff, Laundry Room, Broadband Internet, Satellite/Cable TV, Intercom, ATM Facility","https://www.bayut.eg/en/property/details-503459016.html","2026-05-07 00:00:00","bayut","2026-05-09 20:28:36.709","2026-05-09 20:39:47.701883"
1946,"06346272999a6d1aab981aa168c261c2",30265000,"Taj City Compound, 1st Settlement, New Cairo, Cairo","ready to move Standalone villa direct on lake in Taj Ville for sale in Taj city Taj ville new Cairo developed by Madint Masr","3",4,270,"Villa","Unfurnished","Balcony or Terrace, Covered parking, Lawn or Garden, Security Staff","https://www.bayut.eg/en/property/details-503396774.html","2026-05-07 00:00:00","bayut","2026-05-09 20:28:37","2026-05-09 20:39:48.272207"
